{"type":"FeatureCollection","features":[{"type":"Feature","id":1,"geometry":{"type":"MultiLineString","coordinates":[[[28.823801976947959,41.205410276974419],[28.824157718783624,41.197833724174131],[28.82435565267501,41.192663531871197],[28.824360754207529,41.192407721692632],[28.824356480921704,41.192151901726696],[28.824342834614228,41.19189627003815],[28.824319826963173,41.19164102131495],[28.824287474138206,41.191386350924077],[28.824245802190518,41.191132455587528],[28.82419484345937,41.19087952797436],[28.824134636572406,41.190627763460547],[28.824065227343674,41.190377353368945],[28.823986668773738,41.190128491053336],[28.82389902284643,41.189881367166322],[28.823802356037007,41.189636168983156],[28.823696742007385,41.189393087837743],[28.823582261605889,41.18915230695459],[28.823459003765741,41.188914011588658],[28.823327061911762,41.188678385645204],[28.823186537553539,41.18844560829973],[28.823037539387272,41.188215858053958],[28.822880180600642,41.187989311383483],[28.822714582466208,41.187766142737914],[28.822540871646456,41.18754652048429],[28.822359181092047,41.187330615019597],[28.82216965094014,41.187118591334055],[28.821972424022899,41.186910611715206],[28.812409672770478,41.177113837705036],[28.812162191401285,41.176854335877216],[28.811922310677694,41.176590790335453],[28.811690147380737,41.17632332949951],[28.811465812901449,41.17605208111442],[28.811249415037722,41.175777176983502],[28.811041057994078,41.175498750940143],[28.810840841483564,41.175216934791095],[28.810648864320829,41.174931865077774],[28.810465216337413,41.174643679019795],[28.810289987364829,41.174352517219539],[28.810123260946405,41.174058518929087],[28.809965118828845,41.173761824755005],[28.809815634673974,41.173462579363267],[28.809674882143696,41.173160926069549],[28.809542929509913,41.172857010896948],[28.809419838756433,41.172550979870799],[28.809305669172026,41.172242981047575],[28.809200476452251,41.171933163162684],[28.8091043118011,41.171621673601543],[28.809017220134301,41.171308665838289],[28.808939243672686,41.170994286587685],[28.808870419247192,41.170678691358027],[28.808810780993792,41.170362029574513],[28.808760357658581,41.170044454722571],[28.808719171699458,41.169726120966708],[28.808687245574248,41.16940717909327],[28.80866459275774,41.169087785977702],[28.808651224029671,41.168768093088481],[28.80864714477995,41.168448256630775],[28.808652359500204,41.168128428755303],[28.808666862800443,41.167808763644594],[28.808690649290849,41.167489416836467],[28.808723706395007,41.167170542519528],[28.808766019739821,41.16685229218016],[28.808817566867468,41.16653482068908],[28.808878323523388,41.16621828021492],[28.808948259164886,41.165902824957961],[28.809027342350927,41.165588605063846],[28.809115533555637,41.165275772709833],[28.810171210321307,41.161722671013557],[28.810240458751625,41.161474212447281],[28.810300965675921,41.161224453755068],[28.81035268528008,41.160973570085979],[28.810395583428171,41.160721738620687],[28.810429629577428,41.160469135866272],[28.810454798575041,41.16021593900863],[28.810471075149682,41.159962327265568],[28.8104784458266,41.159708478504804],[28.810476906114211,41.159454570597021],[28.810466457809135,41.159200784120735],[28.810447108097918,41.158947294923131],[28.810418870455262,41.158694283588353],[28.810381764644156,41.158441926645352],[28.810335817613979,41.158190401978416],[28.810281061704167,41.157939887474612],[28.810217534643897,41.157690557641835],[28.810145282247284,41.157442589696068],[28.810064353921643,41.157196156121493],[28.809974808955801,41.156951431433704],[28.809876707536908,41.15670858812183],[28.809770121530136,41.156467794619232],[28.809655125495667,41.156229223419686],[28.809531798485249,41.155993040932124],[28.809400229432093,41.155759412891094],[28.809260509964375,41.155528503680642],[28.809112737998475,41.155300476333984],[28.808957019535544,41.155075490504423],[28.807684661936797,41.153294999227754],[28.807539522932956,41.153084827576556],[28.807402315154786,41.152871636512842],[28.807273146400082,41.152655593076538],[28.80715212267005,41.152436873779138],[28.807039339186129,41.152215652428289],[28.80693488667816,41.151992106215957],[28.806838849587766,41.151766413688847],[28.806751304271739,41.151538757454446],[28.806672319900379,41.151309320122586],[28.806601961152381,41.151078284305534],[28.806540283723297,41.150845834647129],[28.806487336122142,41.150612159175957],[28.806443162366339,41.150377444570267],[28.806407796591941,41.150141878187391],[28.806381266646667,41.149905650092897],[28.806363594988397,41.149668949002425],[28.80635479599016,41.149431964310601],[28.806354875041908,41.149194886091287],[28.806363832143631,41.148957904420968],[28.806381661007055,41.148721210055498],[28.8064083463609,41.148484991047553],[28.806833664511959,41.145259240099875],[28.806871830335105,41.144936754162984],[28.806901361551752,41.144613750487885],[28.806922246483801,41.14429036165712],[28.806934477046386,41.143966718902988],[28.806938047849652,41.143642956166296],[28.806932957995226,41.143319204008009],[28.80691920838149,41.1429955970506],[28.806896807093267,41.142672265860334],[28.806865761317049,41.14234934235899],[28.806826085425879,41.142026960500374],[28.806777795589475,41.1417052508585],[28.806720909774107,41.141384344009872],[28.806655453132606,41.141064373239544],[28.806581452614445,41.140745468452629],[28.806498937864021,41.140427760233123],[28.804743751969735,41.134012823026168],[28.804690141411893,41.133800186324621],[28.804645331648913,41.1335863885799],[28.804609369393145,41.133371637494854],[28.804582287882248,41.133156142128136],[28.804564113167437,41.132940112894396],[28.804554865011582,41.132723759534436],[28.804554550601235,41.132507294498161],[28.804563168139762,41.132290926855319],[28.804580714033865,41.132074867708191],[28.804607166724058,41.131859328161894],[28.804642502854051,41.131644517294411],[28.804686687389619,41.131430644863038],[28.804739677211604,41.131217919274647],[28.804801419319411,41.131006546908786],[28.804871855322524,41.130796734147737],[28.804950915152343,41.130588686022861],[28.805038523350436,41.130382604185101],[28.805134593678492,41.130178689610929],[28.805239031813439,41.129977140572763],[28.805351736245616,41.129778153991843],[28.805472597380568,41.129581922731809],[28.805601497539008,41.129388639658139],[28.805738310956787,41.129198490872035],[28.805882904683223,41.12901166247628],[28.806035137682844,41.128828337192068],[28.806194862631919,41.128648692329122],[28.806361920528708,41.128472903844994],[28.806536151472983,41.128301140932223],[28.80671738658156,41.128133573460872],[28.806905447089651,41.127970363858878],[28.809542582760233,41.125752432856245],[28.809855364464074,41.125484056740135],[28.81016105037547,41.125211047668351],[28.81045952281514,41.124933511821958],[28.810750661408811,41.124651558089546],[28.811034354765436,41.124365298067396],[28.811310489697249,41.124074843352929],[28.811578957508136,41.123780308928154],[28.811839655790092,41.123481809099715],[28.812092479440295,41.12317946223579],[28.812337328745691,41.122873386705962],[28.81257411117986,41.122563703588327],[28.812802730623034,41.122250532609094],[28.81302309814204,41.121933998233317],[28.813235128396848,41.121614224927839],[28.813438737844198,41.121291336484724],[28.813633845635717,41.120965461435084],[28.813820377211183,41.120636726282022],[28.813998257112168,41.120305261591113],[28.814167416168402,41.119971196576799],[28.814327790599446,41.119634662485907],[28.81447931482829,41.119295791921381],[28.814621930464483,41.118954718165206],[28.814755581812442,41.118611573148421],[28.814880216769932,41.118266494218723],[28.814995785031225,41.117919614665929],[28.815102241680584,41.11757107251983],[28.815199547192179,41.117221003782682],[28.815287662040067,41.116869545813145],[28.815366552088339,41.11651683529594],[28.815436185895908,41.116163012979257],[28.815496536513308,41.115808216907119],[28.815547581482711,41.115452586480089],[28.815589299244486,41.115096260424956],[28.815621674527343,41.114739379501835],[28.815644693856498,41.11438208312029],[28.81565834914711,41.11402451204647],[28.815662635907657,41.113666807049682],[28.815657551443156,41.113309108225387],[28.81564309934685,41.112951555672169],[28.815619283212033,41.112594288814805],[28.815586113818512,41.112237449111667],[28.815543604640929,41.111881177347179],[28.815491770950739,41.111525611601664],[28.813398045958476,41.098358948104462],[28.813361003927731,41.098100134378249],[28.813332078175563,41.09784072796942],[28.813311285770009,41.097580876448696],[28.81329863749081,41.097320725358415],[28.81329413872788,41.097060420243089],[28.813297793972765,41.096800108003421],[28.813309601428852,41.09653993418862],[28.813701435775993,41.090122703750893],[28.813716785289262,41.089801523644006],[28.81372362865509,41.089480174736714],[28.813721962280237,41.089158787697059],[28.813711787063014,41.088837489133368],[28.813693107495006,41.088516409718736],[28.813665932559339,41.088195677420565],[28.813630271239202,41.087875422240003],[28.813586139704224,41.0875557701182],[28.81295107212086,41.083362562012361],[28.812920496163525,41.083129632054195],[28.812899224057624,41.082896108118788],[28.81288727556603,41.082662206199885],[28.812884660570209,41.082428138231549],[28.812891383561823,41.082194116150937],[28.812907436455916,41.081960355283712],[28.812932804879551,41.081727066218868],[28.812967466374793,41.081494464288184],[28.813011389500605,41.081262758732336],[28.813064531137865,41.081032160826332],[28.813126847269146,41.080802883202253],[28.813198277707283,41.080575131723798],[28.813278757773578,41.080349114965998],[28.813368215602829,41.080125039475185],[28.815181219763762,41.07581926803045],[28.815275781820453,41.075583461049149],[28.815361702084104,41.075345766566251],[28.815438914977726,41.075106368758185],[28.815507362110797,41.074865447740535],[28.815566989584401,41.074623189049142],[28.815617754279444,41.074379775513606],[28.815659615771683,41.074135394706637],[28.815692543518427,41.073890232172047],[28.815716510570184,41.073644474133637],[28.815731500757352,41.073398309526731],[28.81573750330006,41.073151925935107],[28.815734511011854,41.07290551094534],[28.815722528384278,41.072659252146785],[28.815701564400509,41.072413337131714],[28.815671633433553,41.072167954849526],[28.815632760636255,41.071923290866309],[28.815584974754721,41.071679533459907],[28.815528312619872,41.071436867524696],[28.814368781624164,41.066841870560999],[28.814323120258269,41.066676239704336],[28.814270049587911,41.066511879012566],[28.814209630698532,41.066348978134826],[28.814141933658735,41.066187723335503],[28.8140670366219,41.06602830358996],[28.81398502762298,41.065870901779682],[28.813896000086771,41.065715700110282],[28.813800054624515,41.065562876725259],[28.813697307118968,41.06541260841491],[28.812417621064132,41.063616468268748],[28.812299178193896,41.063443025952097],[28.812188821957864,41.063266555575709],[28.812086685306717,41.063087272502237],[28.811992895801161,41.062905394805632],[28.811907565730635,41.062721147335154],[28.811830801096338,41.062534752910324],[28.811762695323058,41.062346441803506],[28.811703329259213,41.062156443612324],[28.811652779261546,41.061964989291376],[28.811611104618866,41.061772314539347],[28.811578355636879,41.061578655057474],[28.811529313012276,41.061241978876922]],[[28.823700328082001,41.205428203891486],[28.823693178390638,41.205680731284403],[28.823695443941784,41.205933310418636],[28.823707120243856,41.206185742596055],[28.823728201906938,41.206437825742441],[28.8237586682698,41.206689360489882],[28.82379849777287,41.20694014882536],[28.823847658076797,41.207189990035452],[28.823906109655699,41.207438688816396],[28.823973809390456,41.207686045136647],[28.824050699788881,41.207931865049922],[28.82413672335883,41.208175953261161],[28.824231809133334,41.208418116505484],[28.824335883450555,41.208658162196649],[28.824448864563838,41.20889590113007],[28.824570660845001,41.209131143427754],[28.824701177970955,41.209363704620841],[28.824840312635427,41.209593398890981],[28.824987952548991,41.209820044476977],[28.82514398272734,41.210043462998861],[28.825308279202915,41.210263476078417],[28.825480710821704,41.210479908718447],[28.825661142836406,41.210692591329881],[28.825849430618266,41.210901354325181],[28.826045427741914,41.211106032172964],[28.826248975205498,41.211306463398117],[28.826459914007263,41.211502487202196],[28.826678076162192,41.211693951573338],[28.826903289193844,41.211880701121338],[28.827135375235684,41.212062590593654],[28.827374150133146,41.212239474738261],[28.82761942254508,41.212411213034002],[28.827871002028601,41.212577669690404],[28.832684478053139,41.215672902163355],[28.833084075641001,41.215934451706723],[28.83347752066744,41.216201268261628],[28.83386468916499,41.216473270675259],[28.834245462556073,41.216750375092126],[28.834619721364675,41.217032494953941],[28.834987350606493,41.217319543026967],[28.835348236195468,41.217611430726464],[28.835702265842201,41.217908066765339],[28.836049329952232,41.218209360532818],[28.836389322524347,41.218515218715837],[28.83672213755732,41.218825545975136],[28.837047670846591,41.219140246296405],[28.837365822679207,41.2194592229908],[28.837676493342137,41.219782376667581],[28.837979586715608,41.22010960861293],[28.838275011171532,41.220440814708532],[28.838562672386765,41.220775895567449],[28.83884248232641,41.221114745047089],[28.839114353853866,41.221457260384888],[28.839378203425873,41.221803333414286],[28.839633948397367,41.222152859348853],[28.839881509716609,41.222505727322783],[28.840120811026836,41.222861830526149],[28.840351777767854,41.223221057421107],[28.840574338074443,41.223583297147634],[28.84078842277631,41.223948436820571],[28.840993967194809,41.224316364908425],[28.841190904854553,41.224686965827694],[28.841379176466727,41.225060126024268],[28.84155872364089,41.225435729919276],[28.841729490681459,41.225813660585025],[28.841891421892878,41.22619380109623],[28.842044470562762,41.226576033854485],[28.842188587283804,41.226960241263868],[28.842323727140222,41.227346303704202],[28.842449849707773,41.227734101558042],[28.842566913664029,41.228123514534829],[28.844107871126006,41.233469489082658],[28.847084094765162,41.243792334616934],[28.847115632818156,41.243889657241645],[28.847153993575741,41.243985584914363],[28.847199068341773,41.24407984678561],[28.847250732250373,41.244172178086473],[28.847308837079598,41.244262317426504],[28.847373221132631,41.244350012197408],[28.847443702949832,41.244435014520072],[28.847520082206845,41.244517085297126],[28.847602146002988,41.244595994212965],[28.847689661674615,41.244671517031414],[28.847782383083288,41.244743443025918],[28.847880049717617,41.244811568224613],[28.847982384896461,41.244875701489207],[28.848089102057283,41.244935661813166],[28.848199899366087,41.244991280347747],[28.848314466005878,41.245042400401779],[28.848432477684735,41.245088878792629],[28.848553602924401,41.245130583144039],[28.848677500365007,41.245167397289599],[28.848803821460251,41.245199216544506],[28.84893220957898,41.245225951758279],[28.848943084583809,41.245227975372146],[28.849861573334252,41.245398852988799]]]},"properties":{"objectid_12":1,"objectid":1,"metin":"ERİŞME KONTROLLÜ KARAYOLU (OTOYOL)","durum_2016":"MEVCUT","durum_2025":"MEVCUT","adi":"KUZEY MARMARA OTOYOLU (3. BOĞAZ KÖPRÜSÜ DAHİL)","shape_leng":20537.938555600002,"SHAPE__Length":29304.877417547657}},{"type":"Feature","id":3,"geometry":{"type":"LineString","coordinates":[[28.563290082819261,41.017991538701914],[28.564036007898565,41.01947114199983],[28.564078846757852,41.019565714804372],[28.564113038434176,41.019662286879523],[28.564138419434233,41.019760406148002],[28.5641548738753,41.019859610368556],[28.564162321807299,41.01995943459179],[28.564160729992611,41.020059411837678],[28.564150105617738,41.02015907106248],[28.564130496293433,41.020257945969625],[28.564101997241014,41.020355572298598],[28.564064740512929,41.020451492569173],[28.564018900382312,41.020545254725718],[28.563964694241424,41.020636421625561],[28.563902372720289,41.020724562905713],[28.563832231364589,41.020809267859946],[28.5637545971611,41.020890135950019],[28.563669835724141,41.020966789004738],[28.559830444284668,41.024206473034624],[28.559765785347121,41.024257693593377],[28.559698052374706,41.024306584798715],[28.559627390894452,41.024353037543527],[28.55772034300475,41.025640521121623],[28.55752181442865,41.025778756193624],[28.557328995544498,41.02592155122197],[28.557142067811981,41.02606877199257],[28.556961209097487,41.026220276837009],[28.556786590979328,41.02637592476492],[28.556618377849109,41.026535566654331],[28.556456728708682,41.02669905202832],[28.556301798966576,41.026866226344907],[28.556153732353227,41.027036930996708],[28.556012669904177,41.027211006022092],[28.555878747264963,41.027388283328413],[28.55575208930151,41.027568597534938],[28.555632816387959,41.027751777840997],[28.555521041712112,41.027937649381272],[28.555416870376803,41.028126037292175],[28.55462041685939,41.029630926905348],[28.554530175699199,41.029809395800136],[28.554447282758037,41.02998989786466],[28.55437181798597,41.030172259601997],[28.554303855044836,41.030356304128837],[28.554243458613346,41.030541856596564],[28.554190686183659,41.03072873741494],[28.553777858208317,41.032310152504706],[28.553733418551204,41.032463864269864],[28.553680754817698,41.032616078788017],[28.553619953245988,41.032766544668902],[28.553551113549151,41.032915011201972],[28.553474351609808,41.03306123377731],[28.553389793192093,41.033204968464759],[28.553297578433249,41.03334597878986],[28.55319786184344,41.03348403031265],[28.552072721950083,41.034969038435221],[28.551986581599177,41.035088930779203],[28.551907687957659,41.035211650549819],[28.551836205417256,41.03533694566282],[28.55177227770838,41.035464560647355],[28.551716037781699,41.035594234613733],[28.551667598824942,41.035725700575433],[28.551188667421119,41.037149160554833],[28.551150403681586,41.037248613001907],[28.551103302316275,41.037345866542388],[28.551047579819219,41.037440471271658],[28.550983493108525,41.037531988806172],[28.550911340424889,41.037619997704063],[28.550831452348383,41.037704088721654],[28.550744202578095,41.03778387497664],[28.550649990864336,41.037858985849724],[28.550549255585022,41.037929075115187],[28.550320101644239,41.03807795552278],[28.550106687085574,41.038221179884879],[28.549899460122575,41.038369523672038],[28.549698634554264,41.038522831685924],[28.54950441789153,41.038680945340722],[28.549317012255294,41.038843704018312],[28.549136608088361,41.039010936937579],[28.548963394036932,41.039182472640832],[28.548797548865831,41.039358133573138],[28.548639243254865,41.039537738792816],[28.545824919386096,41.042844380372934],[28.545700512600732,41.042995948920897],[28.545582746161912,41.043150526677458],[28.545471744037208,41.043307948983745],[28.545367629295775,41.043468046439379],[28.545270511532078,41.04363064490267],[28.545180497645685,41.043795568878288],[28.545097682857936,41.043962642194941],[28.545022157000435,41.044131683262741],[28.544954002718146,41.044302510493537],[28.542992946316918,41.0495257198072],[28.542931731520209,41.04967605422334],[28.542861812048393,41.049824196731038],[28.54278332714032,41.049969860105044],[28.542696427712997,41.05011275983226],[28.542601282649692,41.050252617498742],[28.542498078799952,41.050389160112111],[28.542387015589807,41.050522122811152],[28.542268310411526,41.050651246155752],[28.542142193233854,41.050776278159155],[28.537389410084806,41.055278210230597],[28.537254946659839,41.05541084873677],[28.537127499975533,41.05554739825704],[28.537007269457909,41.055687648774949],[28.536894441956534,41.055831379436775],[28.536789192642903,41.055978368035504],[28.536691686807021,41.056128386269073],[28.536602074467538,41.056281199063037],[28.536520496659953,41.056436567958052],[28.535008477526542,41.059490348298176],[28.534903902847699,41.059692640017332],[28.53479168170913,41.059892569192385],[28.534671908433996,41.060089972603841],[28.534544680938616,41.060284687033871],[28.534410104325911,41.060476549943665],[28.530658975956353,41.065643094501809],[28.530553742812369,41.065783697357212],[28.530443756682246,41.065922200317225],[28.530329087634556,41.066058511284155],[28.527738134352752,41.069052441394071],[28.527639786795458,41.069169898540629],[28.527546152698431,41.069289541653092],[28.527457320096627,41.069411263036379],[28.527373367143419,41.069534952286915],[28.524673062840407,41.073664829681007],[28.52457566659897,41.07380923754183],[28.52447356049052,41.073951769902301],[28.524366809193744,41.074092338737977],[28.516362196581419,41.084334095144605],[28.516208614312227,41.084537210297036],[28.516062859064142,41.08474360196022],[28.515925053007972,41.084953096090558],[28.515795311128116,41.085165517291884],[28.515673742120718,41.085380689492951],[28.515560447495385,41.085598431207686],[28.515455522473577,41.085818560952092],[28.515359055090169,41.086040893181902],[28.515271126193511,41.086265245063402],[28.515191807648897,41.086491426317316],[28.513648296276571,41.091164131573976],[28.51360528224582,41.091286107636662],[28.512460745030534,41.094336964938293]]},"properties":{"objectid_12":3,"objectid":3,"metin":"BİRİNCİ DERECE YOL","durum_2016":"MEVCUT","durum_2025":"MEVCUT","adi":"MEVCUT OTOYOL","shape_leng":9695.3867032399994,"SHAPE__Length":12874.338254001603}},{"type":"Feature","id":5,"geometry":{"type":"LineString","coordinates":[[29.011227184800806,41.09827482901661],[29.004966058424507,41.100352410540033],[29.004532366178378,41.100492511334288],[29.004095148943065,41.100626199262074],[29.003654574703578,41.100753422915929],[29.003210808749827,41.100874135625247],[29.002764019965177,41.10098829004113],[29.002314376334557,41.101095844228297],[29.001862049436166,41.10119675692679],[29.001407210848271,41.101290989582445],[29.000950033047356,41.101378506347139],[29.000490689408274,41.101459274755413],[29.000029352407598,41.101533263693831],[28.999566200810023,41.101600445431465],[28.999101405295523,41.10166079426628],[28.998635144628757,41.10171428720178],[28.99816759577789,41.101760903947223],[28.997698935711011,41.101800626917324],[28.997229341396217,41.101833441232323],[28.996758992496623,41.101859335395034],[28.996288065081973,41.101878296552172],[28.995816738815314,41.101890322002035],[28.995345192461425,41.101895402948578],[28.994873604785038,41.101893540070272],[28.994402155449208,41.101884732012742],[28.99393102232035,41.101868984188442],[28.993460381468275,41.101846302007822],[28.992990415250979,41.101816692909786],[28.992521301534868,41.101780169746419],[28.99205321549147,41.101736746044516],[28.991586337682133,41.101686436682748],[28.99112084148166,41.101629261952844],[28.990656906553184,41.101565244175298],[28.990194707169827,41.101494406345438],[28.985043564311422,41.100665241926215],[28.98469929396196,41.100612732394218],[28.984353614155786,41.100565823753193],[28.984006683894755,41.100524538353937],[28.983658662180616,41.100488894484187],[28.983309708913549,41.100458910430362],[28.982959984891981,41.100434596354127],[28.982609651812638,41.100415967154426],[28.982258872270609,41.100403029605332],[28.980237193960757,41.100344890481118],[28.980098992645896,41.100339089156833],[28.9799611434706,41.100329648634371],[28.977688808247009,41.10014376564795],[28.977610094268549,41.100136340336199],[28.977531743209472,41.100126972216728],[28.976142449215256,41.09994320138054],[28.975994227193379,41.099925722836502],[28.975845253281594,41.099912401366765],[28.975695729600851,41.099903253897359],[28.972494660341031,41.099752364130111],[28.972194196336357,41.09974069977482],[28.971893465532084,41.09973402852895],[28.971592615251829,41.099732353778734],[28.971291787429497,41.099735674847658],[28.970991129388754,41.099743991734847],[28.967639339892223,41.099864542480283],[28.96733261193506,41.099872508696912],[28.967025711501421,41.099874362155354],[28.966718855085201,41.09987010217931],[28.964571695604892,41.099818877519517],[28.964282131757869,41.099809585848909],[28.963992904779122,41.099795541384125],[28.963704147619264,41.099776750891472],[28.959868193134017,41.099495302406723],[28.959556697817689,41.09946907628688],[28.959246305632494,41.099436201896445],[28.958937266310166,41.099396704272493],[28.958629825989004,41.099350616573233],[28.958324231705742,41.099297974662925],[28.958020725107239,41.099238821173316],[28.957719550535199,41.099173202796138],[28.957420946941482,41.099101171636939],[28.957125155972943,41.099022786568995],[28.956832410293206,41.098938109171861],[28.956542945260892,41.098847207116215],[28.956256992641336,41.09875015348684],[28.955974781504917,41.098647026105837],[28.955696535532194,41.09853790617894],[28.955422477505302,41.098422881680207],[28.955152825714908,41.09830204464464],[28.954887797553276,41.098175491167844],[28.954627602327861,41.098043322760446],[28.954372450244449,41.097905644317272],[28.95412254252566,41.097762566825125],[28.953878082190766,41.097614203301433],[28.953639260580889,41.097460673532971],[28.953406271732163,41.09730210001424],[28.953179298900906,41.097138609301524],[28.952958524445119,41.096970331336145],[28.95274412712952,41.096797400121403],[28.952536274040753,41.096619955076875],[28.950510661109973,41.094840576178605],[28.950280854992307,41.09464378823106],[28.950044541478725,41.094451462443132],[28.949801870587851,41.094263722067538],[28.949552999524915,41.094080686972283],[28.949298087291695,41.093902473640718],[28.949037295584933,41.093729197879497],[28.948770793287903,41.093560968725313],[28.948498751978825,41.093397894537823],[28.948221341439332,41.093240080968513],[28.947938744027368,41.093087627575677],[28.947651138507684,41.092940632563],[28.947358710831544,41.092799189394867],[28.947061644255299,41.092663390180824],[28.946760133713344,41.092533319582685],[28.946454368750199,41.092409062938557],[28.946144546995228,41.092290698815312],[28.945830351343126,41.09220265405412],[28.945513225386595,41.092120842486622],[28.945193385619564,41.092045322359603],[28.944871047637736,41.091976142440352],[28.944546436019923,41.091913352171389],[28.94421976636179,41.091856992192298],[28.943891265038811,41.091807102463903],[28.943561155731462,41.091763716175087],[28.943229661221956,41.091726863127704],[28.942897007885726,41.091696569059678],[28.942563423894871,41.091672853613673],[28.942229134726485,41.091655733045471],[28.941894370349349,41.091645219546571],[28.941559355342211,41.091641320567433],[28.941224320572175,41.09164403746329],[28.94088949421127,41.091653369556354],[28.940555104431617,41.091669310073449],[28.940221376710294,41.091691848177518],[28.93988854101605,41.091720968290176],[28.939556823724363,41.091756650769],[28.939226449414004,41.091798871230537],[28.938897644460436,41.0918476012273],[28.938570632544181,41.091902806893749],[28.938245635549112,41.091964451654441],[28.93466189206308,41.092838157501106],[28.934503398704251,41.0928792419204],[28.934347007403169,41.092924707248599],[28.931682273690463,41.093742169239228],[28.931329993961874,41.093848515336298],[28.930974491078079,41.093948534020676],[28.930615962668416,41.094042171838282],[28.930254610853815,41.094129376010642],[28.929890636856882,41.094210097142494],[28.929524241900243,41.094284291252968],[28.929155633494787,41.09435191571351],[28.928785013761363,41.094412933986682],[28.928412593804158,41.09446731156406],[28.928038577540644,41.094515017320539],[28.927663176973336,41.094556025544847],[28.927286599612959,41.094590313231734],[28.92690905656367,41.094617860758937],[28.926530758929527,41.094638652564093],[28.926151916916329,41.094652677821763],[28.92577274342478,41.094659929089381],[28.925393447762389,41.094660400953146],[28.925014244626432,41.094654093413325],[28.924635344222764,41.094641011206889],[28.924256957655402,41.094621160422662],[28.923879296926795,41.094594552563414],[28.923502573141061,41.094561203191823],[28.923126996503921,41.094521129222471],[28.922752776322863,41.094474354337855],[28.922380121007016,41.094420904249439],[28.91997449106665,41.094053514277142],[28.919691369038546,41.0940068778444],[28.919410251151866,41.093953757751535],[28.919131395223047,41.093894206111841],[28.91885505727199,41.093828276390958],[28.918581493318502,41.093756030853839],[28.918310955789202,41.093677532440822],[28.918043692619158,41.093592856954011],[28.91777995353992,41.093502082224973],[28.914130287186762,41.092194882565558],[28.913750408517721,41.092059959519418],[28.913366790162161,41.091931239736901],[28.912979606393257,41.091808780124268],[28.912589037772328,41.091692637586476],[28.912195263962481,41.091582866995978],[28.911798464626749,41.091479518484654],[28.911398825716422,41.091382638797526],[28.910996530487775,41.0912922733241],[28.910591763095489,41.09120846271297],[28.910184711287446,41.091131247610889],[28.909775562811515,41.091060661892662],[28.909364504517285,41.090996738077017],[28.908951728644208,41.090939506649875],[28.908537423838567,41.090888994709957],[28.908121780543119,41.090845221906719],[28.90770499189567,41.090808211949629],[28.907287249237442,41.090777981776093],[28.906868745706134,41.090754542904953],[28.906449671744603,41.09073790888413],[28.906030223185621,41.090728084458036],[28.905610593166951,41.090725077077067],[28.905190974826379,41.090728886742227],[28.904771560403386,41.090739510744086],[28.904352544832367,41.090756945694316],[28.903934119454508,41.09078118346298],[28.903516480102475,41.090812211856004],[28.903099815422561,41.090850017323163],[28.90082659625676,41.091075006795101],[28.900329207168774,41.09112066429411],[28.899830776933388,41.09115929488167],[28.899331480722065,41.091190884352606],[28.898831492807979,41.091215421884634],[28.898330987464256,41.091232898007213],[28.897830137167485,41.091243308663856],[28.897329117987436,41.091246648441683],[28.896828103298994,41.091242917341845],[28.896327268273573,41.09123211536302],[28.895826786286086,41.091214246563922],[28.895326831609651,41.091189318386157],[28.894827580314082,41.091157339622967],[28.894329203977588,41.091118319065529],[28.893831876873371,41.091072273626978],[28.893335772376265,41.091019215479079],[28.892841062962759,41.09095916626989],[28.892347920211115,41.09089214561407],[28.891856517496223,41.090818176509444],[28.89136702370126,41.090737286013791],[28.890879610404507,41.090649500505926],[28.89039444738755,41.09055485245586],[28.889911702635317,41.09045337297762],[28.889431545031119,41.090345099276526],[28.888954141661589,41.090230067202093],[28.888479658715063,41.090108318018139],[28.888008261481492,41.089979892986896],[28.887540112556028,41.089844838108021],[28.887075376330305,41.089703200056711],[28.886614214501098,41.089555027537557],[28.886156787866852,41.089400372639005],[28.885703254531034,41.089239290156193],[28.885253772597157,41.089071832851829],[28.884808499270378,41.088898062965818],[28.884367588162636,41.088718037997772],[28.88393119468244,41.088531822893529],[28.883499468848488,41.088339481921011],[28.883072561577702,41.08814108070117],[28.882650621990429,41.087936689593597],[28.882233796512068,41.087726378280003],[28.881822228873084,41.087510221857848],[28.881416063702176,41.087288294747005],[28.881015442034929,41.087060674075076],[28.880620503110151,41.086827438323425],[28.880231385268427,41.086588670712572],[28.879848222358735,41.086344451754542],[28.879471148229996,41.086094868731998],[28.879100294036334,41.085840007573431],[28.87873578913505,41.08557995623854],[28.87837776018868,41.085314806749977],[28.878026332063008,41.085044650453291],[28.877681626030625,41.084769581402888],[28.877343761567431,41.084489695007818],[28.877012859047674,41.084205089386103],[28.876689030760801,41.083915864010642],[28.876372388996199,41.083622117677919],[28.876063046043249,41.083323954602236],[28.875761107903209,41.08302147764455],[28.875466680577269,41.082714791021196],[28.875179864676731,41.082404004366374],[28.87490076171121,41.082089222575959],[28.874629467800453,41.081770557318251],[28.873390122390102,41.080284500880325],[28.873250420888695,41.080111890047213],[28.873116898898118,41.079936501115085],[28.872989652538131,41.079758461365167],[28.872868772538535,41.079577898079712],[28.872754348730922,41.079394943959372],[28.870882065642686,41.076294107581113],[28.870688071762171,41.07598123734013],[28.870485730735989,41.075671408216586],[28.870275127005836,41.075364749597149],[28.870056348606592,41.075061386130017],[28.869829482674856,41.07476144449668],[28.86959462533034,41.074465046640235],[28.869351871794468,41.074172314505191],[28.869101322678581,41.073883369360559],[28.86884308039059,41.073598329767947],[28.868577253626668,41.073317312936005],[28.868303948387979,41.07304043539726],[28.868023280557242,41.072767808945095],[28.867735362423868,41.072499547405442],[28.86744031526036,41.072235760542085],[28.867138258542706,41.071976556764994],[28.866829319831652,41.071722043807874],[28.866513622196404,41.071472325341524],[28.866191297689333,41.071227504360223],[28.865862479261047,41.070987681149731],[28.865527301658872,41.070752955318781],[28.865185903223331,41.070523422412975],[28.864838424091669,41.070299177978129],[28.864485007095929,41.0700803128193],[28.864125797763268,41.06986691841859],[28.863760944315679,41.069659082194654],[28.86339059767014,41.069456888856706],[28.863014908743601,41.069260422436301],[28.862634032046284,41.069069763578256],[28.862248126580013,41.068884990895121],[28.861857346854997,41.068706178935052],[28.86146185816126,41.068533402922775],[28.861061821297252,41.068366734018504],[28.860657400654677,41.068206239317966],[28.860248763320126,41.068051985915751],[28.859836076380294,41.067904036841732],[28.85941951051506,41.067762453770001],[28.853872855606724,41.065927989102832],[28.853523378621851,41.06580855186543],[28.853177833562981,41.065682732297482],[28.8528364261443,41.065550606219077],[28.852499353995217,41.065412248094574],[28.85216681654164,41.065267742546482],[28.851839009616356,41.065117173519205],[28.851516128153779,41.064960630374394],[28.851198358105194,41.064798203827699],[28.850885889913378,41.064629990012392],[28.850578907733034,41.064456087770331],[28.846195227062882,41.061909236254593],[28.846037225082501,41.061821645241373],[28.845874169180352,41.061739533047849],[28.845706390834732,41.061663065641042],[28.845534229608866,41.061592398149877],[28.845358035845667,41.061527676219882],[28.845178167972939,41.061469028562144],[28.844994990706734,41.061416576435896],[28.844808876847853,41.061370424842984],[28.844620204587041,41.061330669300986],[28.844429356606621,41.061297390424556],[28.844236721877074,41.061270653925142],[28.844042691165608,41.061250515352398],[28.843847657035951,41.061237016029835],[28.843652020136741,41.06123018373237],[28.843456172133447,41.061230029299558],[28.843260515471297,41.061236557472732],[28.843065446307353,41.061249751316538],[28.842871360798661,41.061269586442805],[28.842678653305583,41.061296020850669],[28.842487715493622,41.061329003054624],[28.842298934536664,41.061368462601997],[28.842112696710284,41.061414322264937],[28.841929375713644,41.061466487880473],[28.841749347940802,41.061524853769548],[28.841572979006131,41.061589301382341],[28.841400624642461,41.061659697943782],[28.838500684140559,41.062908790209157],[28.838194371205091,41.063036863104102],[28.837883870323775,41.063159024803724],[28.837569382719224,41.063275196772317],[28.837251109614058,41.063385304537057],[28.836929254027545,41.063489276333044],[28.836604021673864,41.063587047167466],[28.836275622758823,41.063678554077882],[28.835944267488166,41.063763737487193],[28.835610167864338,41.063842543235104],[28.835273538584659,41.063914921223663],[28.834934597041446,41.06398082406249],[28.834593557033713,41.064040209778014],[28.834250640445376,41.064093041135891],[28.833906065567,41.064139282931976],[28.833560054282501,41.064178906733297],[28.833212827577388,41.064211886136945],[28.832864610030548,41.064238200833607],[28.832515621729197,41.064257834576047],[28.832166089048773,41.064270771792224],[28.831816236568116,41.06427700774487],[28.831466287069407,41.06427653566287],[28.831116465131444,41.064269358255352],[28.829571778762755,41.064222830727502],[28.82915523445708,41.064214184914242],[28.828739034206166,41.064198753844984],[28.828323368452857,41.064176546997167],[28.827908431233226,41.064147573168952],[28.827494413888459,41.064111845897578],[28.827081510454629,41.064069382781987],[28.826669908679655,41.064020202096444],[28.826259801701315,41.063964328209067],[28.825851379064105,41.06390178616315],[28.825444830312602,41.063832605064121],[28.825040344093008,41.063756816047231],[28.814959747316962,41.061703540986088],[28.814537237299501,41.061621973220795],[28.814112549765781,41.061547167176798],[28.813685871565383,41.061479155389264],[28.8132573949378,41.061417970391396],[28.812827309427547,41.061363636586236],[28.812395806375747,41.061316180406898],[28.811963076225311,41.061275622188418],[28.811529313012276,41.061241978876922],[28.811094709874418,41.061215267416465],[28.810659459949591,41.061195497975532],[28.810223754578931,41.061182680043181],[28.809787790493445,41.061176819719385],[28.809351759034303,41.061177918360826],[28.808915856034286,41.061185976644381],[28.808480273732794,41.061200990503522],[28.808045207064275,41.061222954514754],[28.807610849166526,41.061251856479117],[28.807177391380673,41.06128768555002],[28.806745029539478,41.061330424782717],[28.806313953187463,41.061380055875816],[28.805884355462403,41.061436555106837],[28.805456426807147,41.061499900106156],[28.805030359461149,41.061570060373946],[28.80460633937567,41.061647005408425],[28.80418455699359,41.061730701319242],[28.803765200961067,41.061821111504649],[28.803348455432779,41.061918194619942],[28.802934506359961,41.062021907286464],[28.797508950640143,41.063414498150976],[28.797125007094472,41.063509458923001],[28.796738378484378,41.063597958673682],[28.796349254354439,41.063679955435845],[28.795957824249189,41.063755407240464],[28.795564282204662,41.063824278212671],[28.795168821358704,41.063886532475692],[28.794771633950791,41.063942142955987],[28.794372916711918,41.063991079868799],[28.793972863678263,41.06403331952329],[28.793571673377421,41.064068841613093],[28.793169542540475,41.064097629216477],[28.792766667000176,41.064119666086789],[28.792363245284168,41.064134944103252],[28.791959475021859,41.064143453788255],[28.791555554740867,41.06414519243517],[28.791151682070588,41.064140158012563],[28.790748057335339,41.06412835322822],[28.790344876367826,41.064109784174192],[28.789942337695763,41.064084461004398],[28.789540640745091,41.064052393870611],[28.789139979551965,41.06401359969567],[28.78874055354235,41.063968098109648],[28.788342556752355,41.063915910095211],[28.787946186811332,41.063857062728843],[28.787551635958767,41.063791583762423],[28.787159098230759,41.063719505687011],[28.781746375843078,41.06271892030172],[28.781579593729134,41.062690541874588],[28.781411543193986,41.062666838312879],[28.778883146791927,41.062346596233745],[28.778720916441507,41.062328422912117],[28.778557894675316,41.062314903491036],[28.778394315055355,41.062306052874497],[28.775331674384155,41.062184285826802],[28.773183576164378,41.062184821592588],[28.773008688551592,41.062187139405907],[28.772834009347964,41.062194005470275],[28.768458107189879,41.062423052685944],[28.768047536680839,41.062441171795456],[28.767636545760258,41.062452585389217],[28.767225324870957,41.06245729076138],[28.766814066252437,41.062455283172078],[28.766402959449167,41.062446564652703],[28.765992198497312,41.062431139941893],[28.765581971144702,41.062409015130847],[28.765172469630873,41.062380201049947],[28.764763884398619,41.062344710559643],[28.764356405890787,41.062302561936882],[28.763950222753607,41.062253772102068],[28.763545525429926,41.062198366101477],[28.763142498972641,41.062136366947563],[28.762741332926321,41.062067807133438],[28.758606264604307,41.061325475489049],[28.758201338210231,41.061256276101055],[28.757794525354019,41.06119373960788],[28.757386017376884,41.061137894476651],[28.756976005619972,41.061088767817992],[28.756564682322736,41.061046382676402],[28.756152243317896,41.06101075803052],[28.755738879048323,41.060981911502068],[28.755324787143394,41.060959856646761],[28.754910160740856,41.060944604308986],[28.754495194775121,41.060936160589385],[28.75408008418065,41.060934528877347],[28.753665024790152,41.060939711205442],[28.753250212436352,41.060951706217281],[28.752835839358731,41.060970505781142],[28.752422102288325,41.060996101763131],[28.752009197057866,41.061028483995152],[28.751597315906828,41.061067634856386],[28.751186652871322,41.061113536724001],[28.750777401987449,41.061166167909057],[28.750369753698035,41.061225504688601],[28.749963901140887,41.061291518596327],[28.749560036555447,41.061364177777371],[28.747094944431474,41.061829072173794],[28.746748211799805,41.061890802717315],[28.746399453467141,41.06194560750837],[28.746048909283722,41.061993448633743],[28.745696824489578,41.062034291564949],[28.745343440731531,41.062068109899172],[28.744989004147978,41.062094878586151],[28.744633759978978,41.062114581378601],[28.744277952566296,41.062127200672336],[28.743921830743258,41.062132731052849],[28.743565638851653,41.062131167780592],[28.743209625724763,41.06212251220979],[28.742854036602708,41.062106769756163],[28.742499116725526,41.062083951251928],[28.742145114926572,41.062054072945664],[28.741792272852642,41.062017156502165],[28.741440838438759,41.061973224938804],[28.741091051535125,41.06192231075336],[28.74074315648344,41.061864448473493],[28.740397393133975,41.061799678043378],[28.740054001336841,41.061728044146548],[28.739713219145571,41.061649597560418],[28.739375282817175,41.061564391770069],[28.739040424116912,41.061472486354603],[28.738708877505101,41.061373943600834],[28.738380872052154,41.061268832567187],[28.7380566341335,41.061157225697407],[28.737736387429681,41.061039202207006],[28.737420355621147,41.060914840632869],[28.737108756998555,41.060784228993526],[28.736801806259209,41.060647457338327],[28.736499717202221,41.060504621134399],[28.736202698236653,41.060355818557426],[28.735910954178475,41.060201152523696],[28.735624688046894,41.06004073001305],[28.735344098369573,41.059874662068879],[28.735069378284326,41.059703065153151],[28.734800719132323,41.059526055050142],[28.734538305966471,41.059343757704518],[28.732107085718585,41.057609569086736],[28.731826196003972,41.057413981727862],[28.731539167202691,41.057223569634452],[28.731246165503112,41.057038443264524],[28.730947361585109,41.056858711043702],[28.730642927925199,41.056684477333441],[28.730333040593209,41.056515841753026],[28.730017881947148,41.056352902566609],[28.729697630751712,41.056195754651092],[28.729372475653157,41.056044488140763],[28.7290426052977,41.055899191814625],[28.728708208331504,41.055759950386403],[28.728369480587304,41.055626842472215],[28.728026618796186,41.055499946687334],[28.727679819689165,41.055379336226586],[28.727329285387214,41.055265081574014],[28.726975221604491,41.055157247792977],[28.726617829563658,41.055055897913391],[28.726257318572145,41.054961091576537],[28.725893897039128,41.054872883002879],[28.725527776068667,41.054791323024226],[28.725159166764882,41.054716459083572],[28.724788284723402,41.054648335235129],[28.724415342844988,41.054586989434476],[28.724040558521949,41.054532458957915],[28.723664150044865,41.054484774305756],[28.723286333009398,41.054443963943839],[28.722907327502835,41.05441005091695],[28.722527355408996,41.054383054203022],[28.722146633221918,41.054362991423275],[28.721765383723771,41.054349873422545],[28.72138382790008,41.054343705624255],[28.721002185838138,41.054344494804397],[28.720620681218449,41.054352238253145],[28.72023953143329,41.054366932580933],[28.719858961061483,41.054388569654307],[28.719479188393663,41.054417136595653],[28.719100433517056,41.054452615783362],[28.718722917417217,41.054494987561398],[28.71834685838477,41.054544226852549],[28.717972473812011,41.054600305867673],[28.71759998109124,41.054663191396493],[28.717229594919825,41.054732847517144],[28.716861533588339,41.054809233563837],[28.716496006404295,41.054892305482056],[28.716133227166701,41.054982015150912],[28.715773406081318,41.055078310383522],[28.715416751557342,41.055181134926706],[28.715063470207227,41.055290429816345],[28.71471376774522,41.055406132022156],[28.707604394585484,41.057835584094491],[28.707220692686601,41.057962896020911],[28.706833416391227,41.058083847880404],[28.706442748057317,41.058198382131735],[28.706048875432788,41.058306445296488],[28.705651984468883,41.05840798389459],[28.705252262015225,41.05850295189547],[28.704849900311263,41.058591303266837],[28.704445090698147,41.058672996038801],[28.704038024517054,41.058747990271748],[28.70362889400743,41.058816252797953],[28.703217895002005,41.058877749092886],[28.702805223333524,41.058932450726388],[28.702391074834715,41.058980331975711],[28.701975645338312,41.059021369825572],[28.701559131575369,41.059055544645325],[28.701141733870159,41.059082840189092],[28.700723648953797,41.059103243595544],[28.700305075353885,41.059116745388124],[28.69988621339477,41.059123338797527],[28.69946725980752,41.059123021116292],[28.699048416713048,41.059115791667061],[28.69862987904575,41.059101654511664],[28.698211849824911,41.059080617096633],[28.697794524883264,41.059052687543584],[28.697378104545127,41.059017881423046],[28.696962785541498,41.058976212948728],[28.696548763705145,41.058927703783056],[28.696136237563724,41.058872374909093],[28.695725403848336,41.058810256113588],[28.695316457493313,41.058741373117087],[28.694909590738209,41.058665760443787],[28.694504998517388,41.058583453970932],[28.694102872172031,41.058494492960428],[28.693703403941623,41.058398918704661],[28.693306784268938,41.058296777913171],[28.692913199105288,41.058188118648452],[28.692522836198588,41.058072992358319],[28.682648989380148,41.055066197787625],[28.682209654815711,41.054936224162518],[28.6817669821117,41.054812909152773],[28.681321151829454,41.054696301568917],[28.680872338242153,41.054586447510196],[28.680420720114508,41.054483391041849],[28.679966478007945,41.054387172840265],[28.679509791585478,41.054297832225117],[28.679050843205154,41.054215402417562],[28.678589813428289,41.054139918668817],[28.678126889104504,41.05407140945406],[28.677662251693462,41.054009903246317],[28.677196086248124,41.053955423097342],[28.676728579618086,41.05390799070166],[28.676259915957949,41.053867627074411],[28.675790283015619,41.053834345776785],[28.675319865844049,41.053808161045325],[28.67484885308944,41.053789083049551],[28.674377431601378,41.053777119924781],[28.673905790026069,41.053772276416638],[28.673434112518141,41.05377455388161],[28.67296259131707,41.053783951641535],[28.672491408780878,41.053800466306271],[28.672020756250703,41.053824090418964],[28.671550819677815,41.053854815842946],[28.671081785911777,41.053892628342616],[28.67061384180219,41.053937515034917],[28.670147172401972,41.053989456937877],[28.669681962764113,41.054048433712452],[28.669218400636463,41.054114422307705],[28.668756668377068,41.054187395606249],[28.66829695014053,41.054267325133644],[28.667839428284864,41.054354178348966],[28.667384286066376,41.054447922031862],[28.666931702249819,41.054548518218098],[28.666481859193205,41.054655926232059],[28.66603493476293,41.054770104718692],[28.665591105028824,41.054891007579378],[28.665150549653898,41.055018586004216],[28.66471344201307,41.055152790504216],[28.664279956379474,41.055293568201712],[28.663850265229616,41.055440860798463],[28.663424537446783,41.055594610672081],[28.663002947304182,41.055754757489289],[28.662585656498493,41.055921236851169],[28.662172836607994,41.056093983002867],[28.661764647532792,41.056272926801348],[28.661361252766234,41.056457997747927],[28.66096281580176,41.056649121955978],[28.66056949025123,41.056846222151229],[28.660181436014806,41.057049222413369],[28.659798805806055,41.057258039370311],[28.659421753236916,41.057472591681496],[28.659050427427676,41.057692793264479],[28.658684976600451,41.057918557358988],[28.65832554628221,41.058149792462913],[28.657972278406852,41.058386408428888],[28.657625313111495,41.058628311045297],[28.657284790533396,41.058875402713745],[28.656950845419772,41.059127586513434],[28.656623609823033,41.05938476145981],[28.656303216693789,41.059646824536593],[28.655989789101273,41.059913673405433],[28.655683455504533,41.06018520030976],[28.655384335379559,41.060461297493752],[28.655092549998841,41.060741856525205],[28.654808213448497,41.061026763554004],[28.654531440712841,41.061315906763141],[28.654262341386332,41.061609171627516],[28.654001023266812,41.061906439559152],[28.653747588762215,41.062207593326221],[28.653502138483855,41.062512513666405],[28.653264772144777,41.062821078609488],[28.653035584068004,41.063133165509818],[28.652814664085156,41.063448649691324],[28.652602102027664,41.063767407834618],[28.652397981438934,41.064089309848946],[28.652202384065593,41.06441422970962],[28.652015387162766,41.064742038684706],[28.651837065290678,41.065072604657985],[28.651667490314487,41.065405796870095],[28.648955681287617,41.070896282609731],[28.648736675614614,41.071330080170064],[28.648509418017408,41.07176144090905],[28.648273955208406,41.072190274126633],[28.648030336594935,41.07261649115636],[28.647778613380943,41.073040001302218],[28.64751883766877,41.073460719287958],[28.647251061560681,41.073878555775742],[28.646975343447156,41.074293423461384],[28.646691738125448,41.074705235719669],[28.646400306680956,41.075113907958759],[28.646101107504233,41.075519353556835],[28.64579420527393,41.075921489279715],[28.645479661075488,41.07632023054046],[28.645157544079247,41.076715495462253],[28.644827917167206,41.077107199461111],[28.644490851306298,41.077495263371794],[28.644146416565103,41.077879603967425],[28.643794683012256,41.078260142762524],[28.635510241595654,41.087085186066716],[28.635125174257546,41.087489268686035],[28.634732640122795,41.087889220094482],[28.634332716446522,41.088284959120443],[28.633925482280436,41.088676409332926],[28.633511020269609,41.089063492947709],[28.633089408567407,41.089446134212807],[28.632660732513838,41.089824256699934],[28.63222507565219,41.090197786012851],[28.631782523322418,41.090566648433054],[28.631333164457711,41.090930772273801],[28.630877086194712,41.091290083140905],[28.630414380161529,41.091644512056867],[28.629945135291404,41.09199398936758],[28.629469445009107,41.092338444065327],[28.628987404536097,41.092677809881764],[28.628499107297102,41.093012019871772],[28.628004649411878,41.093341007767478],[28.62750412969514,41.093664707977958],[28.626997646961538,41.093983056266438],[28.626485300025781,41.094295991104083],[28.625967189499114,41.094603450284737],[28.625443419586201,41.094905372956241],[28.624914092694944,41.095201698943086],[28.624379312131573,41.09549237010031],[28.623839184795614,41.095777329636611],[28.623293816688317,41.096056520760094],[28.62274331560748,41.09632988938629],[28.622187790249271,41.096597379399121],[28.621627349309811,41.096858940774666],[28.621062105078536,41.097114519426299],[28.620492169844823,41.09736406600544],[28.619917651406549,41.097607529808705],[28.619338668341335,41.097844864870396],[28.61875533293852,41.098076023869972],[28.618167759284226,41.098300960839666],[28.617576064159419,41.098519629810575],[28.616980365243386,41.098731990228295],[28.616380779317105,41.098937998829307],[28.615777425856503,41.09913761505652],[28.615170421642627,41.099330799028607],[28.614559887947991,41.099517513570412],[28.613945945146835,41.099697721505343],[28.613328715410063,41.099871386332296],[28.612708320010224,41.100038475610191],[28.612084879321593,41.100198954865519],[28.611458520006554,41.100352793007694],[28.610829363337757,41.100499958267626],[28.610197534180994,41.10064042361288],[28.609563157402096,41.100774160655426],[28.608926358765157,41.100901142359277],[28.608287262237742,41.101021344394177],[28.607645996278904,41.101134741751146],[28.607002686652802,41.101241314157676],[28.592573636640516,41.10355043977912],[28.592223831770571,41.103609479050689],[28.591875848684005,41.10367438902],[28.591529860755696,41.103745139209245],[28.580530384462076,41.106093388157753],[28.58009785822918,41.106182204212281],[28.579663081716483,41.1062645025374],[28.5792262291972,41.106340252021589],[28.578787473147798,41.10640942155139],[28.578346986044888,41.106471984072698],[28.577904942161545,41.106527914560253],[28.577461517567624,41.106577192048086],[28.577016883841349,41.106619795568101],[28.576571219747436,41.106655709565416],[28.576124699559053,41.106684919159839],[28.5756775002443,41.106707413530486],[28.5752297987713,41.106723183208054],[28.574781771209892,41.106732222105563],[28.574333595426424,41.106734525487703],[28.573885445694106,41.106730094709029],[28.573437501675993,41.106718931121776],[28.572989940340207,41.106701037430057],[28.572542936858188,41.106676421750812],[28.572096668198096,41.106645094229435],[28.57165131132799,41.106607066363203],[28.571207042317734,41.106562353031507],[28.566963794377624,41.106102724966789],[28.566641888485471,41.106070985631789],[28.56631902409088,41.106045411261043],[28.565995409603044,41.106026017429933],[28.565671249837802,41.106012818358273],[28.565346753204349,41.106005820141725],[28.565022125416892,41.106005030227884],[28.564697574884509,41.106010446586353],[28.545918068392854,41.106522559839654],[28.5453196305135,41.106535373669722],[28.544721003987956,41.106541276654056],[28.544122328953367,41.106540271501949],[28.543523742851995,41.106532355505649],[28.542925386719343,41.10651753069331],[28.542327400692596,41.106495801121326],[28.541729922213978,41.106467172874858],[28.541133091420662,41.106431651359728],[28.540537046653245,41.106389244010408],[28.539941927150569,41.10633996367406],[28.539347873049817,41.106283818457747],[28.538755020894914,41.10622082391194],[28.538163509026383,41.106150993554358],[28.537573476683171,41.106074343608235],[28.536985058612508,41.105990892325373],[28.536398394951579,41.105900658632265],[28.535813620447712,41.105803664838035],[28.535230870746499,41.105699932572833],[28.534650285086798,41.105589486172327],[28.534071994622646,41.105472350647354],[28.533496135897966,41.105348554391071],[28.532922843660035,41.105218126471861],[28.532352250859578,41.10508109527936],[28.531784490447166,41.104937495293477],[28.531219694475212,41.104787358284852],[28.530657993199426,41.104630719406913],[28.530099519570445,41.104467615842196],[28.529544403843982,41.104298085448576],[28.528992773580818,41.104122166759197],[28.528444758138381,41.103939901013497],[28.527900485077414,41.103751332157074],[28.52736008106038,41.103556502780371],[28.526823672749703,41.103355458857081],[28.526291384112948,41.103148247036572],[28.525763339117582,41.102934915320851],[28.525239660832806,41.102715513741671],[28.524720472327822,41.102490093006544],[28.52420589307858,41.102258706529717],[28.523696042560957,41.10202140637071],[28.523191041149268,41.101778250003619],[28.52269100472617,41.101529292870929],[28.522196050970916,41.101274593122255],[28.521706295766229,41.101014210260324],[28.52015139195948,41.100174030097037],[28.518477632955797,41.099147725250248],[28.516902673362019,41.098041115878388],[28.515614192800527,41.097081117176621],[28.514747689555556,41.096402895720132],[28.513598653577336,41.095406555556281],[28.512303484160263,41.094189141368268],[28.511064970589821,41.092696093968634],[28.509345764019319,41.090070350311656],[28.509196433476355,41.089726742213529],[28.509056026797456,41.089380988110698],[28.508924599678142,41.089033219317209],[28.508802198830768,41.088683570534904],[28.508688872764434,41.088332175114118],[28.508584665496503,41.087979167762086],[28.508489614756321,41.08762468386589],[28.508403758273037,41.087268860169537],[28.508327130182661,41.086911832742842],[28.508259757434683,41.086553737658541],[28.508201666080183,41.086194713023446],[28.508152879475414,41.085834896947468],[28.508113414688363,41.085474426189144],[28.508083287888674,41.085113440895611],[28.508062509856142,41.084752077154427],[28.508051089573943,41.084390475795921],[28.507875724955763,41.074981337630156],[28.507864880493635,41.0746496079311],[28.507844722298668,41.074318126445682],[28.507815259354,41.07398704419446],[28.507776504235991,41.073656510846732],[28.507728474012712,41.073326675397453],[28.507671191141966,41.072997687521827],[28.507604683471591,41.072669694866491],[28.507528977052708,41.072342846435198],[28.507444110512889,41.072017288525842],[28.507350119784714,41.07169316947089],[28.507247047987313,41.071370635573743],[28.50713494273144,41.071049832463579],[28.507013852526093,41.070730905094848],[28.506883834863427,41.07041399707029],[28.506744947235688,41.07009925131792],[28.506597253423198,41.069786810768328],[28.506440818104661,41.069476817677355],[28.50627571404366,41.069169408885124],[28.506102015800298,41.068864725974983],[28.505919800629751,41.068562905791538],[28.50572915387195,41.068264083827209],[28.505530158171926,41.067968395576436],[28.505322906056076,41.067675975858251],[28.505107488254314,41.067386954752884],[28.504884006276239,41.067101465051351],[28.50465255893657,41.066819632773615],[28.5044132504398,41.066541587327634],[28.504166188583849,41.066267454059179],[28.503911487454712,41.065997356283603],[28.50364926113846,41.065731415285647],[28.503379625517713,41.065469753028552],[28.503102707254964,41.065212487412971],[28.502818628521087,41.064959732276584],[28.502527515978532,41.06471160348989],[28.502229505272933,41.064468214215061],[28.501924729354897,41.064229672196319],[28.50161332476841,41.063996086533159],[28.501295432548918,41.063767562261468],[28.500971197325221,41.063544202385728],[28.500640765522679,41.063326108555749],[28.500304286261642,41.063113378357812],[28.499961910459096,41.062906107345938],[28.499613794421894,41.062704391074185],[28.499260094456865,41.062508319000351],[28.498900969565835,41.062317980581923],[28.498536583242203,41.06213346053471],[28.498167100775937,41.061954843573858],[28.497792685660478,41.061782209672494],[28.497413511270629,41.06161563677108],[28.49702974648968,41.061455200777175],[28.496641564692467,41.0613009721786],[28.496249141948788,41.061153022139514],[28.495852655226813,41.061011418436223],[28.49545228239289,41.06087622410238],[28.495048205805038,41.060747498106302],[28.494640606922964,41.060625302124137],[28.494229669901308,41.060509688347828],[28.493815580691304,41.060400710999737],[28.493398527040849,41.06029841888175],[28.492978696697893,41.060202856052769],[28.49255627830857,41.060114069279031],[28.49213146321409,41.060032095842267],[28.49170444365387,41.059956974376917],[28.491275411867448,41.059888737419229],[28.490844561890867,41.059827416826174],[28.490412086861969,41.059773039033878],[28.489978184410052,41.059725630476251],[28.489543049469582,41.059685211488926],[28.489106878771594,41.059651799696034],[28.468259347189637,41.05822214420283],[28.46781405320159,41.05818818232104],[28.467369741970504,41.058147518536266],[28.466926586871185,41.058100171802273],[28.466484765770019,41.058046157684302],[28.466044452041952,41.057985499873745],[28.465605819960082,41.057918222060287],[28.46516904469588,41.057844349286363],[28.464734299624254,41.057763913366237],[28.464301754526751,41.057676943402939],[28.463871582778211,41.057583476626128],[28.463443953261926,41.057483548231616],[28.463019036657805,41.057377198155201],[28.462597000950815,41.057264469040554],[28.462178013227572,41.05714540420712],[28.461762239676414,41.057020052391834],[28.461349844689035,41.056888462330306],[28.460940990860514,41.056750687498266],[28.460535842582559,41.05660678137037],[28.460134557958618,41.056456799451922],[28.459737295990507,41.056300804021099],[28.459344214781758,41.056138855322715],[28.458955469740868,41.055971017665051],[28.458571214479768,41.055797357387441],[28.458191602610366,41.055617943538103],[28.457816783253012,41.055432847196606],[28.45359595277084,41.053302719305037],[28.453227527621692,41.05312101303538],[28.452854097958081,41.052945258773569],[28.452475832663293,41.052775536503333],[28.45209290062062,41.052611920110749],[28.451705476103193,41.052454486190705],[28.451313730689261,41.052303302530355],[28.450917840448589,41.052158438948283],[28.450517985044264,41.052019959842092],[28.450114343241037,41.051887926898651],[28.449707095600228,41.051762401125806],[28.449296425378215,41.051643437433142],[28.44888251762789,41.051531089373675],[28.448465558300562,41.0514254071118],[28.448045734245788,41.051326440132662],[28.447623234109795,41.051234229790325],[28.447198247437068,41.051148820146949],[28.446770965568827,41.05107024781082],[28.446341581642777,41.050998549388297],[28.445910286101839,41.050933756064232],[28.445477273880378,41.050875898344017],[28.445042739912832,41.050824999956532],[28.44460687823528,41.05078108530585],[28.444169885578813,41.050744174051871],[28.443731957776134,41.050714283142554],[28.443293292456573,41.050691424781441],[28.442854085452929,41.050675609815023],[28.442414535292826,41.05066684570027],[28.441974836910703,41.050665135149814],[28.441535189732548,41.050670481551393],[28.441095791387752,41.050682879483723],[28.440656839505618,41.050702324878145],[28.440218529918941,41.050728809599121],[28.439781060257051,41.050762320089177],[28.439344626352678,41.050802842111324],[28.438909425835188,41.050850358039],[28.438475652740685,41.050904846178916],[28.438043501105245,41.050966281448353],[28.437613167659961,41.051034636730151],[28.437184844644314,41.051109882195362],[28.436758721602761,41.051191981238574],[28.436334994368067,41.051280900639561],[28.435913851586456,41.051376597014624],[28.43549548100582,41.051479031042867],[28.435080073068978,41.051588153239891],[28.434667811930602,41.051703916152036],[28.434258884440222,41.051826268259241],[28.433853472955846,41.051955153975307],[28.433451761632149,41.052090515002753],[28.433053929233854,41.05223229168778],[28.432660154525713,41.052380418955877],[28.432270614475787,41.052534831053691],[28.431885486052241,41.052695458839665],[28.431504939934928,41.052862229106651],[28.426022101344397,41.05532389937126],[28.425694553133937,41.055466962237773],[28.425362571737537,41.0556040467835],[28.425026347598045,41.055735073790864],[28.42468607385327,41.055859968782897],[28.424341947234211,41.055978659313674],[28.423994163573671,41.05609107767777],[28.423642920500939,41.056197159555445],[28.423288422831956,41.056296844689811],[28.422930873585933,41.056390073499898],[28.422570475782148,41.056476795886674],[28.422207437829758,41.056556959717128],[28.417655869219537,41.05751728626602],[28.417265068833284,41.057603173318952],[28.416876799001155,41.057695406570886],[28.416491242081229,41.057793944675524],[28.416108576838194,41.057898740865866],[28.415728977545218,41.058009747018737],[28.415352622967024,41.058126912299997],[28.414979686478517,41.058250181132621],[28.414610341454512,41.058379497260844],[28.414244757676581,41.058514801040936],[28.413883104926352,41.058656028763771],[28.413525551188744,41.058803116041759],[28.413172262652118,41.058955995099573],[28.41282340191156,41.059114593419473],[28.412479130663733,41.059278838482868],[28.412139609707157,41.059448655061004],[28.411804994450367,41.059623963182972],[28.411475441200157,41.059804681522742],[28.411151102670193,41.059990728076379],[28.410832128879129,41.060182014066079],[28.410518667150622,41.060378453423212],[28.410210863910098,41.06057995398286],[28.409908860193035,41.06078642154808],[28.407414334768767,41.062529021398497],[28.407103355983704,41.062741720975282],[28.406786543539191,41.062949432762736],[28.406464039369066,41.063152063338379],[28.406135983610447,41.0633495253756],[28.405802523587088,41.063541730870128],[28.405463804826059,41.063728595881479],[28.405119975549368,41.06391003714613],[28.404771188470637,41.06408597546406],[28.404417597201761,41.064256331634532],[28.404059358049601,41.064421032552197],[28.403696628219347,41.064580005110813],[28.403329566712795,41.064733178235315],[28.402958337921639,41.064880484913637],[28.402583103542625,41.065021860164606],[28.402204028865754,41.065157242392445],[28.401821282774346,41.065286571354903],[28.401435031456696,41.065409790195034],[28.401045447389315,41.06552684340916],[28.400652701252149,41.065637680910648],[28.400256966420045,41.065742253966029],[28.399858417166165,41.065840515194886],[28.39945723045857,41.065932421956319],[28.390187638110955,41.067975376172669],[28.389734974344325,41.068078731849035],[28.389285043252798,41.068188710340365],[28.388838011923035,41.068305270300421],[28.388394051034886,41.068428368349373],[28.387953327675039,41.068557958396667],[28.387516004438506,41.068693990286654],[28.387082249310314,41.06883641386225],[28.386652222190541,41.068985176255907],[28.386226087470927,41.069140219857793],[28.38580400325489,41.069301487734201],[28.385386130340912,41.069468919563953],[28.384972622340896,41.069642450961027],[28.384563638256669,41.069822017538648],[28.384159331700122,41.070007551522671],[28.383759851791581,41.070198983783619],[28.383365351244652,41.070396241805049],[28.382975977383058,41.070599252392483],[28.382591876632194,41.070807937610262],[28.382213193620824,41.071022219522234],[28.381840072079349,41.071242018159992],[28.381472649450028,41.071467250846062],[28.381111066768405,41.0716978321936],[28.380755456985085,41.07193367613862],[28.380405957542319,41.072174693908082],[28.380062696899227,41.072420795374562],[28.379725805311494,41.072671887024718],[28.37826613190801,41.073781082638895],[28.377854107026536,41.074099261121688],[28.377448918324376,41.074422429713792],[28.377050671802717,41.074750503691789],[28.376659468971198,41.075083396978613],[28.376275414034421,41.07542102417495],[28.375898606705359,41.075763296496305],[28.37552914310373,41.076110125159047],[28.375167122942521,41.07646141934886],[28.374812637849967,41.076817088929658],[28.37446578035243,41.077177040380583],[28.374126642976481,41.077541179504806],[28.373795311960347,41.077909412783811],[28.373471874440639,41.078281643314746],[28.373156415757254,41.078657774873264],[28.372849017656918,41.07903770785088],[28.372549757394726,41.079421346703434],[28.37225871761574,41.079808588439946],[28.366361771848897,41.087803002244996],[28.366090577651153,41.088185432160529],[28.365817969505144,41.088523937225318],[28.365537548711078,41.088858771599725],[28.365249404202235,41.089189831751355],[28.364953624013463,41.089517014826349],[28.36465029797634,41.089840220003239],[28.364339521312189,41.090159349170079],[28.364021387445913,41.090474301507967],[28.363695996090453,41.090784982969367],[28.363363447857083,41.091091294768596],[28.36302384245888,41.091393144891136],[28.362677285897007,41.091690439969348],[28.362323885969278,41.091983087313288],[28.361963749575249,41.092270998972737],[28.361596988105994,41.092554083613024],[28.36122371564754,41.092832255316146],[28.360844047184287,41.093105428164364],[28.360458096802265,41.093373518271278],[28.360065985774018,41.093636442427794],[28.359667834473782,41.093894120132795],[28.35926376507247,41.094146472239288],[28.358853902435879,41.094393420277164],[28.358438373226463,41.094634889161192],[28.358017303208417,41.094870803128835],[28.357590824434013,41.095101091156145],[28.357159068057324,41.095325680864903],[28.356722166130666,41.09554450393815],[28.356280253401366,41.095757492058382],[28.355833465515047,41.095964580292453],[28.355381940812205,41.096165704383253],[28.354925818531747,41.096360803457841],[28.354465239709157,41.096549815965311],[28.354000344481648,41.09673268441567],[28.353531277477948,41.096909351994817],[28.35305818332683,41.09707976594931],[28.352581205758728,41.097243870816577],[28.352100494792317,41.097401619256416],[28.351616195954673,41.097552959865467],[28.351128459264398,41.097697847331588],[28.350637436536839,41.09783623701815],[28.35014327599399,41.097968086317842],[28.349646133942706,41.098093354652583],[28.349146158605045,41.098212002796664],[28.348643508982754,41.098323994230299],[28.348138335992818,41.098429295139908],[28.347630797738763,41.098527873063929],[28.347121049629109,41.098619696892847],[28.346609249767351,41.098704738900018],[28.346095553562019,41.098782973387664],[28.345580121811565,41.09885437397908],[28.345063111721146,41.098918921741998],[28.326252140838353,41.100772101435751],[28.325681244407313,41.100831709794548],[28.325111642448586,41.100898019012355],[28.324543469709475,41.100971013499645],[28.323976863632204,41.101050675633971],[28.323411961659058,41.101136985083258],[28.322848899435602,41.101229922867503],[28.322287812607463,41.101329465266154],[28.321728836820238,41.101435588556924],[28.321172108617851,41.101548266307944],[28.320617759154342,41.101667473439477],[28.306729206583853,41.104741450359427],[28.306069261057004,41.104883934587086],[28.305406908943528,41.105019880466223],[28.304742262532802,41.10514926705406],[28.304075435012557,41.105272068667787],[28.303406542265481,41.105388267068527],[28.302735695682657,41.105497840631159],[28.302063012943396,41.105600773143728],[28.301388606337106,41.105697042977333],[28.3007125944414,41.105786637300618],[28.300035089545688,41.105869539218951],[28.299356209329282,41.105945735220175],[28.298676069674851,41.106015211790151],[28.297994787363372,41.10607795744324],[28.297312477379222,41.106133960015136],[28.296629258299969,41.106183212077362],[28.295945246008348,41.106225703492036],[28.295260557285314,41.106261428180431],[28.294575308911853,41.106290380061772],[28.29388961946562,41.106312552376295],[28.293203603930902,41.106327943777075],[28.292517382681989,41.106336550207658],[28.291831069804935,41.106338370993853],[28.291144785673954,41.106333404782482],[28.284256336090362,41.106249288462529],[28.283725987814606,41.106246371139441],[28.283195654810196,41.106250600919481],[28.282665505062131,41.106261977124426],[28.282135708351955,41.106280496366239],[28.281606431766335,41.106306151870101],[28.28107784239193,41.106338936182105],[28.280550110010282,41.106378838461566],[28.280023399911403,41.106425845835034],[28.279497881876939,41.106479944749751],[28.278973720298559,41.10654111623586],[28.278451082262887,41.106609342675],[28.277930134856589,41.106684601031596],[28.277411041573032,41.106766868268053],[28.276893968600543,41.106856117283279],[28.276379078534173,41.10695232029741],[28.275866535765683,41.10705544749765],[28.275356504686712,41.107165465008357],[28.274849143400747,41.107282338951741],[28.27434461540123,41.107406031386866],[28.273843079689875,41.107536503017435],[28.273344697065198,41.107673713191488],[28.272849625630659,41.107817617194215],[28.272358020794783,41.107968170309178],[28.271870038864471,41.108125325110848],[28.271385836146543,41.10828903078788],[28.270905565354614,41.108459235850738],[28.270429378303987,41.108635885424107],[28.269957428606538,41.108818925308199],[28.269489863585989,41.109008295210415],[28.269026833260984,41.109203936190752],[28.268568483158628,41.109405785923649],[28.268114959704274,41.109613780729177],[28.267666407526725,41.109827854218899],[28.267222966763125,41.11004793932684],[28.266784782042279,41.110273963571515],[28.266351989009742,41.110505857854989],[28.265924726904405,41.11074354834097],[28.265503129575258,41.110986959162183],[28.252983586141596,41.118348058013218],[28.252564952354579,41.118589622222721],[28.252140650198108,41.118825467061299],[28.251710818911071,41.119055513411929],[28.251275595037391,41.119279688924443],[28.250835118714246,41.119497920571533],[28.25038953097712,41.119710138708754],[28.249938978251432,41.11991627436781],[28.249483603369296,41.120116261286412],[28.249023554552725,41.12031003455489],[28.248558977328823,41.120497532646141],[28.248090026207784,41.120678694032094],[28.247616846716706,41.120853461920483],[28.247139595162455,41.121021778164433],[28.24665842515693,41.121183589352697],[28.246173489413742,41.121338843426159],[28.245684946036342,41.121487490354369],[28.24519295133166,41.121629482812246],[28.244697665199745,41.121764774149696],[28.244199247540781,41.121893320421954],[28.243697856458191,41.122015080389275],[28.24319365454712,41.12213001551698],[28.242686806199199,41.12223808929879],[28.242177474009502,41.122339265226209],[28.241665820573139,41.122433512202868],[28.241152011180073,41.122520797776595],[28.240636213815304,41.122601096260468],[28.240118591073859,41.122674379935312],[28.239599313635665,41.12274062717001],[28.239078546790751,41.122799814301445],[28.238556456727373,41.122851923754325],[28.238033215023851,41.122896938628024],[28.237508988766749,41.122934843373066],[28.236983945941081,41.122965626497816],[28.236458257226701,41.12298927921514],[28.235932092405225,41.12300579205904],[28.235405619461613,41.12301516029796],[28.234879009974041,41.123017381904823],[28.234352432825865,41.123012454173576],[28.233826056001973,41.123000380486161],[28.233300052877244,41.122981164222097],[28.232774589640002,41.122954811465398],[28.232249836970166,41.122921329651177],[28.231725963750986,41.122880731625919],[28.231203138865752,41.122833029557],[28.230681532096014,41.122778238993057],[28.230161310528469,41.122716376833999],[28.229642641249711,41.122647463360948],[28.229125691346429,41.122571520882872],[28.228610628803544,41.122488574413552],[28.228097618911097,41.122398649641212],[28.227586827857383,41.122301776989119],[28.227078418237504,41.122197986201577],[28.226572554443134,41.122087311758015],[28.212926740137167,41.119000250035633],[28.21244402323271,41.118894374396483],[28.211959002149559,41.118794700943468],[28.211471818821533,41.118701256774621],[28.210982612487474,41.118614070339859],[28.210491522386267,41.118533166026936],[28.209998691350023,41.118458567545353],[28.209504260414278,41.118390295218916],[28.209008369716219,41.118328370046704],[28.208511162986245,41.118272807611795],[28.208012783056493,41.118223626879463],[28.207513374555766,41.118180840045412],[28.207013077621209,41.118144459303771],[28.206512038678216,41.118114496169888],[28.206010399660627,41.118090958096822],[28.205508305197178,41.118073853212564],[28.205005900814964,41.118063184905793],[28.204503328447828,41.118058956563509],[28.19550414876365,41.11804057396396],[28.194819904706677,41.118042684752012],[28.194135763057641,41.118051866239199],[28.193451852275626,41.118068116392415],[28.192768297226493,41.118091431822542],[28.192085227267597,41.118121809138387],[28.191402770858048,41.118159242239358],[28.190721053761976,41.118203722992376],[28.190040203540139,41.118255244615632],[28.189360346855025,41.11831379694128],[28.18868161216572,41.118379369799356],[28.188004124337983,41.118451948957095],[28.187328010932642,41.118531522209771],[28.186653398612147,41.118618075997091],[28.185980410445705,41.118711592019295],[28.185309175790664,41.118812052651322],[28.184639816817967,41.118919440942719],[28.183972461088359,41.119033736557228],[28.183307229874359,41.119154916449624],[28.182644250736807,41.119282959602813],[28.181983645846522,41.119417842290893],[28.181325539171063,41.119559537402232],[28.180670052881307,41.119708020530275],[28.180017308249756,41.119863263206142],[28.179367429243982,41.120025236959187],[28.178720535339895,41.120193909256621],[28.178076749606699,41.120369252300847],[28.177436189723679,41.120551230172033],[28.176798976963408,41.120739811008939],[28.176165229903511,41.120934958888398],[28.175535066223301,41.121136635855521],[28.174908604500327,41.121344807337522],[28.17428596061735,41.121559432669621],[28.173667250457001,41.121780471185843],[28.173052591698557,41.122007882895389],[28.172442097529792,41.122241625099306],[28.171835882935031,41.122481653067524],[28.171234058407055,41.122727922745206],[28.170636739828552,41.122980389399892],[28.170044036794,41.123239004237824],[28.169456060694444,41.123503719140899],[28.16887292202269,41.123774485313454],[28.168294726779965,41.124051251928897],[28.167721585459045,41.124333968159711],[28.16715360585771,41.124622579117613],[28.166590891282265,41.12491703329718],[28.166033548632225,41.125217274455409],[28.165481682112162,41.125523246348877],[28.164935395028305,41.125834892057014],[28.164394787992027,41.126152154658953],[28.163859962512902,41.126474972496595],[28.163331019202236,41.126803287971804],[28.162808056874749,41.127137038072846],[28.162291172548485,41.127476160464539],[28.161780463241474,41.127820592811759],[28.161276024175134,41.128170268719359],[28.160777949672596,41.128525126528999],[28.160286333158624,41.128885096462653],[28.15980126626139,41.129250114155717],[28.159322840609068,41.129620109154153],[28.158851142439904,41.129995013710939],[28.158386263382077,41.130374756696305],[28.157928288775469,41.130759268334245],[28.157477305756775,41.131148476142975],[28.15703339697092,41.131542308994561],[28.156596645062912,41.131940689672327],[28.156167134474437,41.132343547726578],[28.155744942460583,41.132750805942408],[28.155330148971387,41.133162389812242],[28.154922832160338,41.133578220093462],[28.154523068384183,41.133998220927531],[28.154130932203081,41.134422313074111],[28.153746495482299,41.134850417294174],[28.153369831883673,41.135282455026505],[28.153001012374098,41.135718344328509],[28.152640104327226,41.13615800325892],[28.15228717601504,41.136601350554805],[28.151942293912857,41.137048303601389],[28.151605522699366,41.137498778432636],[28.151276924358299,41.137952691084287],[28.15095655997516,41.138409956240523],[28.150644491533686,41.138870490617201],[28.150340776526019,41.139334204843173],[28.150045472444344,41.139801014961584],[28.149758634085913,41.140270832281743],[28.149480315349656,41.1407435708213],[28.149210566541175,41.141219139187847],[28.148949442457759,41.141697452079732],[28.148696987116836,41.142178418108955],[28.148453252620698,41.142661947242956],[28.148218280291822,41.143147950127833],[28.147992117740937,41.143636336059245],[28.147774805392231,41.144127012982246],[28.147566385466558,41.14461988816781],[28.147366895693096,41.145114872948504],[28.147176373801123,41.145611871894609],[28.146165409780348,41.148318023725096],[28.146007752753057,41.148727364938267],[28.145841378474231,41.149134730447201],[28.145666327368069,41.149540013413159],[28.145482647943624,41.149943108352822],[28.145290386014938,41.150343911814453],[28.145089593684322,41.150742316966671],[28.144880320359103,41.151138222391531],[28.144662622633138,41.151531523967769],[28.144436555303685,41.1519221189291],[28.144202178557848,41.152309905187686],[28.143959552582764,41.152694783363415],[28.143708740260497,41.153076652048995],[28.143449806269739,41.153455412544488],[28.143182817984137,41.153830965475521],[28.14290784726893,41.154203212822331],[28.142624963294388,41.154572059272347],[28.142334239722349,41.154937406809111],[28.142035752909621,41.15529916147603],[28.141729579213035,41.155657228641751],[28.141415799480917,41.156011515028908],[28.141094495459985,41.156361928037953],[28.140765748896932,41.156708377099797],[28.140429646928311,41.15705077164634],[28.140086277589074,41.15738902313992],[28.139735728015733,41.157723042367429],[28.139378092531455,41.1580527428222],[28.139013460069418,41.158378038674684],[28.138641929444336,41.158698844772658],[28.138263594080946,41.159015078669853],[28.137878555488943,41.159326657244407],[28.137486911584617,41.159633499403931],[28.137088764775971,41.159935524733022],[28.136684220165861,41.16023265484543],[28.136273381060558,41.160524812708033],[28.135856355257911,41.160811921964225],[28.135433252352332,41.161093907610287],[28.13500417924341,41.161370695995046],[28.134569251813772,41.161642216848975],[28.13412858055619,41.161908397197244],[28.133682282251691,41.162169168122674],[28.133230470087941,41.162424462736723],[28.132773263540955,41.162674214150591],[28.128954339316884,41.164724934866392],[28.128450869532745,41.164999531011652],[28.127952822877987,41.165279720740685],[28.127460310743675,41.165565444470701],[28.126973440029371,41.165856637884751],[28.126492316736226,41.166153239370701],[28.126017046865506,41.166455183934843],[28.125547733723405,41.166762403878408],[28.125084479717923,41.167074834207604],[28.124627387256936,41.167392404518672],[28.124176554256888,41.1677150471129],[28.123732082227356,41.168042690910596],[28.123294065491436,41.168375264832363],[28.122862601965533,41.168712694417856],[28.1224377841761,41.169054909264638],[28.122019707344545,41.169401830855968],[28.121608461302422,41.169753385409294],[28.121204135881239,41.170109495761572],[28.12080682091257,41.170470084074182],[28.120416600837977,41.170835071833189],[28.120033563692409,41.171204379173126],[28.119657792120829,41.171577924876871],[28.119289369666642,41.171955627728551],[28.118928373584854,41.17233740516086],[28.118574886520577,41.17272317325525],[28.11822898483052,41.173112848770593],[28.117890743973241,41.173506345086182],[28.117560236712212,41.173903577611227],[28.11723753760765,41.174304459727807],[28.116922715829805,41.17470890143872],[28.116615840548949,41.17511681748141],[28.116316979138769,41.17552811583333],[28.116026198074579,41.175942709206957],[28.11574356023841,41.176360504230885],[28.115469127614062,41.176781411592607],[28.115202958592015,41.177205339276853],[28.113881078668275,41.179351452583788],[28.113680869344272,41.179668161514257],[28.113472311976341,41.17998177975533],[28.113255488311154,41.180292182947198],[28.113030485485293,41.180599244703707],[28.112797394228632,41.180902844725594],[28.112556306169314,41.181202857982392],[28.112307319223717,41.181499167558698],[28.112050533104785,41.181791653160005],[28.111786049322191,41.182080197873823],[28.111513974775491,41.18236468614117],[28.111234418160734,41.182645004432693],[28.110947491767423,41.182921039896094],[28.110653307884927,41.18319268238465],[28.110351987785787,41.183459822428595],[28.110043650047661,41.183722353263342],[28.109728420434699,41.183980170153276],[28.109406421117743,41.184233169715448],[28.109077784149136,41.184481249919877],[28.108742640682916,41.184724312793165],[28.108401123669793,41.184962259010184],[28.108053370551954,41.185194995330583],[28.107699521466575,41.185422426486078],[28.107339716550907,41.185644463292604],[28.106974100433618,41.185861015890318],[28.106602820438493,41.186071997799154],[28.106226023889196,41.186277323214966],[28.105843862601027,41.186476911065562],[28.105456489287572,41.186670682306158],[28.105064060255717,41.186858557215672],[28.104666730913962,41.187040461480329],[28.104264661162485,41.187216322813981],[28.103858012697977,41.187386070957423],[28.103446946318908,41.187549636326814],[28.103031629111904,41.187706953393167],[28.102612226367004,41.187857961358752],[28.102188906069159,41.188002597396512],[28.10176183710163,41.18814080476222],[28.101331191940922,41.188272528738452],[28.100897143961941,41.188397715282271],[28.10045986384457,41.188516313729387],[28.100019528556938,41.18862827746991],[28.099576315965404,41.188733562596461],[28.099130401241531,41.188832125199937],[28.098681963150014,41.188923926777491],[28.095085429450947,41.189631017765159],[28.094547043050024,41.189740501340452],[28.094011159355517,41.189856779991096],[28.093477928386008,41.189979823260458],[28.092947498363547,41.190109595958056],[28.092420019306818,41.190246060187398],[28.091895638539512,41.190389178726456],[28.091374503385286,41.190538912323362],[28.090856761167931,41.190695217668591],[28.090342554719516,41.190858052127034],[28.089832030465438,41.19102736833014],[28.089325330339538,41.191203119583804],[28.088822597173952,41.191385257164562],[28.088323971105829,41.191573729643686],[28.08782959227235,41.191768484239155],[28.087339599912429,41.191969466139817],[28.086854130569968,41.192176618505449],[28.086373322585505,41.19238988449478],[28.08589730801139,41.192609203209628],[28.085426221594915,41.192834513751002],[28.084960196286758,41.193065753191135],[28.084499362342658,41.193302854545664],[28.084043847323304,41.19354575488542],[28.083593781484517,41.19379438249306],[28.083149289692045,41.194048669706611],[28.08271049860836,41.194308545483786],[28.082277529506026,41.194573935402197],[28.080393441656668,41.19574865732335],[28.077737250023993,41.197616207419401],[28.077407904284641,41.197842937750558],[28.077072340406882,41.198064406566012],[28.076730704816143,41.198280515234352],[28.076383146632704,41.198491168503743],[28.076029820366838,41.198696274501764],[28.075670878732112,41.198895744059605],[28.075306481628715,41.199089488007843],[28.074936788058366,41.199277421908285],[28.07456195971784,41.199459462673794],[28.074182162795505,41.199635531272122],[28.073797562581351,41.199805549346195],[28.073408328856939,41.199969443269396],[28.073014632302211,41.200127140089975],[28.072616647190308,41.20027857158663],[28.07221454599777,41.200423670212615],[28.071808505692729,41.200562372475474],[28.071398705938197,41.200694618260897],[28.07098532639727,41.200820348129092],[28.070568547631325,41.200939507369966],[28.070148554693265,41.201052043975515],[28.069725529941167,41.201157909315583],[28.069299661122827,41.201257054758173],[28.068871132392943,41.20134943842865],[28.068440135092672,41.20143501912618],[28.068006856969905,41.201513759027634],[28.067571489365754,41.201585625039208],[28.067134223621437,41.201650583388982],[28.066695249281441,41.201708606386205],[28.066254762178499,41.201759669041401],[28.065812954552094,41.201803748390773],[28.065370020438323,41.201840826199415],[28.064926154771598,41.20187088423036],[28.064481553384649,41.201893911003154],[28.064036409415287,41.2019098950352],[28.063590920492842,41.201918830248715],[28.063145281551776,41.201920712591168],[28.062699686628108,41.20191554206324],[28.062254334249619,41.201903318663256],[28.061809420248949,41.201884049821984],[28.061365137763936,41.201857742967974],[28.060921682627285,41.201824409582827],[28.060479249773461,41.201784065877099],[28.060038035035138,41.201736727383235],[28.059598230651822,41.201682416390341],[28.059160029761262,41.201621156537271],[28.058723626399622,41.201552974164102],[28.058289210111369,41.201477898988486],[28.057856974034333,41.201395965457102],[28.057427105916346,41.201307208014661],[28.056999796200326,41.201211667187088],[28.056575231735803,41.20110938349832],[28.05615359937234,41.20100040220165],[28.055735084162936,41.200884771928294],[28.055319870262203,41.200762543335323],[28.05490813912985,41.200633769105821],[28.051766850057202,41.199621979959602],[28.051197341523274,41.199442334400871],[28.05062433225466,41.199269159543881],[28.050047948913878,41.199102495994893],[28.049468322654878,41.19894238030318],[28.048885584631762,41.198788848340413],[28.048299865998544,41.198641933948984],[28.047711296112571,41.198501670969499],[28.047120007924583,41.198368091213112],[28.046526137080139,41.198241224461363],[28.045929814733285,41.198121098466217],[28.045331174733018,41.198007741653747],[28.044730352724901,41.197901179068403],[28.044127483456265,41.197801433049037],[28.043522702572705,41.197708527960224],[28.042916145719818,41.197622484109068],[28.042307949441529,41.197543320448645],[28.041698251180126,41.197471054578209],[28.041087186581137,41.197405704094805],[28.040474893985149,41.197347282537827],[28.039861510834452,41.197295802768586],[28.03924717636783,41.197251278322128],[28.038632026230939,41.197213716647894],[28.038016200560936,41.197183127221038],[28.037399836800105,41.197159517486568],[28.036783073288962,41.197142892183592],[28.036166051063024,41.197133255373046],[28.035548904869586,41.197130608409907],[28.034931777540748,41.197134953322831],[28.03431480472215,41.197146287406618],[28.033698127449266,41.197164609305808],[28.033081882266046,41.197189914959004],[28.032466208411353,41.197222197598599],[28.031851245124027,41.197261450455045],[28.03123713074466,41.197307665404594],[28.030624001817174,41.197360831617573],[28.03001199758042,41.197420936910198],[28.029401254578296,41.197487967744756],[28.028791911151412,41.197561909229471],[28.028184102945335,41.19764274511865],[28.027577968300648,41.197730456460633],[28.02697364196462,41.197825023625946],[28.026371261379474,41.197926426982953],[28.025770961292537,41.198034641490636],[28.025172874654483,41.198149643457803],[28.024577139805828,41.198271407163631],[28.023983888798949,41.198399905533392],[28.02339325278782,41.198535109462945],[28.022805368316433,41.198676987818288],[28.022220364742171,41.198825510815787],[28.021638375914005,41.198980643262416],[28.021059532087641,41.199142350639598],[28.020483961722167,41.199310595723411],[28.019911795073291,41.199485342640095],[28.019343163295101,41.199666550782958],[28.018778190355018,41.19985417954404],[28.018217004712199,41.20004818763779],[28.017659733927363,41.200248529721932],[28.017106502866376,41.200455161804783],[28.016557435496733,41.200668037189722],[28.016012654887639,41.200887109178943],[28.015472282311642,41.201112326342241],[28.014936443532854,41.201343639276075],[28.014405254433981,41.201580996548188],[28.013878838084249,41.201824342670044],[28.01335731036626,41.202073625531732],[28.012840791654316,41.202328788291354],[28.012329394237796,41.202589772078646],[28.011823235796012,41.202856519374492],[28.011322429516699,41.203128970631496],[28.005696133568527,41.206238181150162]]},"properties":{"objectid_12":5,"objectid":5,"metin":"ERİŞME KONTROLLÜ KARAYOLU (OTOYOL)","durum_2016":"MEVCUT","durum_2025":"MEVCUT","adi":"MEVCUT OTOYOL","shape_leng":104646.444072,"SHAPE__Length":132982.88169723313}},{"type":"Feature","id":6,"geometry":{"type":"MultiLineString","coordinates":[[[29.280667023109988,41.143983177760575],[29.280969170557487,41.143802415576879],[29.281265483447207,41.143616219345276],[29.281555793794219,41.143424694551953],[29.281839933613501,41.143227954124363],[29.28211773671682,41.143026108960512],[29.282389044102299,41.142819276723564],[29.282653700361401,41.142607577783032],[29.282911550983933,41.142391132508941],[29.283162446849524,41.142170068036698],[29.283406246024388,41.141944509473134],[29.283642804778037,41.141714589367247],[29.283871986566567,41.14148043891614],[29.284093662930935,41.141242194053426],[29.284307701818726,41.140999992743545],[29.28451398195741,41.140753972952204],[29.28471238387106,41.140504278058586],[29.284902791676998,41.140251052120156],[29.28508509757738,41.139994441225355],[29.285259196469347,41.139734593494047],[29.28542498774156,41.139471659754157],[29.285582374375963,41.139205790158904],[29.285731266541042,41.138937139599349],[29.285871577998552,41.138665861615735],[29.286003228798371,41.138392114486123],[29.286126142583761,41.138116054461484],[29.286240248387774,41.13783784253085],[29.286345479735097,41.137557639009316],[29.286441777336911,41.13727560421443],[29.286529086396008,41.136991902525715],[29.286607353013451,41.136706696295825],[29.286676536765079,41.136420151262705],[29.286736594531696,41.136132433167361],[29.2867874930757,41.135843707076901],[29.286829201854339,41.135554140091067],[29.286861700206366,41.135263898635927],[29.286884965673924,41.134973150493636],[29.286898987477191,41.134682064802469],[29.286903754836416,41.134390807320727],[29.286899269548172,41.134099548545827],[29.286885530714233,41.133808454242029],[29.286862547317693,41.133517693559583],[29.286830332833279,41.133227433621848],[29.28678890612564,41.13293784290839]],[[29.239429101814366,41.177183485038448],[29.243822245337714,41.173439693377709],[29.244145148359845,41.173169017273828],[29.244473904804369,41.172902395812734],[29.244808423941468,41.172639898691472],[29.245148615041245,41.172381598311993],[29.245494387373881,41.172127565048108],[29.245845645717967,41.171877867245264],[29.246202294852061,41.171632572572918],[29.246564240453083,41.171391747348267],[29.246931381011382,41.17115545721235],[29.247303618610612,41.170923766453868],[29.24768085174113,41.170696737332719],[29.251212414787265,41.168606892246679],[29.252291364207032,41.167938123142193]],[[29.236519120842576,41.179483359213613],[29.236733182188257,41.179326700538205],[29.237190103969294,41.178984400741868],[29.237641700537377,41.178638092431839],[29.238087909908661,41.178287822873614],[29.238528671896081,41.177933639333069],[29.238963925414168,41.177575589752514],[29.239393612970769,41.177213724779108]],[[29.236519120842576,41.179483359213613],[29.236666394243485,41.17937893952034]],[[29.236270998076254,41.179664944555469],[29.236519120842576,41.179483359213613]],[[29.203697742717615,41.190280330329699],[29.20399155020603,41.190236243219786],[29.204283921288283,41.190187010313942],[29.204574697860924,41.190132657964995],[29.204863725413713,41.190073215904448],[29.206081661275906,41.189811202667649],[29.206607857538412,41.18969471166821],[29.207131637332829,41.189572163380895],[29.207652877589911,41.189443588192383],[29.208171457037128,41.189309014459766],[29.208687254401902,41.189168473918976],[29.209200149309989,41.189022001008503],[29.209710023183803,41.188869628137574],[29.210216755649068,41.188711391770219],[29.21072022902646,41.188547328369189],[29.211220326535027,41.188377476424158],[29.211716932292077,41.188201875099743],[29.212209926821664,41.188020566263432],[29.212699198732743,41.187833591781803],[29.213184633040921,41.187640994196457],[29.213666116558468,41.187442820104209],[29.21457764875538,41.187060787284757],[29.215047261036453,41.186867186884939],[29.215521288537154,41.186679829849453],[29.215999583035469,41.186498772343647],[29.216482002597555,41.186324069179513],[29.216968395408138,41.186155776520103],[29.217458615041824,41.18599394376642],[29.217952508785032,41.1858386216703],[29.21844992751743,41.185689858277854],[29.218950715830431,41.185547696901374],[29.219454721908804,41.185412184231751],[29.219961792140602,41.185283358845489],[29.22047176932065,41.185161262697747],[29.220984498938741,41.185045931657392],[29.227370529767065,41.183531203909276],[29.227821016915758,41.183420591043898],[29.228268487521703,41.183303203012251],[29.228712765515127,41.183179085075224],[29.229153673029611,41.183048289928784],[29.229591033097055,41.182910866887035],[29.230024673240891,41.18276687405136],[29.230454418289671,41.182616365465314],[29.230880098461792,41.182459403283922],[29.231301543077326,41.182296048984931],[29.231718585049656,41.18212636810118],[29.232131056393822,41.181950428868852],[29.232538792718152,41.181768301551323],[29.232941633224165,41.181580057086997],[29.233339415316788,41.181385773174412],[29.233731981790903,41.181185525483087],[29.234119173644682,41.180979394414415],[29.234500839961111,41.180767462397597],[29.234876825331696,41.180549813213624],[29.235246981534424,41.180326535375656],[29.235611161245554,41.180097716044621],[29.235969218039696,41.179863447789927],[29.236321009084758,41.179623823857156],[29.236519120842576,41.179483359213613]],[[29.203687211767548,41.190281814163285],[29.201833017155906,41.190543146809233],[29.201382830044537,41.190603476034873],[29.200931295460222,41.190657763096752],[29.200478556235137,41.190705989757909],[29.200024756998008,41.190748142511708],[29.199570036987719,41.190784205145853],[29.199114542629637,41.190814169558344],[29.198658414959294,41.190838024265574],[29.198201799503735,41.19085576319025],[29.197744839095119,41.190867378901331],[29.197287677463883,41.1908728700501],[29.194013742258068,41.190890200661393],[29.193612148613692,41.190887775173756],[29.193210585512013,41.19089222054901],[29.192809258667239,41.190903534757773],[29.192408373793608,41.190921711712384],[29.192008137503613,41.190946741267254],[29.191608753714796,41.190978611922532],[29.191210426344796,41.191017306768146],[29.19081336200605,41.191062805512225],[29.190417762819539,41.191115085832486],[29.190023832702831,41.191174119996937],[29.189631773776881,41.191239878919447],[29.18924178546764,41.191312327427937],[29.188854068099431,41.191391428996511],[29.188468822894894,41.191477143717449],[29.188086244788405,41.191569426273205],[29.187706532307729,41.191668229316569],[29.187329877692239,41.191773504146767],[29.186956474978079,41.191885194625293],[29.186586516404745,41.19200324528844],[29.186220192415046,41.192127593910833],[29.18585768896023,41.192258178265959],[29.1854991937882,41.192394929366131],[29.185144888358693,41.192537778898391],[29.184794955927959,41.192686653140854],[29.184449577057411,41.192841475666668],[29.184108927816851,41.193002166668286],[29.183773182479413,41.193168644309324],[29.183442514419937,41.193340822696875],[29.183117092521737,41.193518614585379],[29.181026348139611,41.194688297231274],[29.180708973349713,41.194861661985428],[29.180386459298091,41.195029529397281],[29.180058972173068,41.195191810958789],[29.179726683552861,41.195348425597146],[29.179389762320689,41.195499289534922],[29.179048385444741,41.195644326429459],[29.178702728096464,41.195783461289018],[29.178352970837231,41.195916621148911],[29.177999292431767,41.196043736423093],[29.177641877034709,41.196164744283827],[29.177280909699036,41.19627957919846],[29.17691657727433,41.196388182392361],[29.176549067508422,41.196490497793356],[29.176178571742533,41.196586474059444],[29.175805280419507,41.196676059171146],[29.175429388473688,41.196759207190759],[29.17505108814461,41.19683587623463],[29.174670576163315,41.196906026445269],[29.174288051057424,41.196969620667012],[29.173903709558072,41.197026626474084],[29.173517749294586,41.197077014142508],[29.173130371489538,41.197120757325983],[29.172741776467298,41.197157834408053],[29.172352166348801,41.197188225121899],[29.171961740560008,41.197211914606285],[29.17058110363018,41.19728374951702],[29.165582341095124,41.197490640378824],[29.165117107202736,41.19750956916819],[29.164652375468599,41.197534545509463],[29.164188279741673,41.197565560608552],[29.163724961057468,41.197602605669942],[29.163262554163286,41.197645669868322],[29.162801198297974,41.197694740349291],[29.162341027310532,41.197749802228827],[29.161882180439811,41.197810840621464],[29.161424791534817,41.197877835232561],[29.159221207973218,41.198215468373228],[29.15874129650739,41.198285624540439],[29.158259800413422,41.19834928569],[29.157776871506577,41.198406430887339],[29.157292667890324,41.198457040547687],[29.156807341379995,41.198501099816013],[29.15632104828239,41.198538593159377],[29.15583394670103,41.198569509774217],[29.155346189349558,41.19859384020711],[29.15485793343306,41.198611575002445],[29.154369335258437,41.198622710110065],[29.153880552929213,41.198627242153776],[29.153391740057248,41.198625167755274],[29.152903055644366,41.19861648826582],[29.152414655099104,41.198601208414246],[29.15192669383006,41.198579330223673],[29.151439329940651,41.198550862474448],[29.150952718839438,41.198515813269076],[29.138569706752527,41.197538728847938],[29.138100222930547,41.197501456637461],[29.137631698509292,41.197457844839178],[29.137164283507392,41.197407908986925],[29.136698124350271,41.197351663936708],[29.136233374649823,41.197289127246648],[29.135770180831447,41.197220320528466],[29.135308691117164,41.197145264040593],[29.134079884741698,41.196936697790079],[29.133273936031731,41.196799896019009],[29.132968640887469,41.196750727531935],[29.132661988388829,41.196706599491343],[29.132354124961164,41.196667533537592],[29.132045199724836,41.19663354860608],[29.131735359105264,41.196604660251282],[29.131424752222728,41.196580883350705],[29.131113528197591,41.196562228049011],[29.130801836150198,41.19654870448975],[29.130489825200904,41.196540318759503],[29.130177644469995,41.196537074916002],[29.129865444874444,41.196538974311771],[29.129553375534638,41.196546015594549],[29.129241585570895,41.196558196734877],[29.128930224103538,41.196575510294508],[29.128619442049505,41.196597949509894],[29.128309386732557,41.196625502208917],[29.128000207273015,41.196658156218149],[29.127692051892897,41.196695895307435],[29.127385068814217,41.196738701217583],[29.127079404462389,41.196786554336455],[29.126775206161113,41.196839430995034],[29.126472618539104,41.196897306171579],[29.126171788021818,41.196960151463401],[29.125872857441362,41.197027937790907],[29.125575970528168,41.197100631341996],[29.125281270114375,41.197178198303554],[29.12498889723549,41.197260601481858],[29.124698992028673,41.197347800302659],[29.124411692834499,41.197439754190889],[29.124127138891854,41.197536417839032],[29.123845464049673,41.197637746614937],[29.123566805750215,41.197743689802167],[29.123291296944178,41.197854198711553],[29.123019069683838,41.197969218569853],[29.122750253326643,41.198088695279267],[29.100331376971592,41.208293672452243],[29.098626673701322,41.20906933435424],[29.098211564903483,41.209261148481822],[29.097799963128509,41.209457193957725],[29.097391945631525,41.209657433574662],[29.096987587870977,41.20986183080057],[29.096586963508802,41.210070347075856],[29.096190148003384,41.210282944516401],[29.09579721501666,41.210499583885991],[29.095408235515457,41.210720223921143],[29.095023283161709,41.210944824033724],[29.094642428922288,41.211173342959768],[29.094265741967433,41.211405738759254],[29.093893294162449,41.211641968140704],[29.093525152880922,41.211881986460789],[29.093161387293151,41.212125749752126],[29.092802064772755,41.212373213371492],[29.092447250896761,41.212624331324079],[29.092097011242224,41.212879056263809],[29.09175141228442,41.213137341520309],[29.091410516007155,41.213399139747743],[29.089773350774905,41.214673466554899],[29.082022251718914,41.220705718916506],[29.081655027617288,41.220986408176259],[29.081281218864635,41.221262099532233],[29.080900945835172,41.221532705208681],[29.080514328004874,41.221798138106003],[29.08012149113787,41.222058313827354],[29.079722559201656,41.222313148651722],[29.079317659757024,41.222562562236511],[29.078906922161362,41.222806474238986],[29.078490476670371,41.223044807694521],[29.078068457133025,41.223277484962615],[29.077640998296655,41.223504433132014],[29.077208235806854,41.223725579290964],[29.076770307105846,41.223940853229948],[29.076327354127471,41.224150185414189],[29.075879516110547,41.224353508335476],[29.075426938582204,41.224550759214083],[29.074969763476219,41.224741874593875],[29.074508137218046,41.224926791693335],[29.074042208029613,41.225105453135079],[29.073572125031326,41.22527780154067],[29.073098036445188,41.225443781557146],[29.072620095883096,41.225603339857443],[29.072138453363731,41.225756426491195],[29.071653265193955,41.22590299218227],[29.071164684985643,41.226042989679911],[29.07067286904568,41.226176375110036],[29.070177972782641,41.226303103921232],[29.069680156994899,41.226423138992402],[29.069179578887653,41.226536439146898],[29.068676399259346,41.226642969286885],[29.068170777111796,41.226742695664008],[29.067662875938375,41.226835585203588],[29.067152856537501,41.226921610234065],[29.066640882402538,41.227000741054887],[29.066127117026934,41.227072954719823],[29.065611723904052,41.227138225577988],[29.065094867425536,41.227196534732755],[29.064576714678076,41.227247863285207],[29.064057428256735,41.227292194361183],[29.063537176146461,41.227329513786906],[29.063016122738933,41.227359810088686],[29.062494436019158,41.227383073141972],[29.061972281277129,41.227399296198023],[29.061449826497761,41.227408473857153],[29.060927238767764,41.227410602068545],[29.06040468337709,41.227405681508564],[29.059882327412407,41.22739371352678],[29.059360339757003,41.227374701497546],[29.058838883904247,41.227348651495227],[29.058318128737422,41.227315572294572],[29.057798239546504,41.227275474019251],[29.057279383418184,41.227228368817627],[29.056761723845828,41.227174273565133],[29.056245428814396,41.227113204459457],[29.055730661817226,41.227045181074253],[29.049509370333912,41.226179581675638],[29.049064370993314,41.226121062842459],[29.048617936144861,41.226069157763177],[29.04817023557019,41.226023888749445],[29.047721443542446,41.225985271354809],[29.047271732538174,41.22595332180633],[29.046821276830549,41.225928052275272],[29.046370251590986,41.225909472228274],[29.045918829296113,41.225897588427436],[29.045467184219021,41.225892406281552],[29.045015492429552,41.225893927819072],[29.025297864506921,41.226104966488847],[29.024890380609179,41.226105767793335],[29.02448297845817,41.226099518834346],[29.024075872751201,41.226086222988123],[29.023669278185618,41.226065887006669],[29.02326340766216,41.226038522369294],[29.022858473183209,41.226004143255544],[29.022454690344475,41.225962767220921],[29.0220522693517,41.225914417223834],[29.021651421308984,41.225859116896167],[29.021252358218732,41.225796895948406],[29.020855288490104,41.225727787467228],[29.020460421430556,41.225651827915293],[29.020067963652593,41.225569057131679],[29.019678121768745,41.225479516980251],[29.019291101493213,41.225383256755315],[29.018907103150283,41.225280325749189],[29.018526331555861,41.225170778657656],[29.018148985237605,41.2250546722019],[29.017775263621541,41.224932067830885],[29.017405360743734,41.2248030310461],[29.017039472436956,41.224667628023305],[29.016677791838951,41.22452593034204],[29.011420806778833,41.222408114074256],[29.011360173192077,41.222383685063761],[29.011048494619406,41.222261008792977],[29.010733658468542,41.22214298162632],[29.01041578870694,41.222029648183629],[29.010095007505488,41.221921054435533],[29.009771440628363,41.221817240946457],[29.009445213839665,41.221718249631508],[29.009116453801891,41.22162411835069],[29.008785288974085,41.221534883611916],[29.008451847815337,41.221450579895141],[29.008116260581382,41.221371241003723],[29.007778657527947,41.22129689736154],[29.007439170707364,41.221227577364495],[29.007097931273641,41.221163309407402],[29.006755073075784,41.22110411715429],[29.006410729064427,41.221050023592248],[29.006065032190275,41.22100105103172],[29.005718118997219,41.220957217727815],[29.005370123334266,41.22091854125874],[29.005021181745292,41.220885035823279],[29.00467142807932,41.220856714943018],[29.004321000676889,41.220833590111582],[29.00397003428526,41.220815669442693],[29.003618666346696,41.220802960373206],[29.003267033405155,41.220795468311792],[29.002915272902833,41.220793195287193],[29.002563520485346,41.220796142651402],[29.002211914493259,41.220804309052312],[29.001860590572154,41.220817691785228],[29.001509686164294,41.220836285441401],[29.001159337813601,41.220860082583783],[29.000809682063974,41.220889073747074],[29.000460854561069,41.220923248113309],[29.000112990950424,41.220962592160525],[28.999766227776046,41.221007091014364],[28.999420698886823,41.221056726420606],[28.999076539030135,41.221111479448318],[28.998733882054896,41.2211713291384],[28.9983928618101,41.221236251827747],[28.996044451858378,41.221701943408476],[28.995540076572432,41.221804754370559],[28.995037624579506,41.221912760470659],[28.994537190202728,41.22202594208828],[28.994038866866859,41.222144277574941],[28.993542749793299,41.222267744605332],[28.993048931508572,41.222396319501819],[28.992557505437457,41.222529978585726],[28.992068564106408,41.222668696150286],[28.991582198245268,41.222812446487836],[28.991098501278877,41.222961202538549],[28.990617563038672,41.223114935890173],[28.99013947515289,41.223273618129618],[28.989664326554742,41.223437218140404],[28.989192207075675,41.223605706832075],[28.988723205648995,41.22377905105958],[28.967087149080307,41.231911233162549],[28.966766726306691,41.232028677917462],[28.966443245667822,41.232141280624298],[28.96611683562282,41.232248996044717],[28.96578762642736,41.232351781641945],[28.965455750133856,41.23244959555376],[28.965121339692935,41.232542399295049],[28.964784528055244,41.232630155055318],[28.964445450866435,41.232712828400906],[28.964104242873745,41.232790386248361],[28.963761041519465,41.232862797539745],[28.963415982449153,41.232930033242923],[28.963069205800018,41.232992067026821],[28.962720848116003,41.233048872559152],[28.962371050432566,41.233100428911158],[28.962019951090266,41.233146714477208],[28.961667692022989,41.233187711028265],[28.961314412469498,41.233223402360835],[28.960960255261984,41.23325377429672],[28.960605360537652,41.233278814007726],[28.960249872026903,41.233298512042126],[28.959893929866922,41.233312860297907],[28.95953767778818,41.233321853374221],[28.95918125772447,41.23332548721978],[28.958824812507952,41.233323760484481],[28.958468484072384,41.23331667384339],[28.958112415249975,41.233304230672601],[28.957756748872807,41.233286435697984],[28.95740162687467,41.233263295670767],[28.957047191189421,41.23323482004318],[28.956693582852569,41.233201019617212],[28.956340944696212,41.23316190924708],[28.955989416857534,41.23311750310998],[28.955639139473746,41.233067820110996],[28.955290253580333,41.233012879829445],[28.954068304943736,41.232810804584162],[28.942680256085769,41.230926860631556],[28.942244983703045,41.230854827551347],[28.941850783193448,41.230792220192242],[28.941455228024392,41.23073464590626],[28.941058433180242,41.230682120920861],[28.940660510950405,41.230634661462375],[28.940261576319269,41.230592279702414],[28.939861744271134,41.230554988487057],[28.939461129790388,41.230522798634475],[28.93905984696308,41.230495718934925],[28.938658011671883,41.230473757501819],[28.938255738901134,41.230456921096199],[28.93785314543182,41.230445213775603],[28.937450345350008,41.230438639596329],[28.93704745453832,41.230437199911101],[28.936644589777817,41.230440894720253],[28.936241866052789,41.230449724698559],[28.935839399245936,41.230463685114735],[28.935437304341615,41.230482773938768],[28.935035697222474,41.230506983734614],[28.934634693771226,41.230536309091903],[28.934234408972188,41.230570741221051],[28.933834956911422,41.230610269980204],[28.933436453471629,41.230654883875026],[28.933039011840467,41.230704570734609],[28.932642747900633,41.23075931500874],[28.932247773941569,41.230819102497492],[28.931854204049301,41.230883914946077],[28.931462150513234,41.230953734098833],[28.9310717274194,41.231028540347694],[28.930683046158897,41.231108311381199],[28.930296217224512,41.231193024211436],[28.929911353803945,41.23128265517375],[28.929528564593408,41.231377178575855],[28.929147960983947,41.231476566022081],[28.928769651671704,41.231580790467028],[28.925174047728959,41.232597105549544],[28.92448140352576,41.232789036465348],[28.923785537065644,41.23297420913962],[28.923086564231294,41.233152591878373],[28.922384601803675,41.233324156363558],[28.921679762970481,41.233488874275331],[28.920972168106026,41.233646716616491],[28.920261935787888,41.233797659116696],[28.919549182797066,41.233941674801677],[28.918834026812842,41.234078740748245],[28.918116587311189,41.234208834031449],[28.917396983768,41.234331933075161],[28.916675336557553,41.234448016976948],[28.91595176515575,41.234557067534304],[28.915226390835208,41.234659064516059],[28.91449933217347,41.234753992417581],[28.913770714036414,41.234841835732119],[28.913040652306684,41.234922579626279],[28.912309272748445,41.234996209264395],[28.911576694837645,41.235062714537342],[28.910843041643417,41.235122083307068],[28.910108434438339,41.235174305459893],[28.909372997189976,41.235219372906471],[28.908636848475883,41.235257277555085],[28.90790011495854,41.235288014013875],[28.907162917012201,41.235311576213014],[28.906425377706064,41.235327960107121],[28.890143248789702,41.235609208771741],[28.88965475481967,41.235614082102231],[28.889166228510284,41.235611898088237],[28.88867784503303,41.235602656053459],[28.888189786745897,41.235586359372647],[28.887702230617009,41.235563015471428],[28.887215356309444,41.235532632448745],[28.886729340791277,41.235495221103356],[28.886244365522217,41.235450794934039],[28.885760603877102,41.235399370814946],[28.885278234620646,41.235340967644717],[28.884797436517658,41.235275604995365],[28.884318382942961,41.235203309192158],[28.883841250864624,41.23512410655821],[28.883366215454178,41.235038024090272],[28.882893449188135,41.234945094862759],[28.88242312544136,41.234845353299349],[28.874358684132787,41.233071760676857],[28.87407206765824,41.233005820852817],[28.873787682598849,41.232934587906186],[28.873505700532856,41.232858104380405],[28.864737536098712,41.230387262879368],[28.86435528228408,41.230283206781067],[28.863970028096375,41.230185665270206],[28.863581965775115,41.230094685667723],[28.863191293847944,41.230010315968151],[28.862798208147609,41.229932597408542],[28.862402908100101,41.229861569197311],[28.862005593131396,41.229797267838464],[28.861606465362453,41.229739725780632],[28.861205724219253,41.229688971416806],[28.860803573619378,41.229645031786823],[28.8604002165821,41.229607927847965],[28.85999585702492,41.229577678528671],[28.859590699763796,41.229554299377355],[28.859184946919623,41.229537802562064],[28.858778807799901,41.229528195519741],[28.858372483627203,41.229525484333784],[28.857966181912406,41.229529669005046],[28.857560107471375,41.229540748180987],[28.857154465120015,41.229558715777671],[28.856749460572491,41.229583563682326],[28.856345298644683,41.229615279050641],[28.855942183254186,41.229653844306988],[28.85554031652196,41.229699241873739],[28.855139904162165,41.229751448090738],[28.854741146499119,41.229810437268867],[28.854344246552081,41.229876177636761],[28.853949402848727,41.229948638772171],[28.853556816611679,41.23002778146828],[28.853166687266924,41.230113566516273],[28.85277920885061,41.230205952003182],[28.852394578992016,41.230304889258392],[28.852012992625632,41.230410329609477],[28.85163464199092,41.230522218977832],[28.85125971753067,41.230640501256389],[28.850888410586066,41.230765116283102],[28.850520906210079,41.230896001867798],[28.850157392150596,41.231033091089898],[28.849798052562193,41.23117631500083],[28.844128231441921,41.233497829496045]]]},"properties":{"objectid_12":6,"objectid":6,"metin":"ERİŞME KONTROLLÜ KARAYOLU (OTOYOL)","durum_2016":"MEVCUT","durum_2025":"MEVCUT","adi":"KUZEY MARMARA OTOYOLU (3. BOĞAZ KÖPRÜSÜ DAHİL)","shape_leng":27070.946842500001,"SHAPE__Length":51089.506146064297}},{"type":"Feature","id":7,"geometry":{"type":"LineString","coordinates":[[28.825789373749949,41.231205792739722],[28.819584180076522,41.232770369868717],[28.811132775086296,41.234900643999921],[28.810895973787492,41.234964020923101],[28.810662440559728,41.235033969475992],[28.810432496101498,41.235110393710464],[28.810206453924867,41.235193186868081],[28.809984625745248,41.235282238135859],[28.80976731429487,41.235377424539912],[28.809554816017773,41.23547861567431],[28.809347424663077,41.235585673025859],[28.809145421403436,41.23569844929866],[28.80894908381832,41.235816791116541],[28.808758681402264,41.235940535645398],[28.808574475565052,41.236069514646751],[28.808396717834942,41.236203549073785],[28.808225650757073,41.236342457853205],[28.805921988584604,41.238283813423827],[28.805751932111409,41.238422002418417],[28.805575361055794,41.238555455813596],[28.805392508081407,41.238683997331144],[28.805203610343458,41.238807460150397],[28.805008918471923,41.238925682854777],[28.804808683995102,41.239038508756117],[28.804603173712632,41.239145791974053],[28.804392651729149,41.239247390680816],[28.804177396522459,41.239343171154069],[28.803957690163514,41.239433009127687],[28.803733821011559,41.239516786414036],[28.803506081019044,41.239594393605991],[28.803274769324972,41.239665729401111],[28.803040188661559,41.239730699250636],[28.80280264715098,41.239789218061155],[28.802562453813703,41.239841210870217],[28.802319925754965,41.239886607441967],[28.774193300510028,41.244741454520145],[28.773739121285519,41.244816118007279],[28.773283018768002,41.244883774373442],[28.772825182501986,41.244944395947144],[28.77236580293032,41.244997958432208],[28.77190507049583,41.245044437530126],[28.771443179234609,41.24508381636997],[28.770980319589526,41.245116076052305],[28.770516683800011,41.245141205105156],[28.770052465003914,41.245159192054352],[28.769587857237276,41.245170029475865],[28.769123052739605,41.245173713996166],[28.768658246445277,41.245170242914625],[28.755159100075744,41.244964713222821],[28.754836831264225,41.244962601793461],[28.754514584012238,41.244966117465161],[28.754192530796363,41.24497526023692],[28.753870844093097,41.244990023352059],[28.731898578656295,41.246188956564126],[28.731454750718814,41.24620963548243],[28.731010449369197,41.246223351404922],[28.730565866846852,41.246230097581758],[28.730121192696373,41.246229870637926],[28.729676621852164,41.246222671248709],[28.729232346553694,41.246208502789038],[28.72878855634546,41.246187369982366],[28.728345443466935,41.24615928430417],[28.727903200157602,41.246124255877],[28.72746201686034,41.246082300899964],[28.727022083119611,41.246033436245469],[28.726583590276594,41.24597768486263],[28.72614672787584,41.245915069023155],[28.725711682766882,41.24584561775081],[28.725278644494306,41.245769358716572],[28.718419653363824,41.244504407176983],[28.718128462667831,41.244454030368658],[28.717835474442968,41.244409988539026],[28.717540932132668,41.244372318174953],[28.717245076485437,41.244341051033537],[28.716948152741299,41.244316213466497],[28.716650406140374,41.244297824393612],[28.716352082821057,41.24428590003118],[28.7160534289217,41.24428044916354],[28.715754690580695,41.244281477871326],[28.715456114834751,41.244288983452414],[28.715157947822295,41.244302961851929],[28.714860436579983,41.244323398881328],[28.714563825449563,41.244350280350105],[28.714268360569474,41.244383583285071],[28.713974284484799,41.244423278632311],[28.70459704162678,41.245793870848154],[28.704509147764444,41.24580671352367],[28.70410782002137,41.245868149487514],[28.703707954735574,41.24593475987227],[28.703309669586378,41.246006524399277],[28.702913083151351,41.24608342143781],[28.702518312211563,41.246165429355955],[28.702125472649598,41.246252523143717],[28.701734680348192,41.246344677114458],[28.701346051189958,41.246441864229766],[28.700959699260999,41.24654405609936],[28.700575738647316,41.246651222305637],[28.700194283434971,41.2467633310793],[28.69981544591333,41.24688034997466],[28.699439336575242,41.247002243168026],[28.699066067710046,41.247128975510385],[28.698695748912286,41.247260509825608],[28.698328489776369,41.247396806910579],[28.697964398998447,41.247537826210561],[28.697603583478045,41.247683526494797],[28.697246149216387,41.247833864505687],[28.696892202214656,41.247988796309428],[28.696541846677462,41.248148275270346],[28.696195185910984,41.248312255427301],[28.695852323221548,41.248480687441976],[28.695513358322145,41.24865352197547],[28.695178392722347,41.248830708337749],[28.694847523440284,41.24901219381227],[28.694520850188901,41.249197924331327],[28.694198467291322,41.249387846502536],[28.693880470867267,41.24958190220552],[28.693566955239834,41.249780036021257],[28.693258012037226,41.249982188478462],[28.692953732887549,41.250188300781062],[28.692654206724043,41.250398310756154],[28.692359523378236,41.25061215690635],[28.692069769088423,41.250829776383533],[28.691785028296184,41.251051104989124],[28.691505387239804,41.251276077173827],[28.691230926767673,41.251504626713476],[28.690961727728155,41.251736686033311]]},"properties":{"objectid_12":7,"objectid":7,"metin":"BİRİNCİ DERECE YOL","durum_2016":"MEVCUT","durum_2025":"MEVCUT","adi":"KUZEY MARMARA OTOYOLU (3. BOĞAZ KÖPRÜSÜ DAHİL)","shape_leng":11254.5029744,"SHAPE__Length":15782.757924534035}},{"type":"Feature","id":8,"geometry":{"type":"MultiLineString","coordinates":[[[28.844128231441921,41.233497829496045],[28.839494378049967,41.235394833211913]],[[28.839468705097488,41.235405342589161],[28.839014754045046,41.235587242976578],[28.838556590792283,41.23576302384982],[28.838094360866201,41.23593262851346],[28.837628206200655,41.23609600432389],[28.837158279509236,41.236253099987557],[28.836684725420668,41.236403864884878],[28.836207693953675,41.236548252448294],[28.835727338720115,41.236686216108723],[28.835243808840314,41.236817712673179],[28.834757257926249,41.236942700298187],[28.834267840488103,41.237061138489693],[28.833775709239493,41.237172992831752],[28.833281021385581,41.237278224853426],[28.832783933233188,41.237376802837311],[28.832284601089281,41.237468695739608],[28.831783184853879,41.237553873190251],[28.831279839935569,41.23763231022135],[28.830774728031066,41.237703980512052],[28.830268006345605,41.23776886246808],[28.829759837474214,41.237826934493178],[28.829250380418721,41.237878178366635],[28.828739796875833,41.237922578567641],[28.82822824854237,41.237960120924399],[28.827715896216695,41.237990793289491],[28.827202903392227,41.238014586215407],[28.826689429070782,41.238031491603444],[28.826175639440656,41.238041504730404],[28.82566169440199,41.238044622897391],[28.825147757448146,41.238040843403397],[28.824633992072535,41.238030169624707],[28.82412055817526,41.238012602908981],[28.814519636608139,41.237619146419703],[28.796101131588152,41.236952548088567],[28.79575709749556,41.236943502145344],[28.795412867570267,41.236941312771535],[28.795068680764103,41.236945981994438],[28.794724777825586,41.236957505759371],[28.794381397706516,41.236975875280962],[28.794038777562221,41.237001080420548],[28.793697159039461,41.237033100228956],[28.793356779293461,41.237071915781613],[28.793017873682867,41.237117498018975],[28.792680679362874,41.237169815177261],[28.792345431692095,41.237228830762206],[28.792012364232505,41.237294505575449],[28.791681706952858,41.237366790959534],[28.791353693415068,41.23744563893068],[28.791028549994603,41.23753099339708],[28.790706503066936,41.237622795563333],[28.790387776312542,41.237720980552673],[28.790072594310264,41.237825480784849],[28.782657616985833,41.240372242396447],[28.782325296026265,41.240482647555147],[28.781989462653907,41.24058682048927],[28.781650320786408,41.240684699759491],[28.781308078832826,41.240776223249433],[28.780962946100654,41.240861337622576],[28.780615130999074,41.240939989540927],[28.780264847327079,41.241012131743915],[28.779912309782031,41.241077718320504],[28.779557732162971,41.241136712138896],[28.779201330963875,41.241189074714633],[28.778843325373693,41.241234774991554],[28.778483933683024,41.241273785288918],[28.778123373284195,41.241306081301602],[28.777761865162702,41.241331643450536],[28.777399631202481,41.24135045620767],[28.770130208801852,41.241659712544397],[28.769815230717143,41.241675634848598],[28.769500770960359,41.241696596868302],[28.769186971465313,41.241722589817392],[28.768873972369178,41.241753603557761],[28.768561915605797,41.241789621870936],[28.763544218381181,41.24240985001623],[28.763149418695253,41.242455299516564],[28.7627533981989,41.242494217897431],[28.762356342843326,41.242526586257306],[28.761958443969675,41.242552390421238],[28.761559892020838,41.242571618238522],[28.761160878337929,41.242584258232135],[28.760761594262117,41.242590305677531],[28.760362229337979,41.242589757874811],[28.7599629767032,41.242582614823675],[28.750235249848867,41.24232776038135],[28.749851254200891,41.242320552456654],[28.74946714716182,41.242319075882307],[28.749083075157028,41.242323332009761],[28.748699189103498,41.242333318135927],[28.74831564081655,41.242349031556301],[28.747932578518128,41.242370464836704],[28.747550153125285,41.242397611216731],[28.735290286589116,41.243359580348923],[28.73479674318887,41.243394764262476],[28.734302416457691,41.243422981492074],[28.733807476177155,41.24344422123955],[28.733312096620477,41.24345847675707],[28.732816450264163,41.243465743996502],[28.732320710483048,41.243466018231899],[28.71656604625035,41.243362570600716],[28.716236466949024,41.243363427756627],[28.715907014310154,41.243370372813281],[28.715577885963096,41.243383401040504],[28.7152492777406,41.243402503653655],[28.696542365005385,41.244662439735208],[28.695718020594992,41.244720065921271],[28.694894228648547,41.244782003410123],[28.694071030488477,41.244848247461398],[28.693248464742371,41.244918796035712],[28.692426571834428,41.24499364574195],[28.687595761019825,41.245446306456095],[28.683508619614862,41.245829119643368],[28.673579247030396,41.246758507210529],[28.673082927835924,41.246802286744369],[28.672585841480188,41.246840829028031],[28.672088084082926,41.246874126641195],[28.671589755357179,41.246902172837686],[28.671090953219256,41.246924962896308],[28.670591773788924,41.246942491419134],[28.670092317677451,41.246954755033407],[28.669592681004662,41.246961751715766],[28.669092963483465,41.246963480792459],[28.668593263030242,41.24695994023768],[28.668093676663091,41.246951132076845],[28.66759430499328,41.246937056983178],[28.667095244140526,41.246917719005886],[28.666596592919586,41.246893120841968],[28.666098450145107,41.246863267888799],[28.665600912835099,41.246828166217981],[28.665104078905951,41.246787821899908],[28.664608046274047,41.24674224370537],[28.664112912855742,41.246691439728465],[28.663618774770782,41.246635420763724],[28.66312573083383,41.24657419760468],[28.661192408120389,41.246323643639599],[28.646133742400185,41.244370907840818],[28.64063246588843,41.243657009422783],[28.640139695937656,41.243590235282241],[28.639648218662565,41.243518276947412],[28.63915812928456,41.243441148585802],[28.63866952572009,41.243358865714569],[28.638182503190475,41.243271443174358],[28.637697156917177,41.243178899181927],[28.637213583019953,41.243081251953022],[28.636731875821898,41.242978520377648],[28.636252129646106,41.242870724020285],[28.635774438815673,41.242757884470642],[28.635298897653726,41.242640023993054],[28.634825598686707,41.242517165526166],[28.634354635339434,41.242389333358616],[28.633886099240087,41.242256552453661],[28.633420083813398,41.242118848448882],[28.632956678890938,41.241976249007671],[28.632495976999149,41.241828781116837],[28.632038067071264,41.241676475139819],[28.631583040735467,41.241519359412813],[28.631130985128305,41.241357466324175],[28.630681990979618,41.241190826234941],[28.630236144527693,41.241019472207427],[28.629793534705744,41.240843437978818],[28.629354248650355,41.240662757960983],[28.62891837080312,41.240477467240765],[28.628485988300692,41.240287603606447],[28.628057185584662,41.240093202143626],[28.627632046198329,41.23989430266608],[28.62721065458339,41.239690943635878],[28.626793093384837,41.23948316419029],[28.626379443451015,41.239271006168245],[28.625969786528625,41.239054510732728],[28.625564203466038,41.238833720397402],[28.625162773315033,41.23860867835122],[28.624765576025649,41.238379428458366],[28.624372687954644,41.238146015933815],[28.623984186357202,41.237908486668026],[28.6236001484884,41.237666887226709],[28.623220649806761,41.237421264851172],[28.622845763075759,41.237171667458028],[28.622475563753913,41.236918144315069],[28.62211012370642,41.236660745365619],[28.621749514798548,41.236399520553086],[28.621393807997173,41.236134521172161],[28.621043072472602,41.235865799868634],[28.620697377395075,41.235593408613077],[28.620356790138249,41.235317400727354],[28.620021378974094,41.235037830884728],[28.619691208581312,41.234754753758793],[28.619366343638582,41.234468225374613],[28.619046848824635,41.234178300406612],[28.617784582001477,41.233017415571155],[28.612809738009165,41.228441608979317],[28.611097855403166,41.226866843828923],[28.610587433557022,41.226401483604349],[28.610071494258442,41.225939575279945],[28.609550078829855,41.225481154737956],[28.609023229492124,41.225026259212385],[28.608490988466084,41.22457492458647],[28.607953397972523,41.224127188095125],[28.607410502028877,41.223683085622355],[28.606862342855965,41.223242652376875],[28.606308965369585,41.222805922892057],[28.60575041268886,41.222372933728664],[28.605186730627871,41.221943719420672],[28.604617965000674,41.221518313826614],[28.604044158926403,41.221096750805273],[28.603465360914125,41.220679064891321],[28.602881615879561,41.220265289943931],[28.602292970535135,41.219855457795347],[28.601699473389854,41.219449602980696],[28.601101170257795,41.219047756656636],[28.600498109648012,41.218649952007077],[28.599890340967804,41.218256220864546],[28.599277911827926,41.217866595061494],[28.598660870737351,41.217481104403355],[28.598039268001777,41.217099782073902],[28.597413153926848,41.216722656526905],[28.596782577021571,41.216349759594685],[28.596147589388281,41.215981121082116],[28.595508241332581,41.215616769442605],[28.594864584058467,41.215256735156402],[28.594216668769882,41.214901046000662],[28.59356454756918,41.214549731779606],[28.592908272558571,41.214202820269847],[28.592649105005833,41.214067141889785],[28.590199256393909,41.212784546667827],[28.588414996525469,41.211850350343596],[28.587936780180598,41.211596468834124],[28.587462728425372,41.21133820317398],[28.586992914023359,41.211075592507164],[28.5865274052465,41.210808675301685],[28.586066273061693,41.210537492052644],[28.585609586639226,41.210262083254989],[28.585157414251078,41.209982489403544],[28.584709823270888,41.209698753020369],[28.584266880173949,41.209410916627625],[28.58382865233397,41.209119023423135],[28.583395204429589,41.208823115928887],[28.582966602936175,41.208523239370258],[28.582542909837468,41.208219438296958],[28.582124190710495,41.207911758610216],[28.581710506640718,41.207600245535907],[28.581301919611835,41.207284946327363],[28.580898492505913,41.206965907562477],[28.580500283713537,41.206643177170996],[28.580107354320027,41.20631680375876],[28.579719762715978,41.20598683593213],[28.579337566393523,41.205653322297785],[28.57896082284482,41.205316314166176],[28.578589588663782,41.20497586082071],[28.578223919545895,41.204632014248673],[28.57786387028845,41.204284824410415],[28.577509493892013,41.203934344646086],[28.57716084425553,41.203580626268923],[28.576817974379544,41.203223722620287],[28.57648093367149,41.202863687718242],[28.576149774233571,41.202500574229838],[28.57582454457485,41.202134437526247],[28.575505294102651,41.20176533230368],[28.575192070427704,41.201393312583278],[28.57488492026237,41.201018435766493],[28.574583889420769,41.200640756552126],[28.574289022818675,41.200260331667444],[28.574000366270088,41.199877218516818],[28.573717961097604,41.199491474505514],[28.573441850420309,41.19910315703985],[28.573172075560677,41.198712323527126],[28.572908676044648,41.198319034079518],[28.57265169319469,41.197923346106599],[28.572401162943443,41.197525319046918],[28.572157125715016,41.19712501301607],[28.57191961564547,41.196722487454984],[28.571688669565713,41.196317802481772],[28.571464320713407,41.19591101956776],[28.571246605021134,41.195502198157605],[28.571035553031663,41.195091401077129],[28.570831197084292,41.194678688449727],[28.570633567721789,41.194264122427995],[28.570442693690222,41.193847765165941],[28.570258605532327,41.193429678819022],[28.56904972917976,41.190630084177414],[28.567949641503024,41.188082216069844],[28.567790799597859,41.187721936981333],[28.567625232006154,41.187363374394728],[28.567452971965611,41.187006599998469],[28.567274052713817,41.186651684806428],[28.567088511081788,41.186298699157796],[28.566896382103778,41.185947712717009],[28.566697705305621,41.185598795149886],[28.566492519314963,41.185252015447467],[28.56628086455591,41.184907443278135],[28.566062784147647,41.184565146283205],[28.565838320310981,41.184225192781376],[28.565607517961659,41.183887650416452],[28.565370423812102,41.183552585481038],[28.565127082778027,41.183220064269044],[28.564877545165178,41.182890153751352],[28.564621858584157,41.182562918871689],[28.564360075137309,41.182238424574763],[28.564092246028622,41.181916735130194],[28.563818425156967,41.181597914808371],[28.563538666421294,41.18128202652845],[28.563253024618831,41.180969132534287],[28.56296155724176,41.180659295746693],[28.562664321782222,41.180352577058777],[28.562361376630768,41.1800490380406],[28.562052782872765,41.179748738234487],[28.561738601593717,41.179451737183442],[28.56141889477739,41.179158094430932],[28.561093725305778,41.178867867492727],[28.56076315875594,41.1785811152373],[28.560427259806595,41.178297893152937],[28.560086094933034,41.17801825808067],[28.559739732407266,41.177742265509494],[28.559388241399535,41.177469970252773],[28.55903169018179,41.177201426447816],[28.558670150619292,41.176936686880111],[28.558303693678919,41.176675805011321],[28.557932392124197,41.176418831598802],[28.557556319617024,41.176165818076036],[28.557175551615856,41.175916814524435],[28.55679016268089,41.175671871025294],[28.556400230067201,41.175431035631561],[28.556005829233285,41.175194355719846],[28.555607041027507,41.174961879342852],[28.555203941806695,41.174733651848534],[28.554796614215846,41.174509718584638],[28.554385136408374,41.174290124222544],[28.553969591927604,41.174074912757121],[28.553550062520245,41.173864126154498],[28.553126631729626,41.173657806380398],[28.552699382200714,41.173455994724009],[28.552268400171791,41.173258731121763],[28.551833770982821,41.173066054833313],[28.551395579973764,41.172878003765696],[28.550953914281163,41.172694615825186],[28.550508861041639,41.172515926212803],[28.550060510086709,41.172341972157497],[28.549608949451244,41.172172786830501],[28.549154268068499,41.172008404754749],[28.548696556668311,41.171848857071296],[28.548235905980523,41.171694177625504],[28.547772407633264,41.171544395528358],[28.547306153254713,41.171399540566362],[28.546837235371335,41.171259641848849],[28.546365746509629,41.171124727808149],[28.54589178099269,41.170994824170911],[28.545415432245289,41.170869957338923],[28.544936794590548,41.170750151684537],[28.544455963249899,41.170635431578994],[28.543973033444725,41.170525819363924],[28.535559174440117,41.16866996012331],[28.534715928577864,41.168481368300469],[28.533874562889501,41.16828807611418],[28.533035124087409,41.168090092313939],[28.532197657087384,41.167887429029406],[28.531362210398431,41.167680097713273],[28.530528827139676,41.167468108464895],[28.529697555820132,41.167251473411447],[28.528868439558988,41.167030204679243],[28.520049980248718,41.164648649539352],[28.519575844950197,41.164523381756389],[28.519099409066211,41.16440316143818],[28.518620768716513,41.164288011605663],[28.51814001822423,41.16417795527903],[28.517657253709093,41.164073014801097],[28.517172570392486,41.163973210484734],[28.516686066190797,41.163878563318022],[28.516197837223782,41.16378909090664],[28.515707979611125,41.163704811531311],[28.51521659216758,41.163625742795432],[28.514723771911132,41.163551898919735],[28.514229617656493,41.163483296152677],[28.513734227320018,41.163419946683881],[28.513237698818084,41.163361864054195],[28.512740131863673,41.163309059774498],[28.512241624373171,41.163261544678051],[28.511742276957875,41.16321932689192],[28.511242188432448,41.163182416570486],[28.510741457611626,41.163150819809367],[28.510240184208357,41.163124543379062],[28.50973846973228,41.163103592696366],[28.509236411201449,41.163087971147718],[28.508734111023831,41.163077682794672],[28.508231667115744,41.16307272899239],[28.507729180986829,41.163073111094533],[28.507226752350093,41.163078829101103],[28.506724480020253,41.163089881658102],[28.506222464608548,41.16310626673399],[28.505720806726355,41.163127980266985],[28.505219605188287,41.163155019546686],[28.504718960605718,41.163187377803645],[28.5042189717933,41.163225048943403],[28.503719738464074,41.163268025517688],[28.503221360330951,41.163316299400627],[28.502723936208678,41.163369860436255],[28.502227564013609,41.163428697791119],[28.501732344357045,41.16349280063038],[28.501238375155342,41.16356215541304],[28.500745754324882,41.163636747920464],[28.500254580680348,41.163716564609246],[28.499764950341493,41.163801588553149],[28.499276962122963,41.163891803501372],[28.498790713042816,41.163987190496627],[28.498306298322479,41.164087731256913],[28.497823816776659,41.16419340614646],[28.466062667180964,41.171326901652158],[28.465586154041862,41.171431142816829],[28.465107757135641,41.171530374528174],[28.46462756898871,41.171624577199111],[28.464145683025901,41.17171373259405],[28.463662193570304,41.171797823152453],[28.463177193148422,41.171876832665106],[28.462690777879946,41.171950746274142],[28.462203040291374,41.172019549120435],[28.461714076502464,41.172083227696262],[28.461223981734577,41.172141770521286],[28.460732849412576,41.172195164761561],[28.460240776554446,41.172243401639257],[28.459747858381615,41.172286471022822],[28.459254191013869,41.172324364808127],[28.458759869672573,41.172357075566154],[28.45826499047751,41.172384596542656],[28.457769649548371,41.172406922334652],[28.457273943903246,41.172424049566544],[28.456777968763525,41.172435974185305],[28.456281821147261,41.17244269416512],[28.455785597174213,41.172444208155227],[28.455289393862394,41.172440515479842],[28.433932731313387,41.172167269770675],[28.433447134410134,41.172158671973961],[28.432961722559849,41.172145398298952],[28.43247657661087,41.172127451447572],[28.431991774716646,41.172104833444607],[28.431507397725554,41.172077549694698],[28.43102352379103,41.172045603573046],[28.430540231964798,41.172008999806181],[28.430057602196953,41.171967745148201],[28.429575713539183,41.171921846352355],[28.429094643246671,41.171871310847003],[28.42861447216772,41.171816146735772],[28.417759475514508,41.170515035840417]]]},"properties":{"objectid_12":8,"objectid":8,"metin":"ERİŞME KONTROLLÜ KARAYOLU (OTOYOL)","durum_2016":"İNŞAAT","durum_2025":"MEVCUT","adi":"KUZEY MARMARA OTOYOLU (3. BOĞAZ KÖPRÜSÜ DAHİL)","shape_leng":58917.809104200001,"SHAPE__Length":53200.408395850005}},{"type":"Feature","id":12,"geometry":{"type":"LineString","coordinates":[[28.111865975127976,41.070421791452098],[28.116343101248933,41.071584370481375],[28.11663561695995,41.071663927385615],[28.116924962516315,41.071749871814006],[28.117210891779678,41.071842129923695],[28.117493165798155,41.071940625838707],[28.117771547416478,41.072045274200555],[28.118045802174436,41.07215598964968],[28.118315698306571,41.072272676666877],[28.118581009437559,41.072395239054877],[28.118841514581742,41.072523572488777],[28.119096989160344,41.072657569934243],[28.119347223865876,41.072797118261157],[28.119592004899332,41.072942099598585],[28.119831128343133,41.073092392689141],[28.120064390279705,41.073247870180275],[28.120291597571242,41.073408402010664],[28.120994953285862,41.073919997424724],[28.124052558001601,41.076657036061953],[28.124820668773491,41.077378268708664],[28.126396901280025,41.078633170353335],[28.128025974488192,41.079803146220712],[28.131040637038382,41.081853207865343],[28.134301862879564,41.084097765518486],[28.137513494530527,41.08632237155242],[28.138785402971628,41.087219606110551],[28.139993865200832,41.088134860553176],[28.141472612532752,41.08929269097365],[28.143663640341654,41.091100431955688],[28.144918311010787,41.092168845126963],[28.146601091794849,41.093692000663374],[28.147986326302316,41.095048353092622],[28.150326169919481,41.09740151906572],[28.152039771900963,41.099182374737332],[28.154293094281549,41.101486425433237],[28.157440240369837,41.104719525932659],[28.158140171706588,41.105369168163911],[28.158877895167397,41.106019411125672],[28.159900478896326,41.106845723992087],[28.160601785553798,41.107447728729504],[28.161602416253828,41.108159326850696],[28.162738939598473,41.10896837490035],[28.163926128823444,41.109768689908599],[28.16568708280019,41.110778243825699],[28.16758582846002,41.11181855026777],[28.168914310102796,41.112525770798833],[28.171428160983758,41.113652024455909],[28.172836778638072,41.114198478058839],[28.174482867734358,41.114815383154856],[28.176590936126775,41.115522346711927],[28.178545117721118,41.116177654239252],[28.178823969158355,41.116273907888257],[28.17910001336033,41.116374649049654],[28.179373122766254,41.116479832359339],[28.179643171612032,41.116589408391945],[28.179910035930131,41.116703327044924],[28.180173591753022,41.116821535508045],[28.18043371780816,41.116943979617083],[28.180690295517902,41.117070602500327],[28.180943204508061,41.117201346609036],[28.181192329794211,41.117336150333514],[28.18143755549373,41.117474952740601],[28.181678769317209,41.11761768883634],[28.181915859873513,41.117764293626578],[28.182148717568193,41.117914698733472],[28.182377234603432,41.118068835778971],[28.182601306774629,41.118226632324607],[28.182820830775558,41.118388016608591],[28.183035704198282,41.118552914162464],[28.183710087448382,41.119081531394173]]},"properties":{"objectid_12":12,"objectid":12,"metin":"ERİŞME KONTROLLÜ KARAYOLU (OTOYOL)","durum_2016":"MEVCUT","durum_2025":"MEVCUT","adi":"MEVCUT OTOYOL","shape_leng":8284.9766688,"SHAPE__Length":10922.862243715126}},{"type":"Feature","id":13,"geometry":{"type":"LineString","coordinates":[[28.239616631357709,41.07873499650735],[28.239629078414289,41.080081057035521],[28.239635106109848,41.080250964802765],[28.2396500388048,41.080420557938083],[28.23967385044806,41.080589569651842],[28.239706506903577,41.080757732479803],[28.239747955170788,41.080924783700496],[28.239798128774339,41.081090458563644],[28.239856950459149,41.081254497061465],[28.239924326800413,41.081416639865736],[28.240000153593542,41.081576631713538],[28.240084309565994,41.081734222761206],[28.240176662665391,41.081889162489993],[28.240277067364708,41.082041207831686],[28.240385366458714,41.08219011910554],[28.240501388369236,41.082335662726557],[28.240624950738262,41.082477607819918],[28.240755858631353,41.08261573163751],[28.240893907232635,41.082749816849429],[28.241038878251519,41.082879652220853],[28.241190544414206,41.08300503328892],[28.2413486649722,41.083125762362634],[28.241512991990476,41.08324164919965],[28.241683266754269,41.083352511683259],[28.241859223362233,41.083458175144983],[28.242040579743353,41.083558473718782],[28.244492806195829,41.084858913800282],[28.244792239832865,41.085021942150235],[28.245086216204527,41.085190559474981],[28.245374554749478,41.085364662136975],[28.245657074906362,41.085544141758781],[28.245933604198569,41.085728887931552],[28.246203971047951,41.085918785506756],[28.246468004774563,41.086113715950709],[28.246725544580027,41.086313558698571],[28.246976429665825,41.086518191154681],[28.247220505521792,41.086727485307293],[28.247457619434286,41.086941313145232],[28.247687624079621,41.087159539210184],[28.247910379320643,41.087382030753176],[28.248125744121808,41.087608649609535],[28.248333587329082,41.087839253553327],[28.248533777788445,41.088073702391071],[28.24872619243073,41.088311847805976],[28.248910713576624,41.088553544190844],[28.249087222648477,41.088798641200739],[28.249255613645122,41.089046987138332],[28.249415781463632,41.089298426922852],[28.249567626391077,41.08955280682941],[28.25260454560075,41.094813628558811],[28.25276985447762,41.09509353393868],[28.252941359035038,41.09537129817565],[28.253119008967335,41.095646844120871],[28.253302753070471,41.095920093272603],[28.257052242014662,41.101381457732657],[28.25715376781142,41.101534911998137],[28.257249152724924,41.101690603802929],[28.257338314110132,41.101848393008979],[28.257421170220386,41.102008136094803],[28.257497645597152,41.102169690217046],[28.257567671070156,41.10233290779523],[28.258861703220077,41.105510700012161],[28.258942591121521,41.105698420425625],[28.259031507266656,41.105884051460528],[28.259128359129019,41.106067397517634],[28.259233041605711,41.106248264353532],[28.259345446000587,41.106426461110999],[28.259465453736031,41.106601798288352],[28.260537100750835,41.108107013506618],[28.260675023587989,41.108294712960806],[28.260819491550301,41.108479574522818],[28.26097040582308,41.108661466908089],[28.261127656811887,41.108840261540443],[28.261291135820571,41.109015832552103],[28.26146072427148,41.109188056106738],[28.261636306281954,41.109356810399227],[28.261817754291247,41.109521974978939],[28.262536372382552,41.110158687540761],[28.262725150644588,41.110320867985429],[28.262920381505278,41.110478616150061],[28.263121888894855,41.110631787225408],[28.263329479675541,41.110780235048992],[28.264488175238046,41.111583834228441]]},"properties":{"objectid_12":13,"objectid":13,"metin":"BİRİNCİ DERECE YOL","durum_2016":"MEVCUT","durum_2025":"MEVCUT","adi":"MEVCUT OTOYOL","shape_leng":4311.2083473399998,"SHAPE__Length":5726.826261611217}},{"type":"Feature","id":14,"geometry":{"type":"MultiLineString","coordinates":[[[27.999190726520418,41.025690673183],[28.009530567205985,41.03329456201309],[28.009856853283456,41.033529743396109],[28.010189251498176,41.033759967828132],[28.010527629797711,41.033985141849925],[28.010871853434789,41.034205177423303],[28.011221788560448,41.034419987187782],[28.011577295037505,41.034629487848314],[28.011938232728777,41.034833594754517],[28.012304459700459,41.035032227321345],[28.012675829527094,41.035225308351407],[28.013052197580009,41.035412759291653],[28.013433413840495,41.035594509042092],[28.013819328289934,41.035770483113943],[28.014209789113018,41.035940613116281],[28.014604639104583,41.036104832012434],[28.015003723754369,41.036263073442406],[28.015406886755571,41.036415276466009],[28.047843238864886,41.048350693878263],[28.067910483909596,41.055675670415297],[28.068334463570874,41.055826990610335],[28.068761820897606,41.055972768720999],[28.06919242653241,41.056112960753858],[28.069626156507784,41.056247525423942],[28.070062881466317,41.056376423477246],[28.07050247025396,41.056499615658836],[28.070944795309963,41.056617066776703],[28.071389724581984,41.056728741637663],[28.089334196711423,41.061101724623022],[28.089696519604853,41.061193287146565],[28.090056127789492,41.061290788427776],[28.090412852382077,41.061394180349446],[28.090766524499326,41.061503416147751],[28.091116977952911,41.061618444316196],[28.091464046554496,41.061739209283317],[28.091807566810715,41.061865654121647],[28.092147376126523,41.061997720548149],[28.09248331460174,41.062135344182856],[28.092815222336277,41.062278461322251],[28.108258292437931,41.06910501136791],[28.108413132348527,41.069171507698883],[28.10857010396127,41.069235078223265],[28.10872910846151,41.069295684346017],[28.111091656997477,41.070168553823521],[28.111346283566455,41.070258974080396],[28.111604471057191,41.07034341415676],[28.111865975127976,41.070421791452098],[28.112130545148826,41.070494034200493],[28.112397933184734,41.070560071989149],[28.124593180309265,41.073414620843643],[28.124874878507633,41.073477250682942],[28.125158805426203,41.073533827557817],[28.125444731994612,41.07358430407939],[28.125732431837395,41.073628640983443],[28.134099902739049,41.074824801716737],[28.139833558143433,41.075676693670282],[28.140306119593607,41.075743379061791],[28.140780265671928,41.075803273556453],[28.141255828393437,41.075856356857081],[28.141732635281624,41.075902609341874],[28.142210515656579,41.075942013418377],[28.142689296143459,41.075974556909671],[28.143168807858974,41.076000225604972],[28.143648875631627,41.076019012740538],[28.144129328781567,41.076030910196003],[28.171040475056611,41.076500981550438],[28.17146269581654,41.076511526591148],[28.171884551860479,41.076528502125804],[28.172305869813592,41.076551900700373],[28.172726480792555,41.076581712150386],[28.173146213219155,41.076617925632249],[28.173564896413517,41.076660526237504],[28.173982363288971,41.076709497024162],[28.174398442267343,41.076764818339974],[28.18683722625865,41.078515782931973],[28.187209438705061,41.078565986119031],[28.187582598874076,41.078611984794513],[28.187956625019023,41.078653767455471],[28.188331433596581,41.078691323952611],[28.219724284705553,41.081652534261345],[28.220164013630409,41.081690432347983],[28.220604693871124,41.081721380393191],[28.221046130493335,41.081745368249891],[28.221488133054148,41.081762383060365],[28.22193050841582,41.08177241805874],[28.222373063440514,41.081775469862599],[28.222815606787147,41.081771535764403],[28.223257946216201,41.081760617794281],[28.223699887691577,41.081742721365771],[28.224141240770454,41.081717853921553],[28.224581810518394,41.081686025610608],[28.22502140739088,41.081647251996714],[28.225459839148463,41.081601547287235],[28.225896917144887,41.081548933812982],[28.226332447344081,41.0814894332254],[28.226766243794806,41.081423071913896],[28.227198115155851,41.081349878974201],[28.22762787367936,41.081269884854336],[28.228055335210655,41.081183126771819],[28.239616631357709,41.07873499650735],[28.248584292751826,41.076829627526614],[28.2656308655171,41.073210941058818],[28.265945540869552,41.073147295821762],[28.266262210481926,41.073089591051591],[28.266580676724896,41.073037860624638],[28.270659609324788,41.072415292948143],[28.297756123856988,41.068226744870124],[28.320260088635742,41.064818489642875],[28.331275934928804,41.063130732585847],[28.331284293752528,41.063129448392061],[28.360211191253143,41.058652832962906]],[[28.360694775930167,41.058582914111653],[28.383539910074035,41.052325783003717],[28.406974207890261,41.045845871153148],[28.426165796755569,41.040548094054031],[28.434322121344628,41.03828859167313],[28.444123841530619,41.035612706689143],[28.444483547631638,41.035511168822715],[28.444840288393873,41.035403805448119],[28.445193902120646,41.035290665324446],[28.445544225318514,41.035171799242271],[28.445891093595783,41.03504726544471],[28.446234351543946,41.034917118108233],[28.446573836567936,41.034781420217215],[28.44690939505578,41.034640232044715],[28.447240870700682,41.034493619961346],[28.456825828306918,41.030148273938629],[28.457001699574928,41.030072034776971],[28.457181378801401,41.030001072453729],[28.457364592000253,41.029935495411387],[28.457551055303774,41.029875405315003],[28.457740485742669,41.029820892986166],[28.457932591364489,41.029772043146238],[28.458127076623523,41.029728930350579],[28.458323644177359,41.02969162169903],[28.459160624290494,41.029545893110516],[28.459318054942354,41.029515004539235],[28.459473001752471,41.029477604959482],[28.459624997596855,41.029433807530104],[28.459773581639766,41.029383745738301],[28.459918303825322,41.029327568656157],[28.4600587266739,41.029265448395243],[28.460194423485785,41.029197574007767],[28.46032498462916,41.029124148098411],[28.460450013048714,41.029045395634547],[28.460569132350329,41.02896155310362],[28.46068198051297,41.028872875967743],[28.460788215278448,41.028779631887538],[28.461353895192648,41.028254581795494],[28.461442004650657,41.028177483179462],[28.461535875902918,41.028104386161765],[28.461635190945785,41.028035540141474],[28.461739615605982,41.027971174187577],[28.461848798642233,41.027911508559257],[28.461962369948672,41.027856741829609],[28.505005284229515,41.008393131762453],[28.5053118513882,41.008258563471514],[28.505623034090835,41.008130219910392],[28.505938612250137,41.0080081899183],[28.506258363083923,41.007892561655588],[28.506582059318461,41.007783415824456],[28.506909472781654,41.007680830414316],[28.50724037260645,41.007584877989864],[28.507574521637615,41.007495625691256],[28.507911688109829,41.007413137267392],[28.508251629477979,41.007337471042433],[28.508594106790166,41.007268679915477],[28.508938879297872,41.007206813394205],[28.509285700862787,41.007151914883352],[28.509634326244779,41.007104023040256],[28.509984510203765,41.007063172452817],[28.510336004804753,41.007029390927862],[28.510688560316108,41.00700270288047],[28.511041927006179,41.006983127978224],[28.511395857838224,41.006970678429525],[28.511750099487369,41.006965364406909],[28.512104402221947,41.006967189301548],[28.512458516310303,41.006976151079229],[28.512812190224178,41.006992244313786],[28.513165174231922,41.007015457475831],[28.513517218601894,41.007045774288343],[28.51386807450071,41.00708317304894],[28.514217493993403,41.007127627307668],[28.514565228246635,41.007179105189266],[28.51491103291864,41.00723757074897],[28.515254661871008,41.007302983294615],[28.515595874355249,41.007375295353185],[28.563290082819261,41.017991538701914],[28.567152276195593,41.018940408445062],[28.5674899178766,41.019019845343053],[28.56783006765388,41.019092885345493],[28.56817251532166,41.019159481029739],[28.568517049775835,41.019219591749163],[28.568863453624104,41.019273181599758],[28.569211513965787,41.019320215353552],[28.569561016103478,41.019360665236],[28.569911739051655,41.019394504826408],[28.570263467214655,41.019421713801862],[28.570615981403478,41.019442275904176],[28.578393101958316,41.019821863712295],[28.578652595599468,41.019838088006289],[28.578911147806224,41.019861398306901],[28.579168419015392,41.019891763429527],[28.579424075053673,41.019929144731968],[28.579677782646119,41.019973493403427],[28.579929211212693,41.020024749786877],[28.580178031969965,41.020082849478932],[28.580423921524467,41.02014771519687],[28.580666557381022,41.020219262200726],[28.580905625129269,41.020297398293692],[28.581140813053818,41.020382021110933],[28.581371813032501,41.020473020153091],[28.581598324129722,41.020570276786522],[28.581820050799699,41.020673664921212],[28.582036705581601,41.020783047622075],[28.582248004607806,41.020898284564595],[28.58245367119714,41.021019224579561],[28.58265343944834,41.021145709719839],[28.582847047053338,41.02127757593852],[28.583034242483823,41.021414649700034],[28.585436399537311,41.023238257506314],[28.585621492910022,41.02337401171966],[28.585812646317656,41.023504860277455],[28.586009633384737,41.02363064936565],[28.586212220549292,41.023751229236389],[28.586420168859455,41.02386645691913],[28.586633229481901,41.023976196897848],[28.586851151786671,41.024080318400102],[28.587073676160674,41.024178696752394],[28.587300541194082,41.024271218801573],[28.587531477392371,41.02435777139376],[28.587766208972766,41.024438253572789],[28.588004460152419,41.024512569803129],[28.588245947063715,41.02458063200276],[28.588490385839044,41.024642360220938],[28.588737483627611,41.024697680604696],[28.590242200356087,41.025013319277846],[28.590459691469519,41.02505555956057],[28.590679160673226,41.025091457138025],[28.590900283675353,41.025120960514791],[28.591122738879047,41.025144025648295],[28.591346196602597,41.025160619337669],[28.591570329859234,41.025170717190313],[28.591794809865583,41.02517430294418],[28.59201930604161,41.025171373889535],[28.59224348960392,41.025161931380886],[28.592467029972472,41.025145991680489],[28.592689599262229,41.025123577147959],[28.592910872283007,41.025094720984463],[28.59313052204806,41.025059465199533],[28.593348226960536,41.025017861966461],[28.593563667220195,41.024969971589471],[28.593776526620022,41.024915865214503],[28.593986491648007,41.02485562211843],[28.594193254182002,41.024789331064738],[28.594396511489791,41.02471708894808],[28.594595963534008,41.024639002149897],[28.595875852608089,41.024114129812261],[28.596006883570382,41.024064347262787],[28.596141771000177,41.024020874927018],[28.596279988484753,41.023983880892104],[28.59642099164499,41.023953512912072],[28.596564228915376,41.023929887564073],[28.596709137052162,41.023913100414077],[28.596855147421824,41.023903213817604],[28.597001690492426,41.023900270474286],[28.597148188647274,41.023904278517634],[28.597294067862894,41.023915223714305],[28.597438757709085,41.023933063364346],[28.597581688653925,41.023957726979269],[28.597722301047028,41.023989117637392],[28.597860042424507,41.024027112661713],[28.597994374695464,41.024071562942581],[28.598124768752214,41.024122294293178],[28.598250714351671,41.024179108127449],[28.5990753570027,41.024578106839442],[28.599265994777365,41.024666715210628],[28.599460734259612,41.024750052892685],[28.599659320327891,41.024828012149356],[28.599861492470787,41.024900490665466],[28.600066991075167,41.024967392901978],[28.600275543053211,41.025028633484368],[28.600486879808628,41.025084130425725],[28.600700724660342,41.02513381325884],[28.600916799130584,41.025177616936908],[28.604148514416352,41.02578556845296],[28.604372714148305,41.025824731475865],[28.604598522762963,41.025858178066919],[28.604825686037074,41.025885872994351],[28.605053947052475,41.025907783735896],[28.605283050687586,41.025923885899971],[28.605512737329313,41.025934161870744],[28.605742750957813,41.025938598774623],[28.605972831061635,41.025937192546515],[28.606202719824307,41.025929944541517],[28.606870981954053,41.025900365624793],[28.606985137165406,41.025898442310222],[28.607099179189056,41.025902764685085],[28.607212511543604,41.025913313094783],[28.607324541341022,41.0259300299318],[28.607434686472935,41.025952828445746],[28.607542368424369,41.025981590710671],[28.607647028443168,41.026016165591642],[28.607748118557037,41.026056373489389],[28.60784511145491,41.026102003629205],[28.607937501385255,41.026152818805556],[28.608024805054434,41.026208551993605],[28.608943111446894,41.02683913700784],[28.609016198378409,41.02688447858678],[28.609094916848427,41.026924044859435],[28.60917847633954,41.026957438710028],[28.609266032435336,41.026984323336158],[28.609356705685162,41.027004428347908],[28.6094495834007,41.027017550444654],[28.609543730435735,41.027023558836547],[28.609638198169328,41.027022392533581],[28.609732036183932,41.027014063056079],[28.609824299451819,41.026998653757076],[28.609914058216667,41.026976320500211],[28.610000411468317,41.026947288949223],[28.610082487840884,41.026911849824373],[28.612010219439991,41.02597942410425],[28.61213314131022,41.025924166467952],[28.612260568231587,41.025875111782199],[28.612391954926732,41.025832467437418],[28.612526743541849,41.025796418458718],[28.612664351968657,41.025767118017527],[28.612804197200504,41.025744690820105],[28.612945678264495,41.025729233784887],[28.613088189696093,41.025720811976228],[28.613231125132522,41.025719461992821],[28.613373870126132,41.025725189934334],[28.613515816517424,41.025737970046336],[28.61365635614699,41.025757749463864],[28.613794887143584,41.025784442790211],[28.614438693538048,41.025925616069138],[28.61464492157447,41.025967254646837],[28.614853301075978,41.026002207014052],[28.615063456546807,41.026030410155435],[28.615275008897896,41.026051813252195],[28.615487570955352,41.026066377004497],[28.615700760036916,41.026074074986518],[28.61591418807031,41.026074893646793],[28.616127466983382,41.026068830274653],[28.61634021409381,41.026055897744619],[28.616552041329374,41.02603611909435],[28.616762563312857,41.02600952888033],[28.616971400056851,41.025976175888765],[28.618577570716852,41.025692473161712],[28.618853973346635,41.025640331364649],[28.619128188578685,41.025581941096235],[28.619399972071257,41.025517355878556],[28.619669075889355,41.025446633298188],[28.619935262877711,41.025369837039868],[28.62019829049121,41.025287035530695],[28.620457925167869,41.025198304651312],[28.620713932447451,41.025103721636569],[28.620966083259496,41.025003373208072],[28.621214150330264,41.02489734947509],[28.621457911775845,41.024785743934501],[28.621697148407382,41.024668659570274],[28.621931644629136,41.024546198688128],[28.622161192930339,41.024418473081205],[28.622385583105149,41.024285596575389],[28.622604616625928,41.024147688417997],[28.622818095863323,41.024004872600194],[28.623025830374445,41.023857277857175],[28.623056268889528,41.023834992330912],[28.62324694798669,41.023699732450361],[28.623443168790814,41.023569098440731],[28.623644734570902,41.023443219775153],[28.623851446799261,41.023322223215928],[28.624063099761653,41.023206228070151],[28.624279479659076,41.02309534957827],[28.624500373590813,41.022989698913925],[28.624725559672981,41.022889381828442],[28.624954815123399,41.022794497972868],[28.625187909973313,41.022705141575649],[28.625424612457405,41.022621400764827],[28.626331982759599,41.022313507334502],[28.626569997682349,41.022229169615827],[28.626804237884226,41.022138975443482],[28.627034453633676,41.022043018999305],[28.627260396097302,41.02194140463024],[28.627481822730019,41.021834242104411],[28.627698496376556,41.021721644577994],[28.627910185271567,41.021603734017091],[28.628116662141284,41.021480636454001],[28.628317706898525,41.021352484020362],[28.628513100354287,41.02121941494746],[28.628702635896079,41.02108157085533],[28.628886108708031,41.020939099463874],[28.629063322957364,41.020792155270712],[28.629733732060672,41.020217632867791],[28.629889071434519,41.020089539652837],[28.630050773575579,41.019966045480125],[28.630218599531883,41.019847331338198],[28.630392305860052,41.019733571438238],[28.630571635641921,41.019624933214011],[28.630756326569397,41.01952157528811],[28.630946107351264,41.019423650183121],[28.631140700408114,41.019331300932301],[28.631339817380713,41.019244663112943],[28.631543170808225,41.019163864846163],[28.663484464957723,41.007050757491896],[28.663794062133846,41.006937182251257],[28.664107558896678,41.006829920746874],[28.664424730667292,41.006729049611941],[28.664745350171973,41.006634642088962],[28.665069189238618,41.006546765317786],[28.665396013406983,41.006465481691421],[28.665725591810016,41.00639085088951],[28.666057687292444,41.006322923777418],[28.666392060902449,41.00626175054061],[28.666728475484764,41.006207375261639],[28.667066689392591,41.006159835919952],[28.667406461877455,41.006119167103421],[28.667747546800943,41.006085397974715],[28.668089702516266,41.006058552271107],[28.66843268378333,41.006038649660219],[28.668776245362043,41.006025703706534],[28.679934112606588,41.005717997765601],[28.680223135667756,41.005706469933436],[28.680511516433533,41.005687876935717],[28.680798954866564,41.005662239781699],[28.681085150031269,41.005629582189989],[28.681369802788595,41.005589940757275],[28.681652618491189,41.005543356145537],[28.681933299796643,41.005489876471728],[28.682211553854209,41.005429557307714],[28.682487092304687,41.005362463036491],[28.682759625890533,41.00528866210643],[28.68302887074411,41.005208233133004],[28.683294546591089,41.005121258119672],[28.68355637405536,41.005027829236909],[28.683814083642375,41.00492804272146],[28.684067403162611,41.004822004299562],[28.684316070308007,41.004709823763896],[28.684559824567078,41.004591617685293],[28.684798412614974,41.004467510090876],[28.685031585618304,41.004337630430577],[28.685259098337053,41.004202113577151],[28.68548071541262,41.004061101182138],[28.685696205977919,41.003914740320432],[28.685905343657502,41.003763184846157],[28.68610791195745,41.003606591325379],[28.689393490227651,41.000983102342133],[28.689553531383741,41.000860458443775],[28.689720096105386,41.000742905793381],[28.689892903219963,41.00063064238261],[28.690071658080054,41.00052385942378],[28.69025605885167,41.000422736603575],[28.690445792921157,41.000327446150926],[28.690640541386539,41.000238148768723],[28.690839971871192,41.00015499634565],[28.691043748405168,41.00007812856601],[28.691251526035451,41.00000767629944],[28.691462951724077,40.999943757532925],[28.69167766973824,40.999886482116281],[28.691895314463608,40.999835947016393],[28.692115519387499,40.999792236316964],[28.692337909912503,40.99975542393031],[28.692562112339449,40.999725573597068],[28.692787743985974,40.999702735496605],[28.693014424864778,40.999686947602427],[28.693241772293497,40.99967823703858],[28.693469399098316,40.999676618723043],[28.693696921698532,40.999682095368357],[28.693923953818604,40.999694656803086],[28.69556125379815,40.99981093335137],[28.695796462383939,40.999824079848779],[28.696032173127964,40.999830158518208],[28.696268016822664,40.999829158514068],[28.69650362426043,40.999821081869989],[28.696738621742124,40.999805940786757],[28.696972645450039,40.99978375898845],[28.697205325278322,40.999754572400384],[28.697436295612569,40.999718425759283],[28.697665195330138,40.99967537735909],[28.697891664206526,40.999625492271534],[28.698115347407221,40.999568849803801],[28.698335892792617,40.999505540108736],[28.698552954511332,40.999435660795264],[28.698766193898535,40.999359323030149],[28.698975273187678,40.999276645436552],[28.699179865391919,40.999187758161838],[28.699379649812798,40.999092801522124],[28.699574311141625,40.998991923968127],[28.699763547544414,40.998885284119787],[28.729062133773635,40.98167290885857],[28.733436018315611,40.979120951037942],[28.733697598743184,40.978972684038325],[28.7339645403164,40.978830013087183],[28.734236636422693,40.978693048086939],[28.734513675059691,40.978561897583177],[28.734795438835082,40.978436663338876],[28.735081708559914,40.978317441690834],[28.735372259655417,40.978204327618343],[28.735666865746111,40.978097408639712],[28.735965298659917,40.977996768202779],[28.736267323038209,40.977902484328723],[28.736572705319055,40.977814632324424],[28.736881205652232,40.977733278678826],[28.737192583289268,40.977658487166444],[28.737506596583355,40.977590317491099],[28.73782300029443,40.977528821216239],[28.738141545589109,40.97747404786918],[28.738461985430735,40.977426039514917],[28.738784070087643,40.977384833469237],[28.739107547133258,40.97735046162034],[28.739432165039286,40.977322951785062],[28.739757669582481,40.977302324318011],[28.740083808336266,40.977288596858912],[28.740410325280784,40.977281777550417],[28.740736966192841,40.977281874533148],[28.741063475950828,40.977288885772403],[28.74138960033158,40.9773028071968],[28.74171508421351,40.977323626594362],[28.742039673373466,40.977351327681831],[28.742363115384759,40.977385890782607],[28.742685157820873,40.977427286723398],[28.743005549153455,40.977475484294189],[28.743324038752615,40.977530446857429],[28.743640378683292,40.977592128956879],[28.743954321908777,40.977660484456308],[28.74426562318903,40.977735459757554],[28.7445740408772,40.977816995834992],[28.74487933152988,40.977905028914023],[28.745181260686749,40.977999491149347],[28.745479589395984,40.978100308590292],[28.767511409542887,40.985824105863117],[28.767781848257471,40.985915202136944],[28.768055745485917,40.986000160023202],[28.768332855988145,40.986078904953466],[28.768612938117304,40.986151367782931],[28.76889574034514,40.986217483433734],[28.76918101473666,40.986277193607712],[28.769468506170309,40.986330446107957],[28.76975796311778,40.986377192804468],[28.770049126864301,40.986417391668539],[28.770341740491698,40.986451008806711],[28.770635545285156,40.986478013036226],[28.770930278936611,40.986498381987751],[28.771225683629595,40.986512096680393],[28.7715214952594,40.986519144234286],[28.771817452416265,40.986519519226825],[28.773866848244193,40.986498993639373],[28.774123869721727,40.986493171420918],[28.774380493245555,40.986480867185264],[28.774636433151485,40.986462095168932],[28.774891406470143,40.986436873675252],[28.775145130232268,40.986405233889798],[28.775397322366807,40.986367208352448],[28.775647703497736,40.986322841129244],[28.775895995147316,40.986272179674863],[28.776141923329391,40.986215281614072],[28.776385214956093,40.986152208638792],[28.777955610209926,40.985722808595611],[28.778240723803023,40.985648355706594],[28.778528556596441,40.985580174623657],[28.778818868740082,40.985518323006083],[28.779111415892135,40.985462852408567],[28.77940595550751,40.985413807602953],[28.77970224234608,40.985371231324976],[28.780000027574573,40.985335158849317],[28.780299065054553,40.985305619345709],[28.780599102359435,40.985282637913343],[28.78089989065592,40.98526623422449],[28.781201179313999,40.985256421846472],[28.781502715008802,40.985253207563318],[28.781804248008655,40.985256596122966],[28.782105526785259,40.98526658413374],[28.782406298912065,40.985283161420853],[28.782706312860761,40.985306316451329],[28.78300531979804,40.985336029552769],[28.783303069093879,40.985372275626077],[28.783599312813351,40.985415023467027],[28.78389380302136,40.985464238479032],[28.784186295376184,40.985519878604386],[28.78447654463773,40.985581899749342],[28.786769823183846,40.986099111281824],[28.787072564417755,40.986171087206536],[28.787372371753918,40.986249800061614],[28.787668982884338,40.986335182012219],[28.787962141789112,40.986427159118776],[28.78825159065174,40.98652565133721],[28.788537080638925,40.986630570484756],[28.788818360222383,40.986741828377248],[28.789095185958633,40.986859326657736],[28.789367317099245,40.98698296357783],[28.789634516488931,40.987112630606894],[28.789896548769079,40.987248215145144],[28.790153190259243,40.987389599167209],[28.790404213685601,40.987536659900456],[28.790649402554205,40.987689269825353],[28.790888543964311,40.987847293963021],[28.791121426811809,40.988010597334508],[28.791347848975814,40.98817903682388],[28.791567616420195,40.988352464568791],[28.791780534210499,40.988530729995006],[28.791986417293838,40.988713678460336],[28.79218508870208,40.98890115125473],[28.792376373263753,40.989092984244422],[28.792560103892168,40.989289010584287],[28.792736123382195,40.989489059362036],[28.792904275426981,40.98969295627618],[28.793064415397719,40.989900524314507],[28.79321640225897,40.99011158239793],[28.793360104856646,40.990325946736881],[28.793495396528346,40.99054343083138],[28.793622160493019,40.99076384479315],[28.793740286257943,40.990986997379977],[28.793849670516813,40.991212693961465],[28.793950218946563,40.991440737875493],[28.794041842613986,40.991670930428242],[28.79412446156897,40.991903070894246],[28.794198003946349,40.992136957872653],[28.794821434753512,40.994257921712169],[28.794890744269267,40.99447760861873],[28.794969005496792,40.994695562447788],[28.79505614387601,40.994911573030414],[28.795152075863513,40.995125434946509],[28.795256708932861,40.995336941422359],[28.795369942472732,40.995545889754759],[28.795491669583619,40.995752078598834],[28.79562177078958,40.995955310679854],[28.795760123021449,40.996155390759327],[28.795906593328521,40.996352126312487],[28.796061041573651,40.996545327528629],[28.796223316839825,40.996734810022616],[28.796393265515167,40.996920391444789],[28.796570723207953,40.997101893514909],[28.796755521034953,40.99727914202191],[28.796947482028006,40.997451965467796],[28.797146418439258,40.997620200491404],[28.797352141622476,40.997783682376202],[28.797564453948308,40.997942255898359],[28.797783151499171,40.998095767868222],[28.798008024967615,40.998244071876371],[28.799189088580651,40.998998918661833],[28.799417762821079,40.999140485624793],[28.799652173702878,40.999276562723615],[28.799892090359084,40.999407014397747],[28.800137280125984,40.999531713899728],[28.800387499560163,40.999650539905481],[28.80064250611651,40.999763374480082],[28.800902049165032,40.999870107823398],[28.801165874482489,40.999970634202143],[28.801433723354144,41.000064857373452],[28.80170533347188,41.000152683127169],[28.801980439832679,41.000234026065264],[28.802258771145361,41.000308806889997],[28.802540056118701,41.000376951725748],[28.802824018071593,41.000438394830624],[28.803110379424599,41.000493073850876],[28.803398859903385,41.000540937956295],[28.803689175640251,41.000581936992539],[28.803981044564289,41.000616033684622],[28.804274178316213,41.000643194145177],[28.804568288536878,41.000663390586425],[28.804863091358609,41.000676604031845],[28.805158295727271,41.000682821604499],[28.805453612385339,41.000682036526662],[28.805748750278692,41.000674250154027],[28.806043423743034,41.000659469941695],[28.806337341724191,41.000637710122191],[28.806630216761349,41.000608992383242],[28.806921761393539,41.000573345190162],[28.807211690854846,41.000530802429815],[28.807499720379361,41.000481406800425],[28.807785568794319,41.000425205744087],[28.808068955825433,41.000362255514226],[28.808349602096609,41.000292616430343],[28.808627234520017,41.000216358301685],[28.808901580007777,41.000133554325515],[28.809172370861962,41.000044286511155],[28.809439340282957,40.999948641612256],[28.809702229555899,40.999846713838643],[28.809960778169401,40.999738603500738],[28.810214732798514,40.999624415653585],[28.810463846406602,40.999504262809019],[28.810707875550158,40.999378262901864],[28.810946577684085,40.999246537933999],[28.811179722839668,40.999109218042591],[28.811407081048184,40.99896643743228],[28.811628429527453,40.998818337087222],[28.811843551783472,40.998665060025651],[28.812052235813891,40.998506758079394],[28.812254277701076,40.998343585792675],[28.812449482510612,40.998175703812066],[28.81263765351148,40.998003274818608],[28.812818611938955,40.997826468951935],[28.812992178129942,40.997645459742685],[28.813158180506239,40.99746042411244],[28.813316460066055,40.997271541695987],[28.813466858705869,40.9970790002656],[28.814367075723446,40.995884239052003],[28.814481869636964,40.995738521092605],[28.814604034227404,40.995596284405096],[28.814733387136723,40.995457743942445],[28.814869731633912,40.995323107878583],[28.815012863801403,40.995192578964385],[28.815162569840123,40.995066351815467],[28.815318620679705,40.994944619691971],[28.815480785453101,40.994827562972198],[28.81564881892027,40.994715357966626],[28.815822466857963,40.99460817488373],[28.816001469653052,40.994506173761614],[28.816185557810947,40.994409507857874],[28.8163744546506,40.994318323649502],[28.816567876304301,40.994232757442603],[28.816765529921334,40.994152938084149],[28.817601476073573,40.993830962478391],[28.817854356317625,40.993737211798361],[28.818110892704897,40.993649352409477],[28.818370849876779,40.993567465699179],[28.81863398349147,40.993491626951581],[28.818900048308951,40.993421908059197],[28.819168796394202,40.993358372098754],[28.819439978913852,40.993301080789394],[28.819713341644686,40.99325008567822],[28.819988631261836,40.993205434920455],[28.820265589948754,40.99316717056724],[28.82054396168564,40.993135327209785],[28.820823485062704,40.993109934012821],[28.821103901365149,40.993091017427467],[28.846115468343758,40.991692043633464],[28.846556301298079,40.991670643611897],[28.846997605867916,40.991655827478077],[28.847439209576784,40.991647599982755],[28.847880941744705,40.991645965874888],[28.848322632590119,40.991650925154879],[28.848764106941541,40.991662475109059],[28.849205195017408,40.991680612343714],[28.849645727036101,40.991705328038677],[28.850085531419413,40.991736615406055],[28.850524437487469,40.991774459519405],[28.850962274560306,40.991818848162417],[28.851398872856382,40.991869761658464],[28.851834062594104,40.991927183041142],[28.852267677585115,40.991991087205648],[28.852699545352909,40.992061451757543],[28.85312950330237,40.992138247519989],[28.853557379855364,40.992221446670662],[28.853983010620137,40.992311014604873],[28.854406233001633,40.992406918072561],[28.854826879014883,40.992509120431613],[28.855244787861476,40.992617580292119],[28.855659796048005,40.992732256262641],[28.856071742776031,40.992853104238122],[28.866755840336371,40.996078756296008],[28.867017540239893,40.996160824304752],[28.867276266719823,40.996248139975947],[28.867531834723184,40.996340640234344],[28.86867977924836,40.996770427425666],[28.868952976689204,40.996869670333027],[28.869229205045784,40.996963970483016],[28.869508313401184,40.997053275690959],[28.869790139160344,40.997137535805464],[28.870074528711317,40.997216702708194],[28.874085809187136,40.998292486104567],[28.888938808317999,41.002654763201619],[28.889224310881612,41.002742376021082],[28.889506185149784,41.002836491505448],[28.889784172407712,41.002937022850887],[28.890058021127111,41.003043879184709],[28.890327476186474,41.00315696081968],[28.890592293244026,41.003276166033778],[28.890852231551271,41.003401385646725],[28.891107050359722,41.003532503020018],[28.891356517904001,41.003669400836827],[28.891600406012078,41.003811952966394],[28.891838491003401,41.003960027854362],[28.892070555485677,41.004113491234413],[28.903493394298,41.011899650815948],[28.90368143953474,41.012025445799772],[28.903872516585551,41.012148592891911],[28.904066560771774,41.012269048725457],[28.917628575736476,41.02052856702084],[28.917918953457104,41.020709703826817],[28.918203582858268,41.020895998506546],[28.918482308531345,41.021087348676069],[28.918754969677948,41.021283645173774],[28.919021416279428,41.021484779516094],[28.919281497418819,41.021690637797683],[28.919535066670672,41.021901104080413],[28.919781982999563,41.022116061071166],[28.92002210536997,41.022335388088649],[28.920255301729526,41.022558961063751],[28.920481439127553,41.022786655250364],[28.92070039359659,41.023018343192454],[28.920912037575842,41.023253894046377],[28.92111625608096,41.023493176969609],[28.921312931432649,41.023736055699189],[28.921501954934726,41.023982396684445],[28.921683220586004,41.0242320589211],[28.921856625978585,41.02448490208441],[28.922022074094336,41.024740787206618],[28.922179471508539,41.024999568544615],[28.922328730186269,41.025261100357142],[28.92246976478754,41.025525236905004],[28.922602498057298,41.025791830417781],[28.924263267421946,41.029250862309901],[28.924364706082159,41.029451684311987],[28.924474891638273,41.029649847233316],[28.92459370012282,41.029845131535986],[28.924721003076655,41.030037322428001],[28.924856658566043,41.030226207830061],[28.925000519267211,41.030411579730774],[28.925152423483429,41.030593235541694],[28.925312206823023,41.03077097267613],[28.925479692317857,41.030944596002939],[28.925654694915007,41.031113913780601],[28.925837022374957,41.031278742400382],[28.926026474373419,41.031438896221687],[28.926222841602964,41.03159420112457],[28.926425907569573,41.031744485022699],[28.926635449491059,41.031889583284126],[28.926851234703765,41.032029334665431],[28.927073027849101,41.032163586732516],[28.927300583686971,41.032292191116916],[28.927533649790817,41.032415004871062],[28.93011507643903,41.033727618252044],[28.930258692798461,41.03380392365311],[28.930398054736699,41.033884624676972],[28.930532928691743,41.033969585784099],[28.936827961080127,41.038102939075536],[28.937053972714025,41.038255919764815],[28.937273770701101,41.038414006957886],[28.937487152022147,41.03857705494039],[28.937693922640982,41.038744915965601],[28.937893893013094,41.038917436866541],[28.938086879882228,41.03909445837882],[28.938272705381909,41.039275818528644],[28.938451202425469,41.039461352632678],[28.938622205722975,41.0396508892333],[28.938785558967496,41.039844255518751],[28.944694894298738,41.047077178996147],[28.944916938074023,41.047342347894102],[28.945146644478687,41.047603750304965],[28.945383900325027,41.047861258908355],[28.945628591526933,41.048114747740222],[28.945880599506872,41.048364095579991],[28.946139802992192,41.048609181885539],[28.94640607442221,41.048849886115903],[28.946679286236069,41.049086090440689],[28.946959305483198,41.049317683127583],[28.947245994721278,41.049544549734925],[28.947539217406408,41.049766581241414],[28.947838829808198,41.049983669303522],[28.948144688196141,41.050195708287823],[28.948456640754955,41.050402595271024],[28.948774540160962,41.050604231394551],[28.949098230107285,41.050800517122376],[28.949427553388773,41.050991357660358],[28.949762350105242,41.051176661601474],[28.95010245945835,41.051356336860813],[28.950447714361395,41.051530296772597],[28.950797949524354,41.05169845873511],[28.951152992470739,41.051860738113547],[28.95151267431724,41.052017059079112],[28.951876816299123,41.052167343769803],[28.956344352006067,41.053962965400558],[28.956746703828561,41.054128171024196],[28.957145094978983,41.054298788725724],[28.957539398794854,41.054474764270445],[28.957929489512029,41.054656041390828],[28.95831524406135,41.054842561109027],[28.958696538475248,41.055034266478714],[28.959073251481222,41.055231094456524],[28.959445261806682,41.05543298267591],[28.959812451772322,41.055639867415294],[28.960174703698847,41.055851681565606],[28.960531902601932,41.056068359372389],[28.960883935293786,41.056289830339239],[28.961681108361738,41.056800518488139],[28.962045430905007,41.057038288821829],[28.962403922483752,41.057281085115577],[28.962756462723728,41.057528823996506],[28.963102933047342,41.057781423446748],[28.963443216673621,41.058038797384292],[28.963777198618157,41.058300859050149],[28.964104767489886,41.058567520330811],[28.964425809202734,41.058838690403974],[28.96474021865388,41.059114278447673],[28.96504788894373,41.059394192286064],[28.965348714071133,41.059678336357059],[28.965642596119704,41.059966614422223],[28.965929432681509,41.060258929566494],[28.966209127636787,41.060555184198492],[28.966481588459104,41.060855278695932],[28.966746719926999,41.06115910869616],[28.967004435802231,41.061466575256588],[28.969419944515778,41.064407603642771],[28.96957274884392,41.064586998258193],[28.969733264310477,41.064762495196923],[28.969901312150668,41.064933904169152],[28.970076713599795,41.065101040304739],[28.970259280011597,41.065263722121102],[28.970448812858471,41.065421774909524],[28.970645107324458,41.06557502870298],[28.970847952305508,41.065723314889709],[28.971057127714346,41.065866476372193],[28.971272408073883,41.066004355375846],[28.97149355892379,41.066136806317289],[28.971720344007156,41.066263683613116],[28.971952516287285,41.066384849806802],[28.972189826930808,41.066500175569125],[28.972432017222999,41.06660953563356],[28.972678827550666,41.066712812860395],[28.972929988419274,41.066809893495417],[28.973185231232524,41.066900673942378],[28.973444279309348,41.066985056699387],[28.973706852375319,41.067062949004146],[28.973972665664508,41.067134266897462],[28.974241434410992,41.067198934545956],[28.97451286576397,41.067256881532579],[28.974786667770989,41.067308044888577],[28.975062543988003,41.067352368416159],[28.975340196174347,41.067389806074438],[28.97561932429269,41.067420316561567],[28.97589962740744,41.067443867378039],[28.976180801887999,41.067460431440459],[28.976462542307171,41.067469993176893],[28.976744547729382,41.067472540399372],[28.977026510930759,41.067468071754242],[28.988317126716378,41.067147979028732],[28.988708592754278,41.067134193074374],[28.989099668025013,41.067115085079884],[28.989490225866145,41.067090659781563],[28.989880140513527,41.067060924623533],[28.994343685005699,41.066689746037774],[28.994616257219089,41.066670152303715],[28.994889474422862,41.066656659511906],[28.995163098563452,41.066649278502517],[29.000192054373528,41.066569767003841],[29.00052196425489,41.066569328125169],[29.000851772626611,41.066575515095536],[29.001181247723377,41.066588322494916],[29.001510158678133,41.066607742191984],[29.001838272827229,41.066633760635312],[29.004323654300208,41.066856084616994],[29.004599526923972,41.066878424661105],[29.004875984350978,41.066896147689683],[29.005152891833923,41.066909245579055],[29.005430113727233,41.066917712236503],[29.005707515283614,41.066921543600138],[29.009829294827597,41.066943942545237],[29.010056636866466,41.066941643186027],[29.010283661799992,41.066932287265402],[29.010509988742573,41.066915890357649],[29.010735235910175,41.066892479548756],[29.010959024213761,41.066862094790558],[29.011180978157544,41.066824786869496],[29.011400722245689,41.066780619437942],[29.011617887270678,41.066729665628422],[29.011832105821544,41.066672013471674],[29.012043019470465,41.066607757092179],[29.012250273382943,41.066537006190345],[29.012453515419345,41.066459880624329],[29.012652407813135,41.066376509055566],[29.012846611001144,41.066287031658369],[29.013035801589883,41.066191600119787],[29.013219659779054,41.066090374930923],[29.013397875649989,41.065983526064265],[29.013570149165258,41.065871232974033],[29.013736191067423,41.06575368730558],[29.0138957201838,41.065631083413329],[29.014048469714719,41.065503629875252],[29.01419418274201,41.065371541365494],[29.014332611330662,41.065235039331768],[29.01446352641026,41.065094354027629],[29.014586703402031,41.064949722480776],[29.014701937490035,41.064801388493166],[29.014809034638223,41.06464960060957],[29.014907813386856,41.064494615504024],[29.014998108445972,41.064336695270903],[29.015079767101923,41.064176102684023],[29.015152652810794,41.064013110001767],[29.015216642503436,41.063847992194155],[29.015271629280299,41.063681026265662],[29.015317517919961,41.063512493287277],[29.015953996756636,41.060905412734058],[29.016003146280763,41.060722654554738],[29.016060999581697,41.060541362317444],[29.016127480302629,41.060361772428074],[29.016202501306957,41.06018412129486],[29.016285965576611,41.060008639909711],[29.016377761720577,41.059835560621501],[29.016477772059467,41.059665106975714],[29.016585863642643,41.059497504551942],[29.01670189453634,41.059332971480735],[29.016825713823501,41.059171724539716],[29.01695715980745,41.05901397305729],[29.017096060011646,41.058859924331159],[29.017242230281386,41.058709780918861],[29.017395482868885,41.058563738605422],[29.017555615653109,41.05842198775801],[29.017722416631692,41.058284716712457],[29.017895670208961,41.058152102290023],[29.018075148212848,41.058024319280314],[29.018260616183017,41.057901535022246],[29.018451831574414,41.057783910081014],[29.018648542858688,41.057671598248135],[29.023674128189814,41.054908578036027],[29.023779710778435,41.054848603541053],[29.023882776287618,41.05478616934009],[29.025271570818546,41.053917676342749],[29.025500740030679,41.053770045693113],[29.025724116905863,41.053617411322705],[29.025941507407985,41.053459903260674],[29.026152729179039,41.053297657633159],[29.026357600759379,41.053130811244095],[29.026555947875799,41.052959506994526],[29.026747601645045,41.052783891173128],[29.034476791689553,41.04548593653108]]]},"properties":{"objectid_12":14,"objectid":14,"metin":"BİRİNCİ DERECE YOL","durum_2016":"MEVCUT","durum_2025":"MEVCUT","adi":"MEVCUT OTOYOL","shape_leng":98287.830390599993,"SHAPE__Length":130186.15631005607}},{"type":"Feature","id":15,"geometry":{"type":"LineString","coordinates":[[28.384069271999614,41.070050709044487],[28.378549491989645,41.063471609957944],[28.378360846678312,41.063253030928962],[28.378164800147324,41.063038215031511],[28.377961482652431,41.062827308603715],[28.377751031635885,41.062620448502408],[28.377533586336504,41.062417776326626],[28.377309292281421,41.062219425548435],[28.377078299489284,41.062025530318095],[28.376840762470287,41.06183621801312],[28.376596841124559,41.061651617366316],[28.376346697148833,41.061471849660236],[28.376090497629804,41.061297036855052],[28.375828414145687,41.061127295492369],[28.375560621867884,41.060962738727284],[28.375287301357879,41.060803475650552],[28.37500863317695,41.060649613998265],[28.374724803276397,41.060501255409889],[28.37443600299741,41.060358499492665],[28.374142424579393,41.060221441788883],[28.373844264753441,41.060090174453741],[28.373541721148925,41.059964784222615],[28.373234997683348,41.059845355120665],[28.372924299172677,41.059731966430697],[28.372609833127683,41.059624695402114],[28.372291807957517,41.059523611832461],[28.371970438359597,41.059428784840463],[28.37164593813289,41.059340278124715],[28.371318525568025,41.059258148608762],[28.370506757571633,41.059063297022554],[28.370091460127565,41.058967265697774],[28.369673567450651,41.058877921819978],[28.369253265492155,41.058795304703381],[28.368830744694897,41.058719452983041],[28.36840619460343,41.058650398518459],[28.367979805660532,41.05858817519924],[28.367551771004088,41.058532808784634],[28.367122281076849,41.058484324354431],[28.366691530813281,41.058442744276988],[28.36625971155453,41.058408088208949],[28.365827020031603,41.058380369708672],[28.365393648484034,41.058359602332111],[28.364959792744532,41.058345794891736],[28.364525648645827,41.058338954165592],[28.364091410223995,41.058339082865274],[28.363657272413473,41.058346181668128],[28.363223431945322,41.058360246507661],[28.362790081957321,41.058381271960556],[28.362357420078826,41.058409247182226],[28.361925637650995,41.058444160648556],[28.361494930506552,41.058485996091818],[28.361065491783311,41.058534735887214],[28.360637515517311,41.058590356311768],[28.360211191253143,41.058652832962906]]},"properties":{"objectid_12":15,"objectid":15,"metin":"BİRİNCİ DERECE YOL","durum_2016":"MEVCUT","durum_2025":"MEVCUT","adi":"MEVCUT OTOYOL","shape_leng":2596.5822714800001,"SHAPE__Length":3442.7726717288056}},{"type":"Feature","id":16,"geometry":{"type":"LineString","coordinates":[[28.45984925571932,41.029355322436693],[28.460148214147559,41.033499310023252],[28.460166271183081,41.033687803992898],[28.460193194590456,41.033875690276552],[28.460228950233724,41.034062730358436],[28.4602734940954,41.034248685047707],[28.460326767784998,41.034433319221883],[28.460388703030578,41.034616396405866],[28.460459223475322,41.034797684870355],[28.460538237491086,41.03497695356598],[28.460625645364864,41.035153974833889],[28.460721336603875,41.035328522372609],[28.460825187240623,41.035500374625933],[28.460937067019362,41.035669313427761],[28.461056834006314,41.035835123324183],[28.461184334589515,41.035997592928751],[28.461319407072281,41.036156515599615],[28.461461880774632,41.036311690117174],[28.461611572440333,41.036462918651104],[28.46176829342312,41.036610007437794],[28.461931842500373,41.036752770845503],[28.462102013059603,41.036891026631409],[28.462278588606772,41.037024598651456],[28.46806645823688,41.041249006886353],[28.468213712773185,41.041361389440581],[28.468354185927438,41.041478642640485],[28.468487595628609,41.041600534064067],[28.468613676873662,41.041726817739395],[28.468732175439413,41.04185724227515],[28.46884285596726,41.041991547473295],[28.468945497471616,41.042129462974167],[28.469039892441682,41.04227071638708],[28.469125854926162,41.042415022450122],[28.469203210651919,41.042562093193361],[28.469271806007011,41.042711634551225],[28.469331503549224,41.042863349072952],[28.469382184700901,41.043016932535046],[28.469423746155847,41.043172075973921],[28.46945610706565,41.043328472461454],[28.469479200954964,41.043485807619618],[28.469492982908069,41.043643766395661],[28.469497424178819,41.043802034417645],[28.469488543433911,41.04982012997209],[28.469483526343055,41.050071908143543],[28.469469222468806,41.050323482794141],[28.469445643489227,41.050574656111806],[28.469412807370624,41.050825232997262],[28.469370738367552,41.051075018354183],[28.469319470615972,41.051323816411625],[28.469259043641785,41.051571434111416],[28.469189505055635,41.051817677043438],[28.469110908756452,41.052062353509939],[28.469023315829745,41.052305273848354],[28.468926793649082,41.052546247043892],[28.468821418571327,41.052785084794102],[28.46870727234311,41.053021602186128],[28.468584442999386,41.053255613632189],[28.468453028456466,41.053486936933901],[28.468313129325693,41.053715391927433],[28.468164855201518,41.053940799128455],[28.468008321966625,41.0541629851514],[28.467843651791888,41.054381773902946],[28.4676709722381,41.054596996065676],[28.46749041895082,41.054808482323836],[28.46730213206726,41.055016069459768],[28.464734299624254,41.057763913366237]]},"properties":{"objectid_12":16,"objectid":16,"metin":"BİRİNCİ DERECE YOL","durum_2016":"MEVCUT","durum_2025":"MEVCUT","adi":"MEVCUT OTOYOL","shape_leng":3552.14235414,"SHAPE__Length":4716.4713581564347}},{"type":"Feature","id":17,"geometry":{"type":"LineString","coordinates":[[28.628824098003957,41.020988302187469],[28.628933809249602,41.022046589335446],[28.62895395935973,41.02228511622333],[28.628964992468077,41.022523985181451],[28.628966899591418,41.022762995597148],[28.628959678933146,41.023001947538297],[28.628943336781518,41.023240641753567],[28.628917886611184,41.023478877638929],[28.628883350880105,41.023716457981955],[28.628839754741033,41.023953180828919],[28.628787137719915,41.024188850328486],[28.628725542935832,41.024423269276589],[28.62865502159276,41.024656240472048],[28.628575632979505,41.024887569427058],[28.628487442673123,41.025117063689692],[28.628390525233772,41.025344529455069],[28.628284960611463,41.025569778342415],[28.628170839536068,41.02579261994034],[28.628048253635789,41.026012869939009],[28.627917308911751,41.026230341319938],[28.62393481584752,41.032598057174503],[28.623838261327531,41.0327605422221],[28.623750147377933,41.032925753645273],[28.623670608746036,41.033093442056867],[28.62359976670443,41.033263351295751],[28.623537728152584,41.03343522384796],[28.623484587413621,41.033608796103408],[28.623440427132575,41.033783807165165],[28.623405313784758,41.033959988007446],[28.62337929947245,41.034137072317847],[28.623362425518138,41.034314790398646],[28.623354717074676,41.034492871199838],[28.623356185820199,41.034671042996727],[28.623366829059677,41.034849036777935],[28.623386632420125,41.035026582179867],[28.623415565358769,41.035203405453665],[28.623453581163272,41.035379240984831],[28.623500625036403,41.035553820451057],[28.623556625112894,41.035726877565807],[28.623621495154524,41.035898149433081],[28.623695138143177,41.036067375192424],[28.62377744178951,41.036234298051269],[28.623868278532743,41.036398663252328],[28.623967512727241,41.036560221461379],[28.624074992557695,41.036718726056506],[28.624190555429131,41.036873936516102],[28.625267542029981,41.038256635960003],[28.625418543439345,41.038456257615863],[28.625562793111062,41.038658721747339],[28.625700194027004,41.038863897557789],[28.625830659948988,41.039071653574211],[28.625954103740398,41.039281854937123],[28.626070448146109,41.039494366110873],[28.62617961680931,41.039709048173705],[28.626281537864827,41.039925764237893],[28.626376146633898,41.040144372674625],[28.62646338113284,41.040364731179075],[28.627549936588103,41.043241864859517],[28.627622271629747,41.043445540581452],[28.627686050218273,41.043650848491311],[28.627741210369976,41.043857583286531],[28.627787694592683,41.044065536956957],[28.627825458868895,41.04427450081748],[28.627854463672811,41.044484264153084],[28.627874680258252,41.044694618961351],[28.627886087065733,41.044905351822528],[28.628138582830861,41.052512527460152],[28.628139033785136,41.052664754551834],[28.628130286889199,41.052816838354907],[28.628112359211091,41.052968461159466],[28.628085289378323,41.053119303903586],[28.628049133086449,41.053269051592871],[28.628003966692287,41.053417389913072],[28.627949882722266,41.053564009294739],[28.627886997059125,41.053708603558007],[28.627815439060235,41.053850868557873],[28.621058047388384,41.066410700372032],[28.620970865890076,41.066581718320109],[28.620892121368872,41.066755066344115],[28.620821923419324,41.06693050399182],[28.620760367262783,41.067107791490628],[28.620707539137577,41.067286682974917],[28.620663510010537,41.067466935290682],[28.620628342763801,41.067648298513774],[28.620602083211416,41.067830524077316],[28.620584769082626,41.068013360708015],[28.620576424631953,41.068196557135423],[28.620577060639167,41.068379862769071],[28.620586676205996,41.068563023635001],[28.620605257857623,41.068745789148437],[28.620632780441294,41.068927907372782],[28.620669208024395,41.069109129083252],[28.620714487606293,41.069289203026138],[28.620768558999881,41.069467883368219],[28.620831346746641,41.069644922924603],[28.620902765506681,41.069820078576321],[28.620982716465285,41.069993110593067],[28.6255127668312,41.079241616065296],[28.625655589978226,41.079523617877314],[28.625806565336443,41.07980317669228],[28.625965621040649,41.080080159821343],[28.626132678937402,41.080354432546287],[28.626307659076659,41.080625861504956],[28.626490476118423,41.080894317399895],[28.626681044722812,41.081159670258216],[28.626879269668361,41.081421791463072],[28.627085058428566,41.081680554430413],[28.62729830859557,41.081935834609162],[28.627518920456282,41.0821875101581],[28.627746784416331,41.082435456528877],[28.627981794474422,41.082679557299635],[28.628223832951338,41.082919691987087],[28.628637960788883,41.083321330126317],[28.628871285607524,41.083542925987324],[28.629110530323867,41.083760880308375],[28.629355591631715,41.083975102393957],[28.629606371614621,41.084185504934652],[28.629862763373122,41.084391997235919],[28.630124661804302,41.084594496051793],[28.630391956415416,41.084792916782312],[28.630664539408606,41.0849871768593],[28.630942295799514,41.08517719642289],[28.634834316836535,41.087785622030175]]},"properties":{"objectid_12":17,"objectid":17,"metin":"BİRİNCİ DERECE YOL","durum_2016":"MEVCUT","durum_2025":"MEVCUT","adi":"MEVCUT OTOYOL","shape_leng":8079.5861899299998,"SHAPE__Length":10732.186429099113}},{"type":"Feature","id":18,"geometry":{"type":"LineString","coordinates":[[28.682355999358659,41.054979519604508],[28.682496324290856,41.054598980863027],[28.682560381357149,41.054437716897787],[28.682632856535943,41.05427850779472],[28.682713634842937,41.054121605565349],[28.682802589615616,41.053967257481517],[28.6828995780219,41.053815707429926],[28.683004447348157,41.053667196589601],[28.683117032304416,41.053521958689821],[28.683237153227594,41.053380222719419],[28.683364624166391,41.053242213604236],[28.683499239406672,41.053108149497163],[28.683640788742608,41.052978241777886],[28.688655230472644,41.048557795322914],[28.688835824184128,41.048393307377985],[28.689009345459326,41.048224513694684],[28.689175616431889,41.048051589027736],[28.689334468218561,41.047874710842862],[28.689485733732607,41.047694062026885],[28.689629257565567,41.047509830210153],[28.689764892393683,41.047322202347125],[28.689892498079775,41.047131374878582],[28.69001194346983,41.046937542892088],[28.690123105494692,41.046740908252012],[28.69022586827159,41.046541670792237],[28.690320128494353,41.046340038478633],[28.690405785551658,41.046136219279298],[28.690482753205199,41.045930421842314],[28.690550952403239,41.045722860238037],[28.690610313077244,41.045513746506835],[28.690660772345034,41.04530329811179],[28.690702279901057,41.045091731841104],[28.690734791727834,41.04487926584067],[28.690758275485994,41.044666118259258],[28.690772706022699,41.044452509958312],[28.690778069863267,41.044238661124872],[28.690774359821155,41.044024791271042],[28.690761582184539,41.043811122622024],[28.690739747733257,41.043597874695799],[28.690708879823461,41.043385267690667],[28.690669011692847,41.043173520452726],[28.690620182867249,41.042962852508417],[28.690562445449004,41.042753479321767],[28.690495856930259,41.042545617714481],[28.69042048737959,41.042339482478454],[28.690336414950465,41.04213528637537],[28.687596041294192,41.035836563220791],[28.68749773416106,41.035600882555734],[28.687407102233738,41.035363446054461],[28.687324198512808,41.035124394639951],[28.687249075100539,41.034883874657936],[28.687181775116095,41.03464202906828],[28.687122340780267,41.034399005576056],[28.687070806229041,41.034154949855527],[28.687027202005133,41.033910008938463],[28.68699155595634,41.03366433121392],[28.686963889642236,41.0334180650731],[28.686738743984268,41.031073324067407],[28.68671166606666,41.030840282736996],[28.686675260043128,41.030607973123807],[28.686629560049688,41.030376606663779],[28.686574606510479,41.030146397506506],[28.686510450629545,41.029917557771505],[28.686437152593907,41.029690297548157],[28.686354778879,41.029464826250958],[28.686263406739865,41.0292413526196],[28.686163118821543,41.029020083363278],[28.686054009447147,41.028801219772511],[28.685936179227973,41.028584965173181],[28.685809735063522,41.028371518149825],[28.685674795531426,41.028161076611561],[28.685531482802588,41.027953833725931],[28.685379930725933,41.027749979951615],[28.685220277642056,41.027549702360837],[28.685052671772976,41.02735318870517],[28.684877269425549,41.027160617250232],[28.684694228703268,41.026972164907519],[28.684503719387695,41.026788007912209],[28.684305919345274,41.026608315046076],[28.682933758918459,41.025399518528488],[28.682737641420573,41.025221236249315],[28.682548905379395,41.025038440619831],[28.68236773225458,41.024851309162813],[28.682194296319306,41.0246600207577],[28.682028761965263,41.024464757673698],[28.681871289092577,41.024265706925448],[28.681722026821625,41.024063060273342],[28.681581118882775,41.02385701219027],[28.681448701819996,41.0236477591842],[28.681324901397442,41.02343550250928],[28.681209836192696,41.023220444777145],[28.681103615800239,41.023002794023711],[28.681006342628006,41.022782756253953],[28.680918109202494,41.022560544252812],[28.680839000863635,41.022336369452333],[28.680769093069916,41.022110448031455],[28.67929695554184,41.016997572629371],[28.679207845360629,41.016672565683301],[28.67912728714089,41.016346280160406],[28.679055314120308,41.016018845501975],[28.678991951451739,41.015690391829594],[28.678937228779585,41.015361049267362],[28.678891164070123,41.015030946586371],[28.678853777086328,41.014700214593738],[28.677962626764923,41.005772445306611]]},"properties":{"objectid_12":18,"objectid":18,"metin":"BİRİNCİ DERECE YOL","durum_2016":"MEVCUT","durum_2025":"MEVCUT","adi":"MEVCUT OTOYOL","shape_leng":5898.1092545900001,"SHAPE__Length":7832.230265766857}},{"type":"Feature","id":19,"geometry":{"type":"LineString","coordinates":[[28.818875854881725,40.993427964265805],[28.819660605147618,40.995137325334646],[28.819726404047245,40.99529085400696],[28.819783725545502,40.995446322119761],[28.819832471726102,40.995603460488468],[28.81987255724901,40.995761997896722],[28.819903914740628,40.99592166041888],[28.81992648850542,40.996082172097601],[28.819940239017463,40.996243254944403],[28.819945144717241,40.99640463300738],[28.819941194824938,40.996566024913378],[28.819928397425386,40.996727154037877],[28.819906774078188,40.99688774036921],[28.819876361614252,40.997047507288308],[28.819837213932477,40.997206179534892],[28.819789396609913,40.997363481173068],[28.819732993189859,40.997519142371637],[28.819668101588665,40.997672893301761],[28.819594833197467,40.997824468204897],[28.819513313780366,40.997973606748644],[28.819423686169529,40.998120048602779],[28.819326103078527,40.9982635429308],[28.819220735187283,40.998403841609921],[28.819107761260515,40.998540701265028],[28.818987379825945,40.99867388598016],[28.81885979659771,40.998803165942611],[28.818725232561398,40.998928318120434],[28.816474970740991,41.000934469753936],[28.816281517646257,41.001112084220487],[28.816094940256676,41.00129387101434],[28.815915394879138,41.001479678917818],[28.81574303243066,41.00166935061246],[28.815577999336526,41.001862726747113],[28.815420432140744,41.002059646615969],[28.815270466488894,41.002259942735172],[28.815128224551867,41.00246344762224],[28.814993827602216,41.002669991084638],[28.814867389725983,41.002879397507868],[28.814749016924356,41.003091492635392],[28.81463880711372,41.003306098144726],[28.814536853718874,41.003523033003816],[28.814443242978072,41.003742116182707],[28.814358054841357,41.003963162586068],[28.814281357580708,41.00418598576497],[28.814213218569773,41.004410399950828],[28.814153694402435,41.004636216665844],[28.814102834485968,41.004863244044941],[28.813606600631452,41.007291061884381],[28.813551365919587,41.007541482903129],[28.81348825747423,41.007790832586672],[28.813417308533104,41.008038970624966],[28.812644928068678,41.010592503751603],[28.812568708711751,41.010857905031934],[28.812500246307327,41.011124517243893],[28.812439572296402,41.011392210225459],[28.812386718120013,41.011660851783319],[28.812341707134415,41.011930312437606],[28.812304565390658,41.012200459999008],[28.812275307261856,41.012471162958477],[28.812253949815968,41.012742289808799],[28.812240501137854,41.013013707689531],[28.81223497021066,41.013285283742256],[28.81220320847715,41.018773100820127],[28.812198186894708,41.019034128019769],[28.81218614497832,41.019295022697911],[28.812167088117892,41.019555678446778],[28.81214102439824,41.019815986149368],[28.812107962802532,41.020075837368083],[28.812067920398746,41.020335125022513],[28.811098851107907,41.026099904118936],[28.81102856602174,41.026541648958833],[28.810966126821288,41.026984070557994],[28.810911544286316,41.027427086225089],[28.810864830993218,41.027870618014788],[28.810825993230239,41.028314585950881],[28.810795037285562,41.028758908026305],[28.810771972142316,41.029203505624416],[28.81075679959714,41.029648297420145],[28.810749523243356,41.030093202768242],[28.810718015733094,41.034305321419026],[28.810720090841386,41.034572367941323],[28.810730310076067,41.034839306995842],[28.810748666250593,41.035105996286553],[28.810775153076744,41.035372292842197]]},"properties":{"objectid_12":19,"objectid":19,"metin":"BİRİNCİ DERECE YOL","durum_2016":"MEVCUT","durum_2025":"MEVCUT","adi":"MEVCUT OTOYOL","shape_leng":7783.1873843399999,"SHAPE__Length":6424.449684617025}},{"type":"Feature","id":20,"geometry":{"type":"MultiLineString","coordinates":[[[28.895489664729627,41.043559842183562],[28.900214321627079,41.041927544094513],[28.900584649408017,41.041803080668657],[28.900958301853805,41.041684449934124],[28.901335117267745,41.041571701382743],[28.901714934851313,41.041464884505245],[28.902097591111215,41.041364044725803],[28.902482922554039,41.041269224757016],[28.902870764788045,41.041180465277506],[28.903260949828354,41.041097804931908],[28.903653310588265,41.041021278975435],[28.904047680879444,41.040950919951776],[28.904443889123723,41.040886759047709],[28.904841766437773,41.040828821350786],[28.905241143938383,41.040777133979191],[28.905641848250632,41.040731718629246],[28.90604370779635,41.040692594285261],[28.910399831746837,41.040303069872131],[28.910720699186552,41.040270759421759],[28.911040179627445,41.040231350231458],[28.9113579999817,41.040184876843703],[28.91167388716147,41.040131379896714],[28.911987568977235,41.040070903414545],[28.912298778629317,41.04000350090471],[28.912607248419786,41.039929229938323],[28.91291271424393,41.039848153504906],[28.913214914692023,41.039760340690172],[28.913513589252645,41.039665867353854],[28.913808482804214,41.039564815452003],[28.914099342920181,41.039457269649425],[28.914385920767185,41.03934332409554],[28.914667968410196,41.039223074971034],[28.914945246897343,41.039096626586357],[28.915217515480183,41.038964085961283],[28.915484543291658,41.038825567567962],[28.915746101261373,41.038681190620764],[28.916001963912155,41.038531078399018],[28.916251912953442,41.038375358924647],[28.916495734586167,41.038214165639964],[28.916733218604563,41.038047638085224],[28.916964162887727,41.037875917156214],[28.917188368009594,41.037699151879558],[28.917405641730728,41.037517492637711],[28.917615798998188,41.03733109591186],[28.917818660148892,41.037140121571795],[28.918014051808026,41.036944730843338],[28.918201803295684,41.036745095117212],[28.918381757406667,41.036541382397438],[28.918553757834115,41.03633376882042],[28.918717658152637,41.036122431879249],[28.918873316428421,41.035907551779061],[28.919020602405798,41.035689314825127],[28.919159386727305,41.035467905969519],[28.919289552611957,41.03524351761984],[28.919410986872059,41.035016338120393],[28.919523587099668,41.034786565981776],[28.91962725717503,41.034554395651327],[28.919721906368309,41.034320027677552],[28.920401883427704,41.032543667040756],[28.920480834561371,41.032349851043968],[28.920568481387008,41.032158190715158],[28.920664721496678,41.031968908338584],[28.920769442600914,41.031782225523109],[28.920882520732246,41.031598359813813],[28.921003825634966,41.031417525369889],[28.921133215375232,41.031239934997075],[28.921270539036055,41.031065792693447],[28.921415635819066,41.030895304491743],[28.921568336840974,41.030728667616906],[28.92172846423529,41.030566077939689],[28.921895829355879,41.030407723200383],[28.922070239963244,41.030253789107178],[28.922251489444875,41.030104455947992],[28.924003379420373,41.028709595903983]],[[28.895487827674859,41.043560477018758],[28.895079418512406,41.043698101286871],[28.894667695464854,41.043829945377432],[28.894252801364356,41.043955963931687],[28.893834879043069,41.044076112944779],[28.893414074027998,41.044190349765557],[28.89299053274457,41.044298637161617],[28.892564401618177,41.044400936544285],[28.892135827972538,41.044497211356031],[28.891704960029685,41.044587429102847],[28.891271949604857,41.044671558644275],[28.890836943123468,41.044749571548479],[28.890400095095735,41.044821438704332],[28.889961554642042,41.044887136419433],[28.889521473577588,41.044946641676987],[28.88908000551438,41.044999934846189],[28.887693469348051,41.045157299205854],[28.887203194917145,41.045208653871498],[28.886714012837569,41.045265671730952],[28.886226038093767,41.045328339897061],[28.884319757365315,41.045584491568931],[28.883921645590991,41.045641339050881],[28.883525243310604,41.045704664708623],[28.883130733780543,41.045774441423511],[28.882738302053724,41.04585063530034],[28.882348128691554,41.045933212442094],[28.881960394255362,41.046022132852571],[28.881575280204835,41.046117355856502],[28.881192964406438,41.046218837389652],[28.880813623828256,41.046326529998694],[28.880437435438427,41.046440384873875],[28.880064572611751,41.046560347784215],[28.879695209621435,41.046686363819823],[28.879329516249058,41.046818374682289],[28.878967664072835,41.046956318006885],[28.878609821976031,41.047100132105498],[28.878256152553735,41.047249747159022],[28.877906821095927,41.047405095379986],[28.877561990197709,41.047566105592679],[28.877221820657503,41.047732701878161],[28.876886470578782,41.047904806284457],[28.876556093573463,41.048082340181644],[28.876230845050141,41.048265220874285],[28.875910874129069,41.04845336295682],[28.87325511368773,41.050049895019427],[28.872954630818455,41.050227501035636],[28.872650338194052,41.050401350120787],[28.87234231756123,41.050571395560915],[28.872030651564994,41.050737592674061],[28.871073663716381,41.05123905858165],[28.87071054940721,41.051425244526726],[28.870342532093176,41.051605830936118],[28.869969763589594,41.051780744693104],[28.86959239481348,41.051949913357618],[28.869210582969952,41.05211326855342],[28.868824481670945,41.05227074325834],[28.868434250816591,41.052422272481621],[28.868040047612034,41.052567793941016],[28.867642036448984,41.052707248063015],[28.867240379024206,41.052840579337641],[28.866835240627683,41.052967730898516],[28.86642678475285,41.053088652652377],[28.866015180282922,41.053203293827082],[28.865600596101217,41.05331160771366],[28.865183200192632,41.053413550988566],[28.864763165932104,41.053509080326791],[28.86434066399945,41.053598157821007],[28.863915865972945,41.053680746239642],[28.86348894971902,41.053756811736392],[28.861250715441951,41.054137537572764],[28.860930675350634,41.054189497607808],[28.860609357854941,41.05423672657782],[28.860286885125852,41.054279206880295],[28.854197233662557,41.055035025167577],[28.853809490243233,41.05508668508287],[28.853423455419552,41.055145222596188],[28.853039343888888,41.055210605174061],[28.852657365857027,41.055282798248712],[28.852277731529767,41.055361759799162],[28.85190065111285,41.055447447124934],[28.85152633211711,41.055539813459546],[28.851154980256755,41.055638807970247],[28.850786802144277,41.055744375758238],[28.850421999900686,41.055856457858795],[28.850060773850213,41.055974993273303],[28.849703323418872,41.056099916937569],[28.849349847134352,41.056231159721563],[28.84900053813444,41.056368649106993],[28.848655589556902,41.056512309187525],[28.848315192742927,41.056662060668877],[28.84797953454207,41.056817822223458],[28.847648799108981,41.056979505749133],[28.847323170598248,41.057147023142939],[28.847002826876377,41.057320282914397],[28.846687945809723,41.057499188830761],[28.846378701671458,41.057683641272185],[28.846075263344897,41.057873540618267],[28.845777798815003,41.058068780474883],[28.845486472473407,41.058269254447715],[28.845201445118594,41.058474850046352],[28.844922873057421,41.058685456135159],[28.844650910800091,41.058900954805203],[28.844385709263584,41.059121227470584],[28.841400624642461,41.061659697943782]]]},"properties":{"objectid_12":20,"objectid":20,"metin":"BİRİNCİ DERECE YOL","durum_2016":"MEVCUT","durum_2025":"MEVCUT","adi":"MEVCUT OTOYOL","shape_leng":8236.4177070200003,"SHAPE__Length":10914.852582525185}},{"type":"Feature","id":21,"geometry":{"type":"LineString","coordinates":[[28.884757461487521,41.045525679291799],[28.88488483271334,41.04721825512901],[28.884903338906511,41.047422301319713],[28.884928115340351,41.047625966813101],[28.884959149438476,41.047829139829254],[28.885759948106916,41.052585427341342],[28.885807150083536,41.052891515456345],[28.885845793810443,41.053198291083099],[28.885875863117921,41.05350561669637],[28.885897345429637,41.053813354096064],[28.885910229067441,41.054121366439553],[28.8859835001536,41.056751624996458],[28.885987680912923,41.057040072363655],[28.885984155923747,41.057328524562386],[28.885972924287739,41.057616863729478],[28.88595399139481,41.057904972681136],[28.885927365329813,41.05819273220358],[28.885893055974165,41.058480025117206],[28.885851078599231,41.058766734244443],[28.88580144937476,41.059052742409676],[28.885744187165272,41.059337932439448],[28.885608555930414,41.059970322235785],[28.885552750788325,41.060210779663642],[28.885488734146239,41.060450063050894],[28.885416551818235,41.060688010525496],[28.88533624961833,41.060924462926998],[28.885247882343858,41.061159261774499],[28.885151509283546,41.061392249266611],[28.885047195116094,41.061623268958627],[28.884935008113551,41.061852166439955],[28.884815026429255,41.062078786624596],[28.884687328216661,41.062302979846976],[28.884551999714056,41.062524593056871],[28.884409131651275,41.062743479301552],[28.884258820148048,41.062959490275354],[28.882848970005146,41.064923373526504],[28.875614651070894,41.075073874272292],[28.875455194718043,41.07529148286892],[28.875289106103498,41.07550623164947],[28.875116474160386,41.075718005520031],[28.874937392313555,41.075926690742293],[28.874751956682712,41.076132172224405],[28.874560266980883,41.076334342324529],[28.87436242651426,41.076533090015879],[28.874158541284132,41.076728309689777],[28.87223186430715,41.078529646404569]]},"properties":{"objectid_12":21,"objectid":21,"metin":"BİRİNCİ DERECE YOL","durum_2016":"MEVCUT","durum_2025":"MEVCUT","adi":"MEVCUT OTOYOL","shape_leng":3971.9784900899999,"SHAPE__Length":5277.0174380388225}},{"type":"Feature","id":27,"geometry":{"type":"LineString","coordinates":[[28.792376373263753,40.989092984244422],[28.793316707245275,40.988597409460674],[28.794916343559919,40.987939598512781],[28.795462689932553,40.987720171229029],[28.795904387964512,40.98754967865149],[28.796564802411915,40.987281407370475],[28.797814367955276,40.986772698354088],[28.797994776613791,40.986706681585005],[28.798255859374709,40.986612915349674],[28.798417795976043,40.986525263460727],[28.798769697513841,40.986364544746714],[28.799117726414494,40.986157328365863],[28.799404261142342,40.985960190106525],[28.799624913427287,40.985755217689352],[28.79986494237286,40.985521858703258],[28.800246628452264,40.985018378668315],[28.800491920627103,40.984596113939197],[28.800685785150272,40.984281237784479],[28.800982575943713,40.983748449492367],[28.801230402265997,40.983308625045417],[28.801527193957764,40.982765841185838],[28.801851967272317,40.982183073193468],[28.802021846777389,40.981881193180953],[28.802354613301357,40.98130642304379],[28.803171040859127,40.979827010541037],[28.803545777571447,40.979170271795937],[28.803621723840525,40.979030328245251],[28.80397247643311,40.978386584494757],[28.804193644350995,40.978012863765436],[28.804455085539718,40.977461663279698],[28.804610505761971,40.977123780995015],[28.804647209127843,40.977049711077946],[28.804701131401082,40.976892434898367],[28.804837986141361,40.976563814022072],[28.804974630675847,40.976203892717002],[28.805012987840175,40.976064204663203],[28.805084721908862,40.975834329969665],[28.805118470715787,40.975636462966875],[28.805130067067786,40.975272549338335],[28.805101538370995,40.974902502546378],[28.805089509031031,40.974593616345636],[28.805067178709681,40.974158831839269],[28.805039231222882,40.973617257265808],[28.80497669141112,40.972623616205595],[28.804936445988094,40.971927532707319],[28.804858774953654,40.971122516131643],[28.804805797708095,40.970264863915574],[28.804798799832042,40.97002696061756],[28.804777806203845,40.969429202650332],[28.804802783860335,40.969070347346978],[28.804851747433197,40.968841439261837],[28.804921695651117,40.96859253981949],[28.804972659772119,40.968454595137715],[28.805054602295716,40.96826866906386],[28.805319415760014,40.967750874779462],[28.805694151574038,40.967056152105968],[28.80621778404473,40.966050552553675],[28.806345695158033,40.965850632105976],[28.806522571640826,40.965612727137177],[28.806704446349904,40.965402809597684],[28.806708442954591,40.965397811036063],[28.806728429571347,40.96537482063242],[28.80689831266967,40.965225878329555],[28.807155135619517,40.965048946587061],[28.807522884337249,40.964839027932491],[28.807945595577362,40.964631106972895],[28.808194425317801,40.964539141528384],[28.808517206169061,40.964451173370357],[28.809562497511752,40.964252240481123],[28.809874284780573,40.964203255877585],[28.810328976044786,40.964151270958737],[28.811677062520314,40.964011311149555],[28.813264744953454,40.96392378320769],[28.813473046301542,40.963915713018842],[28.813681612652612,40.963914453344827],[28.813890058629468,40.963920005542697],[28.814097994363241,40.963932359435738],[28.814305035374971,40.963951491278216],[28.814510797185729,40.963977367147379],[28.81471489711323,40.964009937516707],[28.815031616132945,40.964068787313735],[28.815346493606345,40.964133064424409],[28.815659366938352,40.964202738307833],[28.815970076228819,40.964277772316791],[28.81605469393531,40.964288523917119],[28.816218583474068,40.964312512528679],[28.81640545730766,40.964327504389011],[28.816526375036496,40.964329502082464],[28.816736233164956,40.964324501404562],[28.816924105925157,40.96430650655828],[28.81710598243086,40.964279515636321],[28.817283861433516,40.964235531738105],[28.817467737589023,40.964183549558022],[28.817661605705453,40.964125571525123],[28.817811502187023,40.964067592084604],[28.818262196846518,40.963926644437741],[28.818708892206402,40.963780698484051],[28.819331468715724,40.96359276763048],[28.81979515391258,40.963489803450386],[28.820059974563382,40.963442819392995],[28.820345780757549,40.96339883358042],[28.821553961814089,40.963300859000114],[28.823797443150745,40.963119906286209],[28.824473985052435,40.963064919507254],[28.82525245789115,40.963004934617985],[28.826033928407934,40.962944951030856],[28.826562568986347,40.962893965006799],[28.827000274006842,40.962865970907373],[28.827505931188711,40.962875961630282],[28.827742772013355,40.962892951553833],[28.828035573388654,40.962924935687035],[28.82844130107997,40.963005897871476],[28.828754090868646,40.963074865429157],[28.82918380267974,40.963210805992738],[28.82949359389201,40.963319758353563],[28.829702453093862,40.963393724975369],[28.830002252345217,40.963499680117309],[28.83051490650481,40.963675601894224],[28.830800714495599,40.963750567990189],[28.831033558715593,40.963804543472321],[28.831282391150957,40.96385551929616],[28.83152322858032,40.963892502995535],[28.831875990704173,40.96392748354193],[28.832206767459805,40.963949471188144],[28.832587509409819,40.963980454261481],[28.832693322865428,40.963983141156334],[28.832910407940371,40.964005330928536],[28.833126048524317,40.964034517739378],[28.83333984935857,40.96407064663434],[28.833551425065881,40.964113653160098],[28.833760388472299,40.964163459294568],[28.833966360488848,40.964219974125477],[28.834168967416371,40.96428309385044],[28.834367840047229,40.964352704490381],[28.834562616360383,40.964428679854926],[28.834752942419623,40.964510880863997],[28.83493847057693,40.964599158939777],[28.83511886576072,40.964693352615321],[28.835293798289264,40.964793290926345],[28.835462950158952,40.96489879205479],[28.835845200380327,40.965145660956672],[28.83607237982412,40.965274223192587],[28.836224580484384,40.965377013651207],[28.836826433758432,40.965736878030221],[28.837142841961082,40.965927288133457],[28.837325423644241,40.966045273896491],[28.837596105802273,40.966292202271013],[28.837749990803726,40.966478391672382],[28.837872714146261,40.966649376907966],[28.837997955466555,40.966900793417771],[28.838130373427639,40.967190997824808],[28.838171182094346,40.967328398435868],[28.838219322810435,40.96749565284636],[28.838287900199219,40.96784179591755],[28.838420727792069,40.968288051974248],[28.83851855791977,40.968529542239061],[28.838579518493273,40.968687477982776],[28.838665463011441,40.968836416542331],[28.838759400739022,40.968958365757466],[28.838905303310856,40.969118300058099],[28.839046210351377,40.969244246554766],[28.839180121312463,40.969334209256814],[28.839406969277892,40.969467151811472],[28.839550872199897,40.969530125435199],[28.839752737118953,40.969596095639055],[28.840011562413558,40.96966506512706],[28.840207430179788,40.96970004871806],[28.840445269931038,40.96974202940973],[28.84060516286511,40.969770015844368],[28.840611159119639,40.969771015626129],[28.84121575135697,40.969879963938929],[28.841991227415896,40.970007903111963],[28.842462911212003,40.970131847679767],[28.842762709565058,40.970231803528804],[28.842966572337289,40.970304771447168],[28.843199415658951,40.970386735880773],[28.84365411141475,40.970607640452776],[28.844122798431073,40.970891520000855],[28.844601477408318,40.971197391698013],[28.845240052912878,40.971630207744532],[28.84542392906836,40.971768149856793],[28.845804676408289,40.972129999221124],[28.846277362724262,40.972609799600512],[28.84636530419731,40.972700761520578],[28.846910942697534,40.973263527156163],[28.847267705019366,40.973593390050297],[28.847465574232029,40.973773315001736],[28.847903281947485,40.974116170298714],[28.848787691310999,40.974696924695252],[28.849497216655021,40.975094756062234],[28.850148779103623,40.975403622961082],[28.850731387769354,40.975638520679347],[28.850962234136137,40.975730481505984],[28.851337980554863,40.975863423380389],[28.851757698608409,40.975977371601232],[28.852244370795056,40.976121308163464],[28.852431245526976,40.976174284693386],[28.852928910397772,40.976294229796771],[28.853937230676625,40.976469148302719],[28.854557812926029,40.976545110394795],[28.855353274703376,40.976595080767289],[28.856059796081102,40.976618063870546],[28.85641355713156,40.976617060123274],[28.856764319605585,40.97660705927305],[28.857353920757486,40.976563070705929],[28.857903547777553,40.976505087273154],[28.858384222811342,40.976453103229133],[28.859792267340509,40.976285155333883],[28.859854225043982,40.976278157552144],[28.860446824772303,40.97621317675852],[28.862068725831243,40.976020237436948],[28.863857512310428,40.975812300164861],[28.864668961404885,40.975704334889507],[28.865757223659202,40.975580372305039],[28.866132969179599,40.97553938484932],[28.866135966857708,40.975539384171093],[28.86621591332473,40.975530387599534],[28.866453752177684,40.975501396452977],[28.866623636174303,40.975481402551388],[28.868773179783378,40.975235477744235],[28.869470975824729,40.975155635388973],[28.869777191742145,40.975118109319745],[28.870082298240185,40.975075746139623],[28.870386161469902,40.975028565507806],[28.87068864937887,40.974976587082487],[28.870989627219878,40.974919834590125],[28.871288964737158,40.974858331756366],[28.871586528980092,40.974792106375205],[28.871882188794586,40.974721187596145],[28.872175816619951,40.974645606602564],[28.872467281302097,40.974565395933418],[28.872756455280243,40.974480591517981],[28.872932171139727,40.974427457634967],[28.874085918781613,40.974078573780112],[28.874193542342542,40.974048602625622],[28.874303198790962,40.974023174270862],[28.874414551258639,40.974002368074565],[28.874527258385772,40.973986247116933],[28.874640974320943,40.973974861590712],[28.874755350517844,40.973968245410113],[28.874870036633553,40.973966418923666],[28.87498468142676,40.973969388235808],[28.875098931859537,40.973977144528924],[28.875212439385578,40.973989663384799],[28.875324854560223,40.974006906141426],[28.875435832430405,40.974028820571036],[28.875545035229631,40.974055339523773],[28.87565212519128,40.974086381606149],[28.878654562568769,40.975029142676398],[28.878796796420964,40.975076600022952],[28.878936153867617,40.975128695023862],[28.879072369007392,40.975185329325839],[28.879205183125521,40.975246394401701],[28.879334343795396,40.975311774263425],[28.879459605776926,40.975381344783855],[28.879580729219928,40.97545497301865],[28.879697485054049,40.975532519241135],[28.879809649598734,40.97561383626428],[28.879917010851599,40.975698768084172],[28.880019363996755,40.975787154627874],[28.880852436438417,40.976538691830626],[28.880954474274922,40.976626809356986],[28.881061488778084,40.976711494361879],[28.881173278725306,40.976792587480233],[28.881289632114161,40.976869934772708],[28.881410327959109,40.976943390438556],[28.881535139884697,40.977012816137268],[28.881663830735651,40.977078079632044],[28.881796157966892,40.977139058180576],[28.881931870948456,40.977195636500475],[28.88207071276214,40.977247707447312],[28.88539955389642,40.978428156136701],[28.885535028824421,40.978478880584696],[28.885667531227128,40.97853389860142],[28.885796821254409,40.978593111160869],[28.885922668039186,40.978656412454512],[28.88604484340939,40.978723687857233],[28.886163128176133,40.978794815961692],[28.886277308540308,40.978869668578611],[28.887557210190817,40.979745215850684],[28.887657165732485,40.979810597357115],[28.887760876232019,40.979872555375756],[28.88786813777191,40.979930966488666],[28.887978737451352,40.979985715415879],[28.888092455183184,40.980036692980768],[28.891044350647849,40.981293545473761],[28.891208906736519,40.981360626267751],[28.891376650047857,40.981423045334246],[28.891547349714774,40.981480717238618],[28.89172076858204,40.9815335619707],[28.89189666949445,40.981581506301325],[28.892074807211937,40.981624484459921],[28.892254938291018,40.981662436778535],[28.892436811203435,40.981695311047858],[28.892620177115859,40.981723062517311],[28.892804782703379,40.981745651860294],[28.892990371047826,40.981763047886986],[28.893176688824283,40.981775227544354],[28.893363476419616,40.981782173203172],[28.893550476915671,40.981783876049093],[28.893737432495961,40.981780332691841],[28.893924084445704,40.981771548555642],[28.894110175846723,40.981757536523517],[28.894295447984156,40.981738314224046],[28.894479647533188,40.981713909457071],[28.894662518473879,40.981684356124617],[28.894843808379687,40.981649694230995],[28.895023268417262,40.98160997123901],[28.895200648854928,40.981565243426594],[28.8953757062493,40.981515571817688],[28.895548198055195,40.981461024216919],[28.895717887117449,40.981401677244094],[28.895884538077379,40.981337611587179],[28.896047920966307,40.981268916749478],[28.896207811205418,40.981195686980897],[28.896363986910799,40.981118023312334],[28.896516233385174,40.98103603355591],[28.897717033883335,40.980364254209697],[28.897869043202444,40.980282420851715],[28.898025013193656,40.980204952099086],[28.898184723769685,40.980131955796516],[28.898347950351781,40.980063535719182],[28.898514462971161,40.979999787503679],[28.898684027167551,40.979940802038797],[28.898856403989114,40.979886661396378],[28.899031350890681,40.979837442222099],[28.899208620835605,40.979793214378923],[28.89938796409216,40.979754038912702],[28.899569129132164,40.979719972799245],[28.899751859037348,40.97969106216236],[28.89993589778793,40.979667349055859],[28.900120985770762,40.979648866715856],[28.900306861576077,40.979635640917579],[28.900493263794161,40.979627689974926],[28.900679931015251,40.979625025418791],[28.900866598236341,40.979627651318857],[28.901053003149386,40.979635563605449],[28.901238884344615,40.97964875142587],[28.901423978615657,40.979667195788011],[28.901608026349379,40.979690870916727],[28.90179076703436,40.979719742897672],[28.901971943752425,40.97975377238977],[28.902151301382073,40.979792909878363],[28.902328587496644,40.979837101778493],[28.902503551466218,40.97988628433167],[28.902675948050721,40.979940389031206],[28.902845533806669,40.979999339909618],[28.903012069782246,40.980063053538778],[28.906215446814077,40.981345674219924],[28.906419599742168,40.981430219569468],[28.906620539396478,40.981519042626424],[28.906818109470176,40.981612075557905],[28.9070121536564,40.981709243749066],[28.907202521038137,40.981810472584655],[28.907389063393399,40.981915681345704],[28.907571633398497,40.982024789313137],[28.907750088221263,40.982137709664215],[28.907924288622837,40.98225435489816],[28.90809409805933,40.982374632766906],[28.90825938358001,40.982498450344529],[28.908420016725856,40.982625709279844],[28.908575869936076,40.982756311222019],[28.90864802172138,40.982818484835839],[28.908739509743175,40.982901292251327],[28.908825651890705,40.982987305818781],[28.908906250534653,40.983076327508527],[28.908981123316931,40.983168155222558],[28.909050097761103,40.983262578725949],[28.909113015763605,40.983359382359559],[28.909169735390638,40.983458344362056],[28.909220126386487,40.983559239582526],[28.909264072868492,40.983661836767922],[28.909301474225376,40.983765901954058],[28.909332246913749,40.983871197109366],[28.909356319068397,40.983977482169124],[28.909373635892148,40.98408451367964],[28.909384157859048,40.984192047510597],[28.909387861612984,40.984299837498881],[28.909391084768206,40.985367983819707],[28.90939464928325,40.985493514802435],[28.90940525120023,40.98561881905573],[28.909422871654527,40.985743672125281],[28.909447478306792,40.985867849558431],[28.909479028037882,40.985991128938501],[28.909517464253959,40.986113289206621],[28.909562716886409,40.986234112018039],[28.90961470598516,40.986353379029531],[28.909673337227115,40.986470878002216],[28.909738506407717,40.986586397376755],[28.909810095847639,40.986699730341883],[28.909887977986156,40.986810672799855],[28.90997201268603,40.986919027435249],[28.910062049928644,40.987024598289665],[28.91015792711892,40.987127197542897],[28.91025947267865,40.987226640088018],[28.910366505148122,40.987322748277634],[28.910478831389547,40.987415349211787],[28.910596251976987,40.987504277449858],[28.910718554009648,40.987589372976331],[28.910845519196943,40.987670483234957],[28.910976920265139,40.987747463128436],[28.911112520957271,40.987820174340449],[28.911252078728243,40.987888486691425],[28.911395342948076,40.9879522781387],[28.911542055800268,40.988011433420041],[28.911691955875089,40.988065846765842],[28.911844772779652,40.988115420543018],[28.912000233426113,40.988160065932796],[28.912158059336694,40.988199703608871],[28.912317966643787,40.9882342610248],[28.91247966788648,40.988263677160703],[28.91264287560394,40.988287899132594],[28.912807294250385,40.988306884226724],[28.912972630975062,40.988320597187034],[28.913138588435611,40.988329013605714],[28.913304869289639,40.988332118566881],[28.913471175296518,40.988329907324648],[28.92005217467748,40.988127194207891],[28.920229083499638,40.988124281136365],[28.920406013881355,40.988126350664864],[28.92058271788764,40.988133399402436],[28.920758951176715,40.988145417176163],[28.920934468508502,40.988162388387323],[28.921109024642927,40.988184287942751],[28.921282377933203,40.98821108735789],[28.92145428673248,40.988242747297591],[28.921624511190636,40.988279225035377],[28.921792815050697,40.988320469028551],[28.921958964750679,40.988366422308957],[28.922122727626984,40.988417021126644],[28.922283877304121,40.988472194271822],[28.922442188304938,40.988531865787586],[28.922597441440566,40.988595952935356],[28.922749420216945,40.988664364839011],[28.922897913530047,40.988737007909705],[28.923042714767345,40.988813781099225],[28.923183621807858,40.988894576578105],[28.923320438818887,40.988979282448341],[28.923452975357588,40.989067780709043],[28.923581048167637,40.98915994793456],[28.923704477585986,40.989255656630917],[28.92759015292388,40.992379533853445],[28.92769348433437,40.992465740505729],[28.927792530780973,40.992554767029155],[28.927887156618066,40.992646491364702],[28.927977234284846,40.992740788741393],[28.928062639813863,40.992837530320358],[28.928416522136899,40.993254843460669],[28.928515980910205,40.9933679351102],[28.928620410061981,40.993478444611434],[28.928729693709542,40.993586247219277],[28.928843706987092,40.993691220901177],[28.928962322333827,40.993793248371389],[28.9290854059008,40.993892215056505],[28.92921282024578,40.993988008417404],[28.92934442073993,40.994080521339583],[28.929480059161339,40.994169648742663],[28.929619582796285,40.994255291648464],[28.929762835338025,40.994337353112982],[28.930584854010135,40.994791909940339],[28.930738934844285,40.994880451250552],[28.930888684900459,40.994973129034975],[28.931033908345928,40.995069823267016],[28.931174415636132,40.995170408495959],[28.931310025311429,40.995274752490801],[28.93144056040369,40.995382720986939],[28.931565850233,40.99549417226163],[28.931685732204286,40.995608961880592],[28.931800050909047,40.995726939986],[28.931908657226895,40.995847953330468],[28.932011410122357,40.995971844599261],[28.932108174848128,40.996098452410472],[28.932198825640064,40.996227611314957],[28.932283245717226,40.996359154508554],[28.932361324586747,40.996492909764271],[28.932432959840785,40.996628702822065],[28.932498058952774,40.996766358067347],[28.932556537481158,40.996905695140583],[28.933231343837758,40.998618193224509],[28.933286300970188,40.99874865840529],[28.933347786159821,40.9988774527883],[28.933415710473383,40.999004391295564],[28.933489975096258,40.999129290206298],[28.933570473128864,40.999251969190709],[28.933657089586863,40.999372251310177],[28.933749696909505,40.999489963016771],[28.933848163942752,40.999604934153638],[28.933952346956122,40.999716999310287],[28.934062095931012,40.99982599511106],[28.934177252763931,40.999931766316578],[28.934297650368212,41.000034158365956],[28.93442311626729,41.00013302483422],[28.934553467204911,41.000228222008843],[28.934688517229787,41.000319612956915],[28.935690904136202,41.000972049607611],[28.935836305448095,41.001063686300341],[28.935985504836985,41.001151777837478],[28.936138348691031,41.001236234065331],[28.936294683398234,41.001316970253612],[28.936454349058501,41.001393903705804],[28.936617183076805,41.001466955792715],[28.936783021061398,41.001536053308534],[28.937834229606874,41.001957633295916],[28.93796204549875,41.002006080049689],[28.938092703660217,41.002049995376531],[28.938225923816837,41.002089284373071],[28.938361417609471,41.002123862304458],[28.938498893085608,41.002153654604086],[28.938638052902906,41.002178596195876],[28.938778597922354,41.002198634883463],[28.938920223615117,41.002213726605028],[28.939062625452266,41.002223838822623],[28.939205495311672,41.002228949166401],[28.939348525969528,41.002229047468305],[28.939491409303688,41.002224133050461],[28.939633834497034,41.00221421675883],[28.939775497020708,41.002199320285378],[28.939916089650872,41.002179474812223],[28.940055309655307,41.002154723723351],[28.940192856098346,41.002125120570916],[28.940328433434281,41.00209072907527],[28.942616649075458,41.001465336165225],[28.942802010146107,41.001417264599688],[28.942989377154806,41.001373848502631],[28.943178546183979,41.001335136695893],[28.943369308824437,41.001301171220945],[28.943561455768762,41.00127198869454],[28.943754778607815,41.001247622342923],[28.943949063542526,41.001228097255712],[28.944144097672147,41.001213435809639],[28.944339668994342,41.001203654278946],[28.944535561015094,41.001198762835088],[28.944731560833667,41.001198766902831],[28.944927452854422,41.001203667160098],[28.94512302327831,41.001213456826235],[28.945318056509638,41.001228126407739],[28.945512340546024,41.00124765963043],[28.945705660690116,41.001272034795434],[28.950656879888765,41.00195999322942],[28.950854958408918,41.001989920514582],[28.951051713710651,41.002024463922794],[28.951246957147763,41.002063590227557],[28.951440500074039,41.002107262133634],[28.951632158334839,41.002155437599434],[28.951821746877261,41.002208070514847],[28.952009083343228,41.002265110023394],[28.952193989866377,41.00232650187823],[28.952376286783618,41.002392187086137],[28.952555800720091,41.002462101907732]]},"properties":{"objectid_12":27,"objectid":27,"metin":"BİRİNCİ DERECE YOL","durum_2016":"MEVCUT","durum_2025":"MEVCUT","adi":" ","shape_leng":32574.876888999999,"SHAPE__Length":23462.94948365906}},{"type":"Feature","id":29,"geometry":{"type":"LineString","coordinates":[[28.454957056733143,41.219615188313931],[28.456568589437083,41.219292918310963],[28.456731667797129,41.219262954097985],[28.456896215800992,41.219237988752582],[28.457061966649,41.219218064174378],[28.457228647253338,41.219203212126153],[28.45739598632278,41.219193456936864],[28.457563710769481,41.219188814150058],[28.466465504093723,41.219078005441567],[28.466684207034472,41.219078343971645],[28.466902741990264,41.219084819963975],[28.467120806228845,41.219097423956775],[28.467338100611244,41.21911613905381],[28.467554323303506,41.219140938897205],[28.467769176064962,41.21917178834331],[28.467982361553236,41.219208646840976],[28.468193586917582,41.219251462350748],[28.46840255840884,41.219300176074363],[28.468608987667878,41.21935471907674],[28.468812589928721,41.219415018367059],[28.46901308401867,41.219480989466284],[28.469210192358293,41.219552541137361],[28.476283407429523,41.22224317297475],[28.479039282414348,41.223137232898758],[28.488929136312834,41.226097608810761],[28.493732723682758,41.227520606857134],[28.494481467675424,41.227799827798819],[28.497125046063225,41.229156937651453],[28.501369759155526,41.231386490117323],[28.501581572018072,41.231493379195342],[28.501798505277705,41.231594244632731],[28.50202026069379,41.231688946612564],[28.502246529245863,41.231777355450809],[28.502476999218555,41.231859348217995],[28.502711349913245,41.231934810765985],[28.502949259733068,41.232003638403192],[28.503190395403102,41.232065737245676],[28.503434425444983,41.232121020839237],[28.503681010295544,41.23216941083458],[28.503929811289872,41.23221084239205],[28.504180480780036,41.232245257425539],[28.504432672914579,41.232272608656089],[28.504686038248895,41.232292856233862],[28.50494022733832,41.232305975844774],[28.505194887144953,41.232311945199363],[28.505449662834248,41.232310758894897],[28.505704204961564,41.232302417606597],[28.50595816048904,41.232286932140894],[28.506211175480392,41.232264326137766],[28.506462902287605,41.232234628639368],[28.506712990567774,41.232197881521657],[28.506961095367757,41.232154136116343],[28.507206870836232,41.232103451859892],[28.507449979206626,41.232045901022595],[28.507690082712394,41.2319815612776],[28.5105682121192,41.231164439588639],[28.516009765037595,41.229576644860273],[28.522113946750569,41.227763959871226],[28.523501603116046,41.227522485760602],[28.524477937082576,41.227436506111744],[28.525057542680312,41.227435498083132],[28.528674085454,41.227593380037561],[28.532085765630516,41.227704285795227],[28.535342551997545,41.227842180966135],[28.537734924600983,41.227944105323729],[28.538355658665662,41.227995131288665],[28.538991426934967,41.228104447992919],[28.540871650231974,41.228692894949681],[28.543885802539076,41.229803084061352],[28.546524335089913,41.230779809644766],[28.549502781161085,41.231877356387685],[28.551305563392383,41.232528065732694],[28.55159531139401,41.232644725719901],[28.552636895389547,41.233065196219577],[28.553560663538928,41.233677141049206],[28.55541252432748,41.235136910122456],[28.555691438646775,41.235369108637926],[28.556548274222656,41.23634442769972],[28.558670500063929,41.239394385467797],[28.560587971105889,41.242191351402461],[28.561532344811255,41.243634739000193],[28.561853747646836,41.244096124462459],[28.562205690507174,41.244544636728271],[28.56258727058535,41.244979124435559],[28.562997507819432,41.245398472717909],[28.563213048690361,41.24560213211776],[28.563582555411148,41.245930346604588],[28.563767603868108,41.246087297053158],[28.563958888429749,41.246239929788764],[28.564156230331349,41.246388105028323],[28.564359448113269,41.246531684339985],[28.564568355824164,41.246670535371159],[28.564782758529642,41.246804530497009],[28.565002458600368,41.246933546145485],[28.565227253017067,41.247057460770591],[28.565456935167209,41.247176162281775],[28.565691291251813,41.247289540614567],[28.565930103878522,41.247397489756239],[28.566173155655029,41.247499911123178],[28.566420220205938,41.247596710183387],[28.567171279157122,41.247881821412086],[28.567426700735098,41.247950981444511],[28.567684699579644,41.248014455804999],[28.567945057400134,41.248072189126567],[28.568207546024475,41.248124130768829],[28.568471942670481,41.248170236843968],[28.568738018267734,41.248210468190805],[28.569005542847567,41.248244789023481],[28.569274288237857,41.248273170984355],[28.569544019978323,41.248295587740195],[28.569814508100251,41.248312022412044],[28.569997465279229,41.248334637048615],[28.571977907324257,41.248315109695696],[28.575141259020281,41.24828998524049],[28.577390061078344,41.248513237897463],[28.582467628321712,41.249046180576713],[28.582658644287118,41.249063278976827],[28.582850414837324,41.249074568268064],[28.58304263274858,41.249080028866771],[28.583234986305403,41.249079654695855],[28.583427164690786,41.249073444404516],[28.587193445842555,41.248783196542206],[28.587403097358514,41.248770535459414],[28.587613281575422,41.248764824260689],[28.587823594251411,41.248766074429732],[28.588033632941258,41.248774284615259],[28.58824299340306,41.248789437254274],[28.588451271394959,41.248811503299621],[28.588658067166616,41.248840442220263],[28.588862982764379,41.248876195247199],[28.589065625624485,41.248918696855405],[28.58926560228484,41.248967863282068],[28.589462530961409,41.24902360063178],[28.589656032565188,41.249085800823799],[28.589845733397013,41.249154345645103],[28.590031268740862,41.249229102697846],[28.590212283762185,41.24930992810134],[28.59038842901634,41.249396665141262],[28.590559364940194,41.249489148322446],[28.590724763648609,41.249587200667392],[28.59088430534138,41.249690631015028],[28.591037685489628,41.249799242125491],[28.591184606750979,41.24991282527747],[28.591324788851068,41.250031160943607],[28.591457959600348,41.250154022167898],[28.591583865673933,41.250281172539502],[28.591702261831749,41.250412366868794],[28.591812920800031,41.250547353213207],[28.591915630576366,41.250685872878009],[28.592010194429687,41.250827657714531],[28.592096428205391,41.250972434848414],[28.592174167511772,41.251119927354829],[28.592243261431825,41.251269850882174],[28.592303578811599,41.251421916353422],[28.592355001971715,41.251575831992469],[28.592397432995845,41.251731301298243],[28.592744659700923,41.253161626810119],[28.593112867457805,41.254538331267412],[28.593826543018412,41.255704847663367],[28.595273095628858,41.257585307286192],[28.597476873226565,41.260380564719448],[28.599044260022509,41.261490557287132],[28.599934351230203,41.262387594495721],[28.60143405176612,41.264456966250172],[28.604877011280838,41.268982667769855],[28.605579502816184,41.269801155126494],[28.60614450090905,41.270255865290778],[28.607093735398447,41.27061407282288],[28.607841565804463,41.270777711660365],[28.608845591237959,41.27123192282442],[28.609317133998587,41.271628314401788],[28.60960964611635,41.272020943598065],[28.609670506976837,41.272108920457597],[28.609724018720005,41.272199574881846],[28.60976997652994,41.272292559152831],[28.609808200743601,41.272387514076811],[28.60983854673222,41.272484075060476],[28.609860896816468,41.272581870761073],[28.609875164758137,41.272680522411299],[28.609881296658255,41.272779652596384],[28.609879266465715,41.27287887917781],[28.609793876208087,41.27426446669984],[28.609791522622022,41.274371615785064],[28.609797659013733,41.274478679627236],[28.609812263823642,41.274585275425295],[28.609835284949426,41.274691021730874],[28.60986663974608,41.274795542499106],[28.609906215924241,41.274898463037772],[28.60995387244839,41.274999416083389],[28.610239662472871,41.275474919700059],[28.611879846942806,41.277202801584295],[28.61586628271283,41.28133164307058],[28.617904287902999,41.283078515599705],[28.618763518387404,41.28366772242282],[28.619805647660311,41.284181307818749],[28.620218048935868,41.284353464650863],[28.620510386780463,41.284440739730172],[28.620813062437353,41.284504906988765],[28.621904749069536,41.284691248058422],[28.622067707055336,41.284715493122349],[28.622397717548004,41.284743326636317],[28.622729786080995,41.28474336646304],[28.623507328265042,41.284710811112774],[28.624572738276864,41.284509143491789],[28.625364193568021,41.284268459596959],[28.625537462416673,41.284207481648394],[28.625871995926797,41.284067904419807],[28.626188200211843,41.283905831236211],[28.626483424343444,41.283722620786591],[28.626755193462994,41.283519807264582],[28.627001228544597,41.283299094300688],[28.628685137612653,41.281639777876855],[28.629270714312064,41.281143577736906],[28.629498984310597,41.28098202114387],[28.629705886083478,41.280847338026184],[28.630005202939522,41.280679440424457],[28.630628261844155,41.280484361218477],[28.63097327060883,41.280438745779989],[28.631360816398796,41.280378387347149],[28.631752476472769,41.280335735416067],[28.633393657174384,41.280383819675862],[28.633917153999448,41.280371939029884],[28.634034391330541,41.280372545922432],[28.634151448100283,41.280367576694289],[28.634267854489732,41.280357050246366],[28.634383150561497,41.28034100843059],[28.634496876378172,41.280319514700054],[28.639535830437371,41.279238542864796],[28.641204498688335,41.278783683964903],[28.642961642909924,41.278507119973384],[28.647452643510416,41.278164615325686],[28.64767750889402,41.278144036986632],[28.647901108551416,41.278116712382598],[28.648123084953056,41.278082684711464],[28.648343086857704,41.278042007970662],[28.648560763922401,41.277994746282296],[28.648775770295792,41.277940976593449],[28.648987763719688,41.277880781250317],[28.649196408224206,41.277814258799978],[28.649401368737724,41.277741514539109],[28.649602323663419,41.277662663214379],[28.649798950506064,41.27757783104807],[28.652154494877792,41.276513945524805],[28.655524012626444,41.275006208572925],[28.655685972583971,41.274937270273554],[28.65585174049999,41.274873691774516],[28.656021004659081,41.274815592589917],[28.656193447057635,41.274763083456229],[28.656368744302199,41.274716260255872],[28.656546565812672,41.274675212118836],[28.656726578314135,41.27464001737156],[28.656908443141745,41.274610741511601],[28.657502623006625,41.274525202562657],[28.657663324424448,41.274504438764104],[28.657824952005313,41.274488277361002],[28.657987274882196,41.274476742661797],[28.658150059493156,41.274469850196986],[28.660246004222483,41.27441108969407],[28.660443817739623,41.274405542094954],[28.66065226281815,41.274397132589996],[28.660860246162599,41.274383737872064],[28.661067556668929,41.274365371440922],[28.661273983233009,41.274342052196168],[28.661479317445725,41.274313804437426],[28.661683349999571,41.274280655163828],[28.661885874282063,41.27424263947514],[28.66208668547732,41.274199795170645],[28.66228557876941,41.274152166124914],[28.662482352037447,41.274099800262341],[28.662676807652073,41.274042750232589],[28.66286874618724,41.273981075435721],[28.66305797360689,41.273914837296552],[28.663244298569857,41.273844103315518],[28.663427531531646,41.27376894504313],[28.663607487439258,41.273689439430605],[28.663783981239749,41.273605666129185],[28.663956836863342,41.273517710865917],[28.664125877341917,41.273425662068263],[28.664290931097284,41.273329613564364],[28.664451831042765,41.273229663233217],[28.664608413684995,41.273125912329398],[28.664760520022156,41.273018465483254],[28.664907996442381,41.272907432051149],[28.665050692926943,41.272792924090339],[28.665188464847127,41.272675059059459],[28.665249846730465,41.272620890022502],[28.667562035711644,41.270580295782104],[28.667732658123445,41.270426256131159],[28.667898675771092,41.270269399267441],[28.668060006009586,41.27010980281662],[28.66821656888888,41.269947546430096],[28.668368287153868,41.269782709759802],[28.668515086244344,41.269615375159006],[28.668656891600126,41.269445625656637],[28.668793634949324,41.269273544282193],[28.668925247121607,41.269099217441806],[28.672000609733832,41.264918010874744],[28.672100929093187,41.264786829472847],[28.672207061450738,41.264658258951442],[28.672318888228876,41.264532443827065],[28.672436280968533,41.264409527266515],[28.672559107617339,41.264289648385962],[28.672687228936432,41.264172942250624],[28.672820500297018,41.264059541225343],[28.672958770782188,41.26394957429914],[28.673101884085039,41.26384316505932],[28.673249677610535,41.263740433717352],[28.673401984272019,41.26364149778373],[28.677963427163839,41.260778301828161],[28.678903331750643,41.260188273197166],[28.679049407697324,41.26009946520616],[28.679199130804054,41.260014158450574],[28.679352352848774,41.259932438030305],[28.679508922016286,41.259854384993268],[28.679668682897983,41.259780076335431],[28.68066191237839,41.259334216535379],[28.681009051048587,41.25917532132317],[28.681352541660402,41.25901200658744],[28.681692284500851,41.258844320916403],[28.6820281825519,41.258672311547357],[28.682360136100524,41.258496029093813],[28.682688050823636,41.258315524168907],[28.683011831499801,41.258130849411366],[28.683331383805928,41.257942057459822],[28.683646615215551,41.257749204329222],[28.683957434998792,41.257552344683816],[28.684263752425853,41.257351536564343],[28.684565478563478,41.257146837336109],[28.684862527173419,41.256938306390531],[28.685154811119112,41.25672600379437],[28.685442245958885,41.256509991640414],[28.685724748149426,41.256290332021791],[28.686002236842366,41.256067089057588],[28.686274631189367,41.255840326867464],[28.686541851240285,41.255610111597122],[28.689188940244204,41.25329037124461],[28.690961727728155,41.251736686033311]]},"properties":{"objectid_12":29,"objectid":29,"metin":"BİRİNCİ DERECE YOL","durum_2016":"MEVCUT","durum_2025":"MEVCUT","adi":" ","shape_leng":61195.595263399999,"SHAPE__Length":33177.117679476134}},{"type":"Feature","id":32,"geometry":{"type":"LineString","coordinates":[[28.462196293943606,41.219131234376739],[28.463025307796812,41.21543844360248],[28.46434049976326,41.210465119562706],[28.465209357492594,41.207034310024255],[28.465462197312441,41.204988918326833],[28.465554383325216,41.20239345932994],[28.465370473932044,41.20013975043905],[28.464942858788813,41.198192488972737],[28.463582341426413,41.192980961908574],[28.463440296220408,41.192312025917388],[28.462903845688935,41.186932808164748],[28.46294272567274,41.185944677248322],[28.463425945633745,41.183485457220051],[28.463940528476275,41.181205324394774],[28.464029469774232,41.180730832403434],[28.464082874617873,41.180253306650833],[28.464100576818876,41.179774266300242],[28.464082517088393,41.179295233939868],[28.464028756511901,41.17881773152633],[28.463939465769272,41.178343277679872],[28.463814928728201,41.177873378217825],[28.463655544240584,41.177409528181784],[28.461685945759324,41.172282669471613],[28.461614081434924,41.17209559190308]]},"properties":{"objectid_12":32,"objectid":32,"metin":"BİRİNCİ DERECE YOL","durum_2016":"MEVCUT","durum_2025":"MEVCUT","adi":" ","shape_leng":5280.3614703699996,"SHAPE__Length":7060.5629690653313}},{"type":"Feature","id":59,"geometry":{"type":"LineString","coordinates":[[28.960337927585989,41.055950693896513],[28.958406234416486,41.056867229121359],[28.958261607452357,41.056937393653612],[28.958149991778296,41.056986903423535],[28.958025496958019,41.057040064912499],[28.957905693140148,41.057099078917503],[28.957791058228448,41.057163710372393],[28.957682052160287,41.057233697792647],[28.957579109720307,41.057308763436488],[28.957482645031831,41.05738860585398],[28.957393041675509,41.057472904629044],[28.957310660774063,41.057561325121448],[28.957235830212582,41.057653510338568],[28.957168850028367,41.057749093805889],[28.957109989715985,41.057847690761427],[28.957059483735769,41.057948908316618],[28.957017533310317,41.058052341392305],[28.956984308221237,41.058157574073732],[28.956959939622507,41.058264187061724],[28.956944526328876,41.058371752931457],[28.956938130324044,41.058479840873872],[28.956940777659192,41.05858801940547],[28.956952455757889,41.058695854336094],[28.956973119704355,41.058802914187915],[28.957002685955324,41.058908771549909],[28.957041035933113,41.059013001723386],[28.957091019093809,41.059133910333024],[28.957136493610143,41.059243912589771],[28.957177630161933,41.059326679516019],[28.957331529536432,41.059612561290734],[28.957399803294631,41.059710863514006],[28.957455059566094,41.059799511974916],[28.957534626045739,41.059943176754771],[28.957648246759518,41.06012288361368],[28.957761529706726,41.06032403070423],[28.957828247582885,41.060484254739279],[28.957985354841224,41.060900213469786],[28.95803641148872,41.061055532168822],[28.95808266753933,41.061315631764678],[28.95811366570484,41.061744743760414],[28.958069729104302,41.062238825538614],[28.957324449015342,41.067145624817336],[28.956962318361388,41.06991561727191],[28.956877296413005,41.070415151091261],[28.956836093385871,41.070672550762588],[28.956828100176462,41.07085047832026],[28.956827022198144,41.070888608155222],[28.956824810545893,41.071118747943167],[28.956831202059139,41.071348842228225],[28.956846194042932,41.071578706804118],[28.956869771225882,41.07180815949895],[28.956901917438316,41.072037015434418],[28.956942605730781,41.072265091766511],[28.95699180556058,41.072492204976349],[28.957049475605206,41.072718174256579],[28.957115569152222,41.072942818802275],[28.957190034997712,41.073165957810858],[28.957272812954518,41.073387413190908],[28.957363837445605,41.07360700888502],[28.957463035707487,41.073824566129133],[28.957570327790087,41.074039914287781],[28.957916374108873,41.074965638886653],[28.957911595969875,41.074969169783714],[28.957994022685412,41.075231978648155],[28.958303394384433,41.076075960556317],[28.95875306316788,41.077506484067939],[28.958948844695858,41.078068115723902],[28.959110649244817,41.078404235806595],[28.959213580006704,41.078648136213644],[28.959352702094755,41.078911558092052],[28.959535194844733,41.079318213357716],[28.959952562905507,41.080054567205003],[28.960197272073763,41.080509430376139],[28.960399309469356,41.080925194720876],[28.96057347483665,41.08136155268916],[28.960701451526973,41.08173197808933],[28.960776495887462,41.081964938731893],[28.9609546901988,41.082645528149207],[28.961020364232603,41.082973698539568],[28.96115476028395,41.083686650615171],[28.961231153914017,41.084833865396945],[28.961153791001752,41.085747410931774],[28.961028074472686,41.086731991913631],[28.960862905732967,41.087722172358291],[28.960734001981269,41.088408924982346],[28.960704240795931,41.088798773226074],[28.960722171168996,41.089409422045257],[28.960768214318893,41.089984589618609],[28.960861813381594,41.090539338877427],[28.960939725164486,41.090840817814318],[28.961108903085325,41.091345623727037],[28.961528141438521,41.092218975598961],[28.962042178105349,41.093072333946175],[28.962573469612163,41.093830549083663],[28.963719744169197,41.095933513714066],[28.96415003988524,41.096999837688912],[28.964231717405831,41.097190542804704],[28.964321937904753,41.097379031661944],[28.96442059627914,41.097565085620815],[28.964527575748015,41.097748488074579],[28.96464275593712,41.097929027157313],[28.964766002099168,41.098106492358959],[28.964897169605354,41.09828067723312],[28.965036107538797,41.098451380750731],[28.965182653304328,41.098618403915026],[28.965336638018751,41.098781553146409],[28.965497882019022,41.098940638251285],[28.965666199353805,41.099095474452611],[28.965841394190399,41.099245882389951],[28.966023262611234,41.099391687442278],[28.96621159261392,41.099532721081601],[28.966406166806166,41.099668816811082],[28.966606758812468,41.099799819642378],[28.966722174360179,41.099870148211174]]},"properties":{"objectid_12":59,"objectid":59,"metin":"BİRİNCİ DERECE YOL","durum_2016":"MEVCUT","durum_2025":"MEVCUT","adi":" ","shape_leng":5222.6513391899998,"SHAPE__Length":6941.020645923707}},{"type":"Feature","id":64,"geometry":{"type":"MultiLineString","coordinates":[[[29.087177972391999,41.091415517895584],[29.087479595223357,41.091311385123682],[29.08777793471236,41.091200637621533],[29.088072053017868,41.09108360642314],[29.0883617183745,41.090960381539951],[29.088646701711856,41.090831061106805],[29.088926781146085,41.090695746642673],[29.089201735691613,41.09055454440503],[29.08947134615951,41.090407565389853],[29.089735405937272,41.090254925331891],[29.089993703920822,41.090096744027662],[29.090246037989171,41.08993314601279],[29.090492208716366,41.089764260561985],[29.090732024761262,41.089590218981215],[29.090965295680974,41.089411159346945],[29.091191839117521,41.089227221767217],[29.091411476306188,41.089038551767004],[29.091624035668719,41.088845296902896],[29.091829348321831,41.088647608794716],[29.09202725436548,41.088445644479499],[29.09221759928932,41.088239560318478],[29.092400230379855,41.088029520121516],[29.092575006601535,41.087815689054182],[29.09274179141044,41.0875982336375],[29.092900450957593,41.087377327164752],[29.093050861275533,41.087153141576984],[29.093192905583173,41.086925853556458],[29.093326471591212,41.086695642495734],[29.093451455095014,41.086462687789513],[29.093567755483264,41.086227174928446],[29.093675283822762,41.085989286697078],[29.093773954773582,41.085749210622048],[29.094645881147901,41.083517808017419],[29.094784391483255,41.08317477437604],[29.09493161637516,41.082833825810766],[29.095087499229788,41.082495087620813],[29.095251984351588,41.082158686462179],[29.095425009756756,41.081824746961686],[29.095606511664972,41.081493394425607],[29.095796419109295,41.081164750099745],[29.095994665614406,41.080838937940321],[29.096201175721824,41.080516077843022],[29.096415871278083,41.080196291059757],[29.096638675028117,41.079879694781447],[29.096869501631957,41.079566407555099],[29.097108265749622,41.079256545898097],[29.097354880244588,41.078950225652306],[29.09760925169202,41.078647559275446],[29.097871284870497,41.078348659903831],[29.098140882761999,41.078053637966512],[29.098417946551809,41.077762604571056],[29.098702372933698,41.07747566608613],[29.098994054109816,41.077192931590183],[29.09929288318067,41.076914504068014],[29.101046293105622,41.07531375368216],[29.102854464330306,41.073560930859628],[29.104442859127509,41.072014595198638],[29.11061017264203,41.066133069728075],[29.113872948077042,41.063021519132633],[29.114526567667667,41.0623513192239],[29.114858778134458,41.06200476138315],[29.115183431973101,41.061654126206214],[29.115500439352022,41.061299507777669],[29.115809719422877,41.060941000860645],[29.116111185049071,41.060578701574457],[29.116404758077181,41.060212708071788],[29.116690357658843,41.059843119184293],[29.116967907437218,41.059470034422667],[29.117237334648809,41.059093552621782],[29.117498563835113,41.058713777359884],[29.117751527622499,41.05833080950763],[29.117996155942343,41.057944751969679],[29.118232385014295,41.057555709684721],[29.118460150159635,41.057163786238796],[29.118679390292947,41.056769087929631],[29.118890046125397,41.056371720379644],[29.119092061961428,41.055971791245668],[29.119285384800449,41.05556940683212],[29.119469961641897,41.055164676832703],[29.119645741281737,41.05475770958877],[29.119812678804241,41.054348614798833],[29.119970729293634,41.053937502164075],[29.120119848732511,41.053524481388173],[29.120259998493243,41.053109666241816],[29.120326045327872,41.052907280438269],[29.120457900045267,41.052488638679982],[29.120580741965416,41.052068430746353],[29.12069453425741,41.051646764319614],[29.120799251768396,41.051223753181738],[29.120894864853991,41.050799507730268],[29.120981348361319,41.050374141075309],[29.121058678934254,41.049947765652448],[29.121126838606429,41.049520495254946],[29.121185806716625,41.049092440969154],[29.121235569790105,41.048663717271758],[29.121276114352131,41.048234437964723],[29.121307430521245,41.047804715498124],[29.121329508415979,41.047374665034894],[29.121342343544772,41.046944399708551],[29.121345931416013,41.046514031977956],[29.121340273826362,41.046083677692451],[29.121325369877486,41.045653449994511],[29.121281064069343,41.04401638738549],[29.121100791954749,41.037244566470939],[29.120794660478996,41.025516363718964],[29.120761420118527,41.024177473470694],[29.120750330416328,41.023559640114698],[29.12074773608181,41.022941754198968],[29.12075364070817,41.022323880107336],[29.120768038905545,41.021706087647907],[29.120790931572241,41.021088440531635],[29.120822316013303,41.020471008571697],[29.12086218773721,41.019853856839624],[29.120910542252304,41.019237053120371],[29.120967374168774,41.018620663845937],[29.12103267719834,41.018004756128484],[29.121106443256227,41.017389397760553],[29.121188665155859,41.016774653148197],[29.121279333914096,41.01616059144451],[29.121285378677666,41.016121495877229],[29.121661053231161,41.013317831798162],[29.121699816433974,41.0129958094995],[29.121732302209612,41.012673390447979],[29.121758506066445,41.012350641743978],[29.121778420817964,41.012027637267558],[29.121792041972622,41.011704444121868],[29.121829286124314,41.01061494356513],[29.121843594490151,41.010202085428681],[29.121848400476921,41.009789101333482],[29.121843704084629,41.009376117361199],[29.12182950531324,41.008963257562975],[29.121805811349297,41.008550646671061],[29.12177262578609,41.008138413487899],[29.121729961199978,41.007726679362655],[29.121677830167414,41.00731557174835],[29.121616248858057,41.006905214033878],[29.121545235238209,41.006495731644812],[29.121464812664101,41.006087250687834],[29.121375005390174,41.005679891849333],[29.121275840365985,41.005273781241996],[29.12116734723584,41.004869041591931],[29.121049561034116,41.004465794950235],[29.120922514998419,41.004064166082699],[29.1207862504513,41.003664275012397],[29.12064080691858,41.003266242443189],[29.120486230214397,41.00287019247142],[29.120322567051076,41.002476241738847],[29.120149868632648,41.002084512313395],[29.119968184366453,41.001695123553858],[29.11977757174461,41.001308191431797],[29.11957808825936,41.000923833955248],[29.119369795894439,41.000542169812483],[29.119152755735289,41.000163313626587],[29.118927035155512,40.999787380022802],[29.118588506837334,40.999236347292467],[29.118414219299172,40.998959139679044],[29.118233439636459,40.998684329595427],[29.118046223544706,40.998412004531616],[29.117852629414458,40.998142250622571],[29.117652721026083,40.997875153326554],[29.117446561261637,40.997610799458791],[29.117234216596447,40.997349270411647],[29.116110555330078,40.995987242850397]],[[29.087177972391999,41.091415517895584],[29.087178706315594,41.091415282290583]],[[29.087177972391999,41.091415517895584],[29.086868568353612,41.091514610728844],[29.086554967386256,41.091607507289289],[29.08623813517881,41.091693902265689],[29.085918307988198,41.091773731366608],[29.085595722071375,41.091846937069185],[29.085270619973414,41.091913462525795],[29.084943240646208,41.091973259688288],[29.084613827533211,41.092026283214707],[29.084282626772783,41.092072494531372],[29.08394988450334,41.092111859124643],[29.083615846863253,41.092144347895129],[29.083280763584174,41.092169936480325],[29.082944881702808,41.09218860593181],[29.08260845274744,41.092200341361071],[29.082271725551411,41.092205135324605],[29.08193495074466,41.092202984438877],[29.079932828758555,41.092151112663359],[29.075609148362865,41.091970940216903],[29.068361785890659,41.091642877044812],[29.066667834556021,41.09162460146613]],[[29.087177268112807,41.091415760947932],[29.087177972391999,41.091415517895584]],[[29.066667834556021,41.09162460146613],[29.066663904426655,41.091624558813614]],[[29.066667834556021,41.09162460146613],[29.061411915796153,41.091413233609892]]]},"properties":{"objectid_12":64,"objectid":65,"metin":"ERİŞME KONTROLLÜ KARAYOLU (OTOYOL)","durum_2016":"MEVCUT","durum_2025":"MEVCUT","adi":"MEVCUT OTOYOL","shape_leng":13799.3290211,"SHAPE__Length":18321.232457520753}},{"type":"Feature","id":66,"geometry":{"type":"LineString","coordinates":[[29.037281849436162,40.989053949918222],[29.039659195919814,40.990212042290501],[29.04022444194775,40.990511825563473],[29.040558505638959,40.990672475177661],[29.04074631551709,40.990765645048135],[29.040930564473467,40.990862811279371],[29.041111106980942,40.990963893164583],[29.04128779751251,40.991068812708896],[29.042089537615368,40.991558936349335],[29.042633187245517,40.991891274849834],[29.043963536485755,40.992707075815744],[29.044137386544364,40.992809454000138],[29.044316425272072,40.992906564332195],[29.044500372394488,40.992998254954372],[29.044688944942326,40.993084384179319],[29.04488185006473,40.993164817777355],[29.045078785927842,40.993239431688643],[29.045279449799377,40.993308109310739],[29.045483528167313,40.993370744210665],[29.045690704824668,40.993427239446667],[29.045900659072853,40.993477506890081],[29.046113063026855,40.993521469259306],[29.046327587903203,40.993559057407566],[29.048194904206216,40.99389199537476],[29.048395409974262,40.993931325847768],[29.048593412137599,40.993977366751594],[29.048788519929118,40.994030026538404],[29.048980346174879,40.994089203488024],[29.04916851358249,40.99415477825022],[29.049352650249457,40.994226622658779],[29.049532392358028,40.994304594985906],[29.049707385971999,40.994388540620207],[29.049877283443344,40.994478294100936],[29.05004175059884,40.994573677762418],[29.050200463146584,40.994674503768117],[29.052672088717653,40.996316830057836],[29.056128676573532,40.998600192138888],[29.056289744503975,40.998710710496574],[29.056445190777378,40.998825757570337],[29.056594790814909,40.998945170621788],[29.056738331715842,40.999068776743115],[29.056875609562621,40.999196403026943],[29.057006429420795,40.99932786504106],[29.057130602644211,40.999462977675961],[29.057247953163039,40.99960154429747],[29.057358312992321,40.99974337166244],[29.057461524926897,40.999888253647455],[29.057557441643052,41.00003598548642],[29.057645925698512,41.000186356312994],[29.0577268513292,41.000339151194588],[29.060220923104239,41.005317840820503],[29.061219303524503,41.007357329198101],[29.06130268964074,41.00753771654859],[29.061377312691398,41.007720293660505],[29.061443070268528,41.007904815121073],[29.061499878828769,41.008091035519968],[29.061547657523793,41.008278704704217],[29.06158634706475,41.008467571845927],[29.061615890857823,41.00865738476412],[29.061636252072034,41.008847888569171],[29.061647403758005,41.009038828374408],[29.061649330644279,41.009229951329694],[29.061642027341012,41.009420997809102],[29.061625507322955,41.009611714968493],[29.061599791251311,41.009801847255055],[29.061564913262071,41.009991139119087],[29.061520919169354,41.010179339080686],[29.061467868261936,41.010366194307409],[29.061405831506718,41.010551454002908],[29.061334892447061,41.010734872796533],[29.061255146304326,41.010916203286591],[29.061166697283145,41.011095202141163],[29.061069666656064,41.011271632809148],[29.060964181983827,41.011445256708157],[29.060850385200247,41.011615842714342],[29.06072842722234,41.01178316173943],[29.060598473340068,41.011946990797412],[29.060460696928306,41.012107110293442],[29.060315280345058,41.012263305378958],[29.060162420321365,41.012415369340786],[29.060002318978171,41.012563096144795],[29.059835193707773,41.012706288569809],[29.059661265495716,41.012844756173749],[29.05948076880232,41.012978313259978],[29.057439822527954,41.014434140127719],[29.052490192449046,41.017927121586112],[29.052166394704866,41.018160427540231],[29.051849083695362,41.018398792279946],[29.051538396862785,41.018642112050713],[29.051234470751002,41.01889028106504],[29.050937435615786,41.01914319353596],[29.050647420814521,41.019400736899378],[29.050364551213033,41.01966280198085],[29.050088952575457,41.019929272151224],[29.049820742581073,41.020200034171353],[29.049560038010867,41.020474969380786],[29.049306952052611,41.020753958442732],[29.049061596097385,41.021036881343647],[29.048824074349739,41.021323614005013],[29.048594491014278,41.021614032349788],[29.04837294670228,41.021908010947008],[29.048159536635161,41.022205420300828],[29.047954354237756,41.022506132950461],[29.047757487544921,41.022810018726034],[29.047569023693267,41.023116944748629],[29.047389044429465,41.023426778141413],[29.047217627008635,41.023739383996464],[29.047054846889257,41.024054626730376],[29.046900773241621,41.0243723694065],[29.046755474337658,41.024692475090632],[29.046619014856105,41.025014803462263],[29.046491452289143,41.025339215559036],[29.04637284143395,41.025665569032391],[29.0462632352912,41.025993724247357],[29.046162682369868,41.026323538183007],[29.046071223094177,41.026654865788124],[29.045988902379861,41.026987566080408],[29.045915750769623,41.027321492658899],[29.045851804196143,41.027656499803044],[29.045797089608797,41.02799244518382],[29.045751629465553,41.028329179698147],[29.045715444427564,41.028666558311954],[29.045688549766304,41.029004434639013],[29.04556370909464,41.030901776719524],[29.045540291811804,41.031190157834658],[29.045508024326796,41.031478048428156],[29.045466924605925,41.031765293326934],[29.045417015107056,41.032051736682696],[29.045358321881334,41.032337223327708],[29.045290877268119,41.032621599452021],[29.045214716301707,41.032904710570705],[29.045129882101211,41.033186404911916],[29.04503641778577,41.03346652867338],[29.044934377254343,41.03374493144355],[29.044823812609188,41.034021461458046],[29.044704785834039,41.034295969665266],[29.044577358912669,41.034568307693633],[29.044441601913647,41.034838327851297],[29.044297588498903,41.035105884481553],[29.044145395923451,41.035370833284908],[29.043985106832363,41.03563302996394],[29.043816807463891,41.035892334288789],[29.043640589446166,41.036148603998619],[29.04345654620403,41.036401700899987],[29.04326477834875,41.036651488833861],[29.043065390084923,41.036897832320378],[29.042858488312046,41.03714059859162],[29.042644186217878,41.037379654203299],[29.042422598786718,41.037614873166035],[29.04090453219484,41.03918726437302],[29.038059750048021,41.042006413267949],[29.034476791689553,41.04548593653108]]},"properties":{"objectid_12":66,"objectid":68,"metin":"BİRİNCİ DERECE YOL","durum_2016":"MEVCUT","durum_2025":"MEVCUT","adi":"MEVCUT OTOYOL","shape_leng":7991.7239212900004,"SHAPE__Length":10601.709114547684}},{"type":"Feature","id":67,"geometry":{"type":"LineString","coordinates":[[29.04022444194775,40.990511825563473],[29.040324742442465,40.990439069855029],[29.041413430498242,40.989484590845933],[29.041525530364236,40.989390572247977],[29.04164298149437,40.989300383296033],[29.041765556614887,40.989214196237683],[29.041893015875583,40.989132180608401],[29.042025116731388,40.98905449373818],[29.04216159956913,40.988981286176198],[29.043617854882957,40.988236059992644],[29.044515377853003,40.987754697704027],[29.045730069000413,40.987189996989898],[29.047946440080096,40.986100605158406],[29.048219993253785,40.985970144105089],[29.048498159276466,40.985845412846494],[29.048780731535615,40.985726504316695],[29.04906749713048,40.985613507380307],[29.049358240465459,40.985506507510308],[29.049652744148187,40.985405584753714],[29.049950785396522,40.98531081576585],[29.050252142326574,40.985222271097655],[29.050556586766248,40.985140017229838],[29.050863890543486,40.985064115895028],[29.05117382458786,40.984994624077373],[29.051486154439125,40.984931594690629],[29.051800645636938,40.984875073865659],[29.052117061924399,40.984825104340977],[29.052435166146303,40.984781724784511],[29.052754721147359,40.98474496504673],[29.053075483484172,40.984714857010538],[29.053397214204864,40.984691418316316],[29.053719672560938,40.984674671349275],[29.055832340327626,40.984586944324569],[29.056120187494091,40.984571800420468],[29.056407332178036,40.984550312644039],[29.056693528241038,40.984522497942272],[29.05697853403629,40.984488380719732],[29.057262108815298,40.984447989447965],[29.057544010032913,40.984401358699905],[29.057824000533941,40.984348527115699],[29.058101842264765,40.984289541471227],[29.060160231127043,40.98382792474866],[29.064694491896653,40.982843007869207],[29.064836850614679,40.982813760885627],[29.06498026305653,40.98278764352446],[29.065622515365551,40.982678089921322],[29.065867311670356,40.982626930620491],[29.066109462436678,40.982568993206833],[29.066348642474328,40.982504358362128],[29.06658453018645,40.98243311015689],[29.066816805772845,40.982355346901315],[29.068470563786718,40.981749353229539],[29.069198972616327,40.981542710308844],[29.069423590064893,40.981482312943427],[29.06965082071266,40.981427818889649],[29.072718699460264,40.980735924408059],[29.074443129734192,40.980418868499882],[29.074580889077939,40.980396726293847],[29.074720110879007,40.980380679462897],[29.074860327115054,40.980370783621304],[29.075001066170607,40.980367069289514],[29.075141851938582,40.980369551388193],[29.075282209210137,40.980378219744189],[29.075421667268103,40.980393046550113],[29.075559754496965,40.980413980939133],[29.079153570792279,40.981041496152038],[29.079428087858286,40.981078371885296],[29.080515891073485,40.981134286297284],[29.080620301360629,40.981141491081182],[29.080723692059959,40.981154665715437],[29.081592839046795,40.981291255328969],[29.081740413383365,40.981311716755869],[29.081889094444332,40.981326898029188],[29.082038552548049,40.981336763888329],[29.082697897101973,40.981368472565059],[29.085503089595882,40.981415776834261],[29.085826104907454,40.98140325057161],[29.08614862973884,40.981384863660274],[29.086470481732107,40.981360625589588],[29.086927584074527,40.981322002397825],[29.088454914991967,40.981146185312092],[29.088784150238542,40.981111546193105],[29.089114447293788,40.981083306868129],[29.089445590561994,40.981061486333886],[29.08977736354927,40.981046099516369],[29.090109545269957,40.981037155914308],[29.090441921026784,40.981034660955658],[29.090774273427385,40.981038616675612],[29.091106381486249,40.981049020360338],[29.091438030505987,40.981065866581588],[29.091769001297685,40.981089141771065],[29.092099076469047,40.98111883235881],[29.09242804132273,40.98115491799129],[29.092755679364732,40.981197376278779],[29.093081774101087,40.981246178726181],[29.098360842445821,40.982146762977457],[29.098650414377651,40.982199603107013],[29.098937777352216,40.982258960890441],[29.099222679841201,40.982324782736256],[29.099504866723098,40.982397010304503],[29.099784087367905,40.982475579828204],[29.100060094738964,40.982560421435593],[29.100332641799504,40.982651459150233],[29.100601487801136,40.982748613603469],[29.100866393791897,40.982851795931531],[29.101127123514889,40.982960917269388],[29.101383447001446,40.98307587790093],[29.101635135181116,40.983196578787087],[29.101881964373419,40.98332291003792],[29.1021237144911,40.983454759728353],[29.10236017263345,40.983592012542296],[29.102591127696375,40.983734544347286],[29.102816373965648,40.983882229654611],[29.106787137727242,40.986564987560762],[29.107130101027963,40.986794426132917],[29.107466833613913,40.987029104946096],[29.10779719534785,40.987268928332561],[29.108121048787574,40.987513795199945],[29.108438261880696,40.987763605812354],[29.108748700778268,40.98801825636582],[29.109052238817807,40.988277640344414],[29.109348748438585,40.988541651232921],[29.109638107469703,40.988810180482623],[29.109920196435215,40.989083114799058],[29.110194897655859,40.989360342922879],[29.110462097943842,40.9896417495275],[29.116110555330078,40.995987242850397]]},"properties":{"objectid_12":67,"objectid":69,"metin":"BİRİNCİ DERECE YOL","durum_2016":"MEVCUT","durum_2025":"MEVCUT","adi":"MEVCUT OTOYOL","shape_leng":7377.6683880099999,"SHAPE__Length":9766.9953343212437}},{"type":"Feature","id":68,"geometry":{"type":"MultiLineString","coordinates":[[[29.364184041861559,40.814971198791469],[29.364588991611861,40.815769782560132],[29.364674999012124,40.815939295578971],[29.364752984456878,40.816111034010447],[29.364822848233146,40.816284778924498],[29.364884500509405,40.816460307314067],[29.364937864030551,40.81663739753396],[29.364982869626299,40.816815822502463],[29.365019458906144,40.816995353100658],[29.365047586055997,40.817175763611289],[29.365067216041563,40.817356822200892],[29.365078322811748,40.817538296358741],[29.365080891993479,40.817719956975786],[29.365074920891772,40.817901571546287],[29.365060414896579,40.818082908926719],[29.365037395567423,40.818263735936661],[29.364945214046202,40.818873906440764],[29.364898030035928,40.819213292803688],[29.364858932659782,40.819553272952398],[29.364827935392608,40.819893734028213],[29.364805049014119,40.82023456589399],[29.364790278914214,40.820575656375432],[29.364783634076048,40.820916893300542],[29.364785113601336,40.821258166539103],[29.364786334411793,40.821333336326489],[29.364801234767416,40.82225088203014],[29.364794875593528,40.822572316925502],[29.364797801406407,40.822893779493853],[29.3648100086128,40.823215115424198],[29.364831492721148,40.823536171768048],[29.364862242951624,40.823856791501228],[29.364902245829537,40.824176822361011],[29.364951480693623,40.824496109368567],[29.365009924187721,40.824814498907443],[29.36507754936228,40.825131838043994],[29.365154322081416,40.825447974527094],[29.365240208209116,40.825762754069295],[29.365335164626199,40.826076027823973],[29.36543914462036,40.826387643548458],[29.365552101479121,40.826697451721927],[29.365673978608655,40.827005302146283],[29.365804716720163,40.827311048024882],[29.365944255626502,40.82761454120412],[29.36609252615742,40.827915636251717],[29.366249458244287,40.828214188417725],[29.366414977326947,40.828510052954265],[29.366589001658756,40.828803087834778],[29.366771447696326,40.82909315239435],[29.36696222920142,40.82938010732947],[29.367161253647556,40.829663813338648],[29.367368425813329,40.829944134520957],[29.3675836450874,40.830220935656861],[29.368031218101315,40.830782409522044],[29.368248887979497,40.831031061375064],[29.36997221961381,40.833300376984084],[29.370251859771859,40.833768770648405],[29.370523660332449,40.834239817831033],[29.370787579074698,40.834713445071664],[29.371043575574479,40.835189574833606],[29.371291603119381,40.835668131621262],[29.371531626675072,40.836149037901933],[29.371763604919092,40.836632216144856],[29.371987501020534,40.837117589500963],[29.372203279046698,40.837605079763961],[29.372410903065074,40.838094608049971],[29.372610340736241,40.838586096836593],[29.372801559720894,40.83907946588495],[29.372984529476266,40.839574636317721],[29.373159219459687,40.84007152858004],[29.373325600925028,40.840570063119472],[29.373483648719493,40.841070159026494],[29.373756576665738,40.841966952878934],[29.373934930877187,40.842552981905143],[29.374104935248088,40.84314044033912],[29.37426656821884,40.843729260185455],[29.374424683386948,40.844323121936981],[29.37451614086601,40.844759007694122]],[[29.39578591476749,40.870598781793952],[29.39425781848546,40.869790809439884],[29.392203977793493,40.86870070724575],[29.389146120651173,40.86702626063834],[29.388502870313875,40.866647408392176],[29.387865446449521,40.866262924959919],[29.387233937092994,40.865872862553061],[29.386608423990992,40.865477273382908],[29.385988991585137,40.865076210340092],[29.385375723418768,40.864669729032393],[29.384768701238553,40.864257880991623],[29.384168007689553,40.863840724543202],[29.383573720925117,40.863418313936492],[29.382985923590322,40.862990706138362],[29.382404692041938,40.862557958116113],[29.381830106230012,40.862120128875432],[29.381262240714747,40.861677276063567],[29.380701172751213,40.861229460725099],[29.379550441652039,40.860277442825016],[29.379275510462705,40.860039190267408],[29.3790075115724,40.85979642898581],[29.378746572541953,40.859549274430307],[29.378492817338799,40.859297844769451],[29.378246369032166,40.859042260211055],[29.378007346199706,40.858782644361007],[29.377775860232461,40.8585191208265],[29.377552023419831,40.858251815933613],[29.377335941763082,40.857980856689153],[29.37712772126336,40.857706372139752],[29.376927459837091,40.857428496769096],[29.376735252705636,40.857147360985941],[29.376551192395485,40.856863099956755],[29.376375366043266,40.856575850888369],[29.376207858988867,40.856285748951017],[29.376048751182356,40.855992935432205],[29.375898117183937,40.855697548903542],[29.375756029757135,40.855399731336178],[29.375622558970527,40.855099624024142],[29.37549776411295,40.854797373019878],[29.375381709863067,40.85449312098104],[29.375274447424911,40.854187013964953],[29.3751760306973,40.853879199390533],[29.375086504596101,40.85356982399977],[29.375005913138704,40.853259034537253],[29.374934294952673,40.852946981827039],[29.374871683275678,40.852633813298766],[29.374818109548784,40.852319681140926],[29.37477359712814,40.85200473346805],[29.374738167573316,40.851689122474454],[29.374711839748983,40.851372997639174],[29.374694623536545,40.851056511162327],[29.374676482957696,40.850723003731403],[29.374666886255532,40.850471881001589],[29.374665412120127,40.850220654035169],[29.374672060551546,40.849969476399856],[29.37468682615987,40.849718497588498],[29.374709700860297,40.849467870493847],[29.374836163889348,40.848291732801897],[29.374913643582605,40.847571134483601],[29.374927994169266,40.84740206043071],[29.374934718957476,40.847232712093351],[29.374933813455662,40.847063289253555],[29.374925275867216,40.846893988297772],[29.374909118768521,40.846725008332477],[29.374885358329262,40.846556546427664],[29.374854025092134,40.846388801014356],[29.37451567553871,40.844756422642185]]]},"properties":{"objectid_12":68,"objectid":70,"metin":"BİRİNCİ DERECE YOL","durum_2016":"MEVCUT","durum_2025":"MEVCUT","adi":"MEVCUT OTOYOL","shape_leng":7098.5841166099999,"SHAPE__Length":9398.0441492719201}},{"type":"Feature","id":69,"geometry":{"type":"LineString","coordinates":[[29.324498294392576,40.914692832246786],[29.328537747832357,40.915461014978639],[29.333031604177158,40.916338961984735],[29.333313168526526,40.916397533865087],[29.333592187050424,40.916462743251593],[29.333868386660924,40.916534526315047],[29.334141497863509,40.916612814472749],[29.334411256553427,40.916697529636942],[29.334677397727695,40.916788591003062],[29.334939663569855,40.916885908261634],[29.335197798060001,40.916989388386689],[29.335451547873244,40.917098929526304],[29.335700669566169,40.917214424397208],[29.335944917000351,40.917335761642249],[29.336184053020538,40.917462822436441],[29.336417846759765,40.917595483202774],[29.336646067350962,40.917733614254189],[29.336868493808577,40.917877080473055],[29.337084909638616,40.91802574402616],[29.337295103736995,40.91817945893483],[29.337498870389538,40.918338075826384],[29.337696012865145,40.918501439219142],[29.33788633712776,40.918669390916868],[29.338069659022729,40.918841765935902],[29.338245798886998,40.919018397935737],[29.33841458514237,40.919199114467666],[29.338575854295456,40.919383738332449],[29.338729447344416,40.919572090974647],[29.338875216965555,40.919763988409798],[29.339078918939375,40.920042095612459],[29.340725977317863,40.922290668596247],[29.345889953508433,40.929417924351903],[29.346135678671239,40.929751944809027],[29.346211734534762,40.929855328099201],[29.346270108858544,40.929934676877203]]},"properties":{"objectid_12":69,"objectid":71,"metin":"BİRİNCİ DERECE YOL","durum_2016":"MEVCUT","durum_2025":"MEVCUT","adi":"MEVCUT OTOYOL","shape_leng":2671.1755066199999,"SHAPE__Length":3536.3904109301902}},{"type":"Feature","id":70,"geometry":{"type":"LineString","coordinates":[[29.272328013531471,40.866950456531704],[29.274596753697274,40.868376297094528],[29.274772010517637,40.868485380731251],[29.274952909656303,40.868589019462149],[29.275139158262448,40.868687048239082],[29.275330453603882,40.868779304051294],[29.275526487558444,40.868865640870325],[29.275726939427599,40.868945917422174],[29.275931486716086,40.869020003300861],[29.276139797047314,40.869087778288907],[29.276351531756411,40.869149132357293],[29.276566350381877,40.869203967023786],[29.27678390168245,40.869252193314928],[29.277003834416821,40.869293731765936],[29.277225791055557,40.86932851717571],[29.277449413170814,40.869356491134241],[29.277674337843223,40.869377608815803],[29.277900198560147,40.8693918369408],[29.278126632402248,40.86939915037928],[29.278353269263597,40.869399538943888],[29.2785797444282,40.869393003314052],[29.280398601113188,40.86931262676643],[29.280525326450327,40.86930702449957],[29.280781848464542,40.869299130920353],[29.281038578887891,40.869298110597036],[29.281295196123533,40.869303967605816],[29.281551380371209,40.869316692434516],[29.281806814525609,40.86933626945504],[29.28206118058316,40.869362675564886],[29.282314161438517,40.869395876790307],[29.282565441783039,40.869435833042026],[29.282814708104738,40.869482493359619],[29.283061651383072,40.869535799308508],[29.28330596529257,40.869595685659242],[29.283547342609424,40.869662077670213],[29.283785485991224,40.869734892446708],[29.284020096299038,40.869814038940618],[29.284250883377013,40.869899419988954],[29.284477558865902,40.869990927558348],[29.284699841593078,40.870088448859391],[29.284917453080759,40.870191861591408],[29.285130123834396,40.870301038697718],[29.28533758974925,40.870415842252264],[29.286711827979317,40.871204836443823],[29.28689900993508,40.871312300071295],[29.287248218323686,40.871508456064717],[29.287602763603381,40.871699016884648],[29.287962487670708,40.871883900386131],[29.288327235117077,40.872063025102939],[29.288696846042424,40.872236311606116],[29.289071157851655,40.872403683862288],[29.289450005254725,40.872565069233843],[29.289833223859976,40.872720397119934],[29.290220644784146,40.872869598956633],[29.290612097347289,40.873012607537412],[29.291007409971225,40.873149363805901],[29.291406410179384,40.873279804628879],[29.291808923698653,40.87340387502293],[29.292214771764218,40.873521517965521],[29.292623777408046,40.873632684583782],[29.293035761865315,40.873737323965578],[29.293450541879789,40.873835390631115],[29.293867939584967,40.873926843174679],[29.294287769029619,40.874011639509497],[29.294709845160817,40.874089742980935],[29.295133984722217,40.874161120329106],[29.295560001762546,40.874225738291941],[29.295987707635618,40.874283570398248],[29.296416916390164,40.874334590853891],[29.296847438481674,40.874378775900681],[29.297279086162206,40.874416107891577],[29.297510868573497,40.87443428956886],[29.298802981023648,40.874535638046602],[29.299027998222567,40.87455650750649],[29.299251835933489,40.874583722565554],[29.299474183339331,40.874617246536239],[29.299694732318017,40.874657032540341],[29.299913176543967,40.87470302418847],[29.300129213284961,40.874755158297141],[29.300342542503675,40.874813362850979],[29.300552868654421,40.874877557002883],[29.300759898886355,40.874947653111967],[29.300963347535291,40.87502355063031],[29.301162932530175,40.875105146971187],[29.301358375393285,40.875192327999663],[29.301549405731709,40.87528497346667],[29.301735760339081,40.875382953613077],[29.301917176907338,40.875486133924412],[29.302093407501452,40.875594370376319],[29.303359414909455,40.876401975761382],[29.303409104321069,40.876433672344177],[29.303593284107169,40.876546655102693],[29.303783041532839,40.876654188850829],[29.303978097222064,40.876756115353921],[29.304178161917303,40.876852285885846],[29.304382943666099,40.876942555795473],[29.304592137939569,40.877026795373929],[29.304805439310503,40.877104877628277],[29.305022530673661,40.877176690507525],[29.305243093127032,40.877242124676272],[29.305466802378874,40.877301087099355],[29.305693327849148,40.877353488135974],[29.305922336262832,40.877399252407585],[29.306153490751743,40.877438311326053],[29.306386449956065,40.877470608527609],[29.306620869821028,40.877496095117827],[29.306856407190189,40.877514733747155],[29.30709271261896,40.87752649725239],[29.307329438459242,40.877531370015021],[29.307958594229742,40.877535146507711],[29.309361281206556,40.877543554636972],[29.309529766526296,40.87754729988459],[29.309697886231717,40.877556512214731],[29.30986533309898,40.8775711732861],[29.310031800802605,40.877591258642965],[29.310426583420519,40.877645483845939],[29.310692168537621,40.877685344103199],[29.310955914803362,40.877731711974874],[29.311217544638279,40.87778453650558],[29.311476784954547,40.877843764021364],[29.311733362664324,40.877909330658163],[29.311987008273,40.877981170512719],[29.312237456777574,40.878059205454363],[29.312484446768327,40.878143354634126],[29.312727715937129,40.878233529730366],[29.312967010959145,40.8783296369864],[29.313202082102702,40.87843157449398],[29.313432680534454,40.8785392355895],[29.313658565505893,40.87865250817471],[29.31387950076013,40.878771272000172],[29.314095254531843,40.878895404099076],[29.314305599547161,40.879024774032892],[29.314510314820637,40.879159245250015],[29.314709187451495,40.879298677123423],[29.314902006335679,40.879442924271743],[29.315088572047134,40.879591833842561],[29.315268686956529,40.879745250946257],[29.315442163316014,40.879903013222403],[29.315608817869197,40.880064957632051],[29.316618305059613,40.881079327257488],[29.316718416009842,40.881179922530471],[29.316924441026991,40.881381181215446],[29.317137609447286,40.881578106775187],[29.317357764963841,40.881770554582573],[29.317584744083316,40.881958382048921],[29.317818377922425,40.882141447944548],[29.318058494004582,40.882319618511204],[29.318304913565111,40.882492760670196],[29.32012468204012,40.883736857267181],[29.320393727467742,40.883920786888893],[29.320687111849619,40.884125998766152],[29.320974258330189,40.884336232362159],[29.321255014195835,40.884551380322804],[29.321529235716103,40.88477132918203],[29.321796780957165,40.884995966153177],[29.322057508883532,40.885225172337904],[29.322311286544579,40.885458830875955],[29.322557979192958,40.885696820153839],[29.322797460166239,40.885939014484165],[29.323029604598592,40.886185289538624],[29.323254291217438,40.886435516915448],[29.323471403241829,40.886689566855658],[29.323680829280651,40.886947306885183],[29.323882458841133,40.887208603172979],[29.324076186820342,40.887473320531399],[29.324261914403642,40.887741321057895],[29.324439542776371,40.888012464814366],[29.324608980310298,40.888286611864437],[29.324770139868914,40.888563618198944],[29.324922935213884,40.888843341169071],[29.32506728909016,40.889125634732522],[29.325203124242595,40.889410352849076],[29.325330372399211,40.889697347443608],[29.32558184588154,40.890286658023861]]},"properties":{"objectid_12":70,"objectid":72,"metin":"BİRİNCİ DERECE YOL","durum_2016":"MEVCUT","durum_2025":"MEVCUT","adi":"MEVCUT OTOYOL","shape_leng":10931.781625400001,"SHAPE__Length":7250.6549102087001}},{"type":"Feature","id":71,"geometry":{"type":"MultiLineString","coordinates":[[[29.341884634252793,40.932850462387343],[29.341662795293374,40.932909975184309],[29.341421797963896,40.932982174046231],[29.341184403777039,40.93306094356943],[29.340950926244794,40.933146179217729],[29.33997293398825,40.933519895467242],[29.33658079576243,40.934701201673654],[29.334817688523934,40.935608599423801],[29.334691724958173,40.935688132665476],[29.334571547441147,40.935772658473134],[29.334457498230982,40.935861934558005],[29.334349905212793,40.935955705737619],[29.334249073813723,40.936053703936196],[29.33415529239301,40.936155648184801],[29.334068829546908,40.936261248693384],[29.333989934108761,40.936370202100775],[29.333918829759074,40.936482198260975],[29.33385572131375,40.936596915493169],[29.333800787537484,40.936714027368033],[29.333754185635488,40.936833197957718],[29.333716050355044,40.936954087943434],[29.333686490392317,40.937076349186782],[29.333665588392286,40.937199634909049],[29.333653407237012,40.937323591547937],[29.333649979265893,40.937447864865163],[29.333655315258685,40.937572098589271],[29.333669399045707,40.937695939844559],[29.333692191999432,40.937819031686232],[29.333723629441085,40.937941024636942],[29.333949238629753,40.938707099522802],[29.334495331677505,40.940671763991695],[29.334542294702228,40.940824469435405],[29.334597819569957,40.940975512019939],[29.33466180566931,40.941124618970647],[29.334734135321042,40.941271515479421],[29.334814678269431,40.941415934883224],[29.334903285394095,40.941557612556828],[29.334999795896664,40.941696289983994],[29.335104032808964,40.941831712721793],[29.336968001989224,40.944138548215406],[29.33709094362235,40.944296100596112],[29.337207417385482,40.944456454284989],[29.337317310090807,40.944619456591049],[29.337420518432133,40.944784952110162],[29.337516943594704,40.944952783403849],[29.33760649395046,40.945122791678074],[29.337689084159368,40.945294812711786],[29.337764635169691,40.945468684321135],[29.339214728040663,40.948987486400412],[29.341303994694197,40.953766305001167],[29.341782604501159,40.954860937107448],[29.341853848089695,40.955035215009012],[29.341916049236584,40.95521147210237],[29.341969113618763,40.955389438358239],[29.342012956794502,40.955568841036282],[29.342047515881806,40.955749406720685],[29.342072734286791,40.955930858606521],[29.342088574280176,40.956112918534878],[29.342095013404137,40.95629530970681],[29.342092039980542,40.956477751255839],[29.34207965939931,40.956659965710855],[29.342057889626719,40.956841673568348],[29.342026764798749,40.957022598041647],[29.341986330729497,40.957202460311855],[29.341936652097647,40.957380986990259],[29.341877800768437,40.957557905369491],[29.341809871963285,40.957732942745047],[29.341732964496849,40.957905832520595],[29.341647197845106,40.958076310816182],[29.341552704958691,40.958244115789419],[29.341449627771407,40.958408992384228],[29.34133812528508,40.958570686225237],[29.341218366382968,40.958728951757969],[29.341090536118067,40.95888354614361],[29.340985113429568,40.959014766972032],[29.340872456608107,40.959142487061534],[29.3407527677746,40.959266476459611],[29.34062626072809,40.959386512677007],[29.340493163640641,40.959502380687766],[29.340353713667518,40.959613873607232],[29.340208161438643,40.959720790656654],[29.340056768363812,40.959822939876638],[29.339899804835909,40.959920138127003],[29.339737554722557,40.960012212443118],[29.339570305484656,40.96009899528719],[29.339398360752721,40.960180333367013],[29.339222025954047,40.960256078816734],[29.339041619990493,40.960326097337415],[29.338857464458915,40.960390262769558],[29.338669889939389,40.960448459128401],[29.338479232401784,40.960500583316964],[29.338285834104276,40.960546542412509],[29.338090043593166,40.96058625163144],[29.335894494563433,40.960993963718551],[29.333435570272204,40.961450527689152],[29.333211130690053,40.961492574003458],[29.332988936896083,40.96154099282947],[29.332769302402376,40.961595714281792],[29.332552541619286,40.961656661690007],[29.332338957278999,40.961723747528339],[29.332128854808762,40.961796878164293],[29.331922529754319,40.961875948432244],[29.331720275864726,40.961960849095028],[29.331522377905952,40.962051456669208],[29.331329117050661,40.962147644956964],[29.331140767285039,40.962249276906135],[29.330957595408723,40.962356209358781],[29.330779861034831,40.962468290338123],[29.3306078147933,40.962585361761882],[29.330441700127597,40.962707256050962],[29.330281753294599,40.962833802234599],[29.330219531486478,40.962886893899721]],[[29.330219531486478,40.962886893899721],[29.330344495227305,40.962773121148238]],[[29.330219531486478,40.962886893899721],[29.330128200669844,40.962964821202164]],[[29.330219531486478,40.962886893899721],[29.330067948867089,40.963033615145868],[29.329922905983008,40.96318408596094],[29.329784564530936,40.96333814080338],[29.329653076326185,40.963495606670762],[29.329528589590748,40.963656309204993],[29.329411240868545,40.963820069300958],[29.329301162211955,40.96398670514138],[29.329198475791813,40.964156031518961],[29.329103295694221,40.964327857801017],[29.329015727920293,40.964501996070034],[29.327994757565616,40.966638646041616],[29.32777435141907,40.967099883829555],[29.327699762504409,40.967266499178862],[29.327634189081913,40.9674352778909],[29.327577742542733,40.967605942524251],[29.327530514514965,40.96777820750065],[29.327492584050422,40.967951787244658],[29.327464014031136,40.968126395505365],[29.327444852067813,40.968301739930368],[29.32743513049979,40.968477531561682],[29.327434864598487,40.968653477374652],[29.327444056160456,40.968829284347812],[29.327462688117755,40.969004662175855],[29.327490732622636,40.969179319200109],[29.327528140267667,40.969352965121423],[29.327574849967508,40.969525311678559],[29.327630784466979,40.969696072648077],[29.327695851239643,40.969864965200763],[29.327769941589349,40.970031708544951],[29.327852933345163,40.970196024604761],[29.327944688166632,40.97035764141134],[29.328045053340038,40.970516292424193],[29.328153864473791,40.970671711105091],[29.329691870970034,40.972764328237339],[29.333249715128119,40.977670104000254],[29.333380632902674,40.977857630570618],[29.333503590705519,40.978048225430811],[29.333618465467417,40.978241696626228],[29.333725137712481,40.97843784610032],[29.333823502337751,40.97863647444229],[29.333913456037035,40.978837379530717],[29.33399490897882,40.979040357211737],[29.33406777582308,40.97924519994298],[29.334131985602948,40.97945170018442],[29.334187470944801,40.979659647685892],[29.334234176153061,40.97986883084328],[29.334272051820381,40.980079036020641],[29.334301061115845,40.980290050262958],[29.334321174395061,40.980501657905016],[29.334332370996748,40.980713644640865],[29.334334638344519,40.98092579413273],[29.334327974641752,40.981137890045652],[29.334312387074952,40.981349716047411],[29.334039712453592,40.984228228434112],[29.333644586679245,40.987676164983974],[29.333612486280902,40.987916579347107],[29.333571382966745,40.988156204894381],[29.333521311771129,40.98839484905772],[29.333462310423268,40.988632318593851],[29.333394429228829,40.988868422296399],[29.333317720290086,40.989102968283724],[29.333232246489128,40.989335768744986],[29.3331380778945,40.989566633837939],[29.333035289964748,40.989795379147253],[29.33292396444655,40.990021819581933],[29.332804192069716,40.990245770053292],[29.33267606895399,40.990467052255568],[29.33253969840565,40.990685486528918],[29.332395192714102,40.990900895927751],[29.332242665067067,40.991113108254936],[29.332082241228676,40.991321949958774],[29.331914049658057,40.99152725291389],[29.331738226000759,40.991728852386665],[29.331554911292297,40.991926584322847],[29.331364255551328,40.992120289415951],[29.331166412389777,40.992309812428907],[29.330961539911144,40.992494998125558],[29.33074980430375,40.992675698051187],[29.330531377145775,40.992851766463879],[29.330508090118649,40.992870010501754],[29.330347008713485,40.992996212022362],[29.330145303694554,40.993149570747384],[29.329937623980619,40.993298279822419],[29.329724154624724,40.993442205706096],[29.329505086967959,40.993581220281513],[29.329280617741404,40.993715196787761],[29.329050949065955,40.993844015922249],[29.328816288452501,40.993967561772131],[29.328576846106792,40.994085722492436],[29.328332836726148,40.994198394374095],[29.328084478601252,40.994305473707271],[29.327831996310845,40.994406864239707],[29.32757561623044,40.994502475820475],[29.327315568328743,40.994592223721959],[29.327052087964343,40.994676024571305],[29.326785409597505,40.994753805842983],[29.326515774875087,40.994825494332055],[29.326243423647249,40.994891029036715],[29.32091108610447,40.996107623814282],[29.318722695749248,40.996615994354606],[29.318439873758471,40.996685051529873],[29.318159768273091,40.996760193009273],[29.317882604770265,40.996841357752167],[29.317608609625474,40.996928481326336],[29.317338008315811,40.997021491840357],[29.317071017335255,40.997120313333788],[29.316807855872788,40.997224865098886],[29.316548739524016,40.997335063715127],[29.316293875799808,40.997450817625051],[29.316043475804275,40.997572032558494],[29.315797741658304,40.997698612210627],[29.315556872787905,40.997830450784214],[29.314135182849565,40.998632223369405],[29.313679371386201,40.998889272667853],[29.313478412867251,40.998998612216042],[29.313272644768279,40.999102691164289],[29.313062306041136,40.999201388179976],[29.312847643722531,40.999294589387581],[29.312628907544092,40.999382183622757],[29.312406350830759,40.999464070567861],[29.312180234992294,40.999540155328148],[29.311950824133348,40.99961034775351],[29.31171838235862,40.999674566506393],[29.311483183654307,40.999732737027458],[29.311245499311624,40.999784790857817],[29.311005608706566,40.999830669028789],[29.310763792113534,40.99987031663769],[29.31052032890862,40.999903687594021],[29.310275503857703,40.999930743263086],[29.310029601726775,40.999951451110235],[29.309782910875029,40.999965789446513],[29.306666915665854,41.000106361112586],[29.30568569216922,41.000150609230424],[29.305526297800139,41.000161123798087],[29.305367901459363,41.000178239034739],[29.305210981050589,41.000201903409916],[29.305056007291029,41.000232045052257],[29.304903447304628,41.000268573105636],[29.304753757435591,41.000311379085261],[29.304607386841496,41.000360334843776],[29.304464777493514,41.000415290537674],[29.304326356091405,41.000476084119001],[29.304192538555082,41.000542532521948],[29.304063726431551,41.000614433697066],[29.303940307792999,41.000691574747087],[29.303822653643586,41.000773721757724],[29.303711116122976,41.000860629967256],[29.303606030302713,41.000952035631464],[29.303507713288155,41.001047666871088],[29.303238681335287,41.00132468604312],[29.30229454119187,41.002323775190547],[29.302146677597793,41.002480241594654],[29.301987903964577,41.002642134536991],[29.30182168150106,41.002799678785237],[29.301648220412961,41.002952679802654],[29.301467733601001,41.003100943053511],[29.301280450135636,41.003244286883479],[29.301086599985513,41.003382530316777],[29.300886428390754,41.003515502546826],[29.300680181489728,41.003643036834852],[29.300468118895555,41.003764974577209],[29.300250503814624,41.003881162593395],[29.300027608436423,41.003991457193457],[29.299799710340416,41.004095720788222],[29.299567094292559,41.004193823244918],[29.299330051346931,41.004285640531101],[29.299088874354403,41.004371059460091],[29.298843866047179,41.004449974978904],[29.298595332750782,41.004522285422844],[29.298343582587382,41.004587903361909],[29.295433825296065,41.005302996569952],[29.291791005003684,41.006169950921574],[29.288728093939589,41.0069252153558],[29.288425668014327,41.00700058378029],[29.288126034053008,41.007082102653861],[29.28782941214282,41.007169714332676],[29.287536016981147,41.007263353714819],[29.287246061468689,41.007362952985474],[29.286959756709539,41.007468440261164],[29.286677311112847,41.00757973891217],[29.286398931291121,41.007696766884671],[29.286124818467002,41.007819440090074],[29.285855172964823,41.007947669015977],[29.285590189718942,41.008081360082031],[29.285330062765471,41.008220416317755],[29.28507497985234,41.008364736007017],[29.284825127829098,41.008514215399614],[29.284580689053772,41.008668744644197],[29.282660998274789,41.00972776388133],[29.28196400263235,41.010112251679217],[29.281816898114698,41.010189356531015],[29.281665055882215,41.010260997728345],[29.281508828074504,41.010327009890943],[29.281348581204242,41.010387237127944],[29.281184686275601,41.010441541171758],[29.281017524174285,41.010489795955195],[29.280847482972469,41.010531887611322],[29.280674961522141,41.010567718540273],[29.28050035957363,41.010597206731539],[29.280324083165429,41.010620282374127],[29.280146543725944,41.010636891924122],[29.279968152683544,41.010646996070669],[29.279789325059955,41.010650573125247],[29.277600039982687,41.01065432913402],[29.276900194884192,41.010655520807553],[29.276710376373078,41.010659331722522],[29.276521024985929,41.010670110333685],[29.276332588083719,41.010687831556972],[29.276145504942637,41.010712452681688],[29.27596021933045,41.010743918115963],[29.275777165133448,41.010782150574293],[29.275596774441244,41.010827062601592],[29.27541947036033,41.01087854843869],[29.27524567060739,41.010936484700736],[29.275075783915778,41.011000737833335],[29.274910210934202,41.01107115530116],[29.27474933973479,41.011147571010561],[29.274593550304957,41.011229805987732],[29.274443207360697,41.011317667023555],[29.274298665736527,41.01141094667345],[29.274160265893979,41.011509425969244],[29.274028333921464,41.011612872385868],[29.273903177941122,41.011721043230843],[29.273785093498731,41.011833684288938],[29.27367435997029,41.011950529822151],[29.27357123696892,41.012071305959665],[29.273475966141451,41.012195726630679],[29.273388772066721,41.012323501020937],[29.27330986135722,41.012454328150461],[29.273239419065895,41.012587899584915],[29.273177609584472,41.012723900791606],[29.273124581134912,41.012862012495226],[29.273080454989856,41.01300191067817],[29.272927658746557,41.013544213798724],[29.272300764035649,41.016433264757886],[29.27221166463417,41.016880108410817],[29.272131407350059,41.017327912170614],[29.272060008352959,41.017776576383362],[29.271997486507505,41.018225999364446],[29.271943854390091,41.018676080787507],[29.27189912367886,41.019126720329062],[29.271863306051856,41.019577816312633],[29.271836409593924,41.020029267064693],[29.271818439694986,41.020480973625396],[29.271812507220822,41.020721924409578],[29.271804558927208,41.020891347771006],[29.271787282527658,41.021060372857107],[29.27176071215818,41.021228704172415],[29.271724890039593,41.021396050968882],[29.271397403812898,41.022746837763734],[29.271368522976481,41.022884972506134],[29.271348632479484,41.023024014439606],[29.271337779932512,41.023163628082656],[29.271335989590167,41.023303477278873],[29.271343268638912,41.023443224519262],[29.271359598214154,41.02358253229756],[29.271384937891678,41.023721064466017],[29.271419229281008,41.023858488268097],[29.271462387940527,41.023994470272378],[29.271514309665626,41.024128684505023],[29.27157486959052,41.02426080567237],[29.271643922188101,41.024390515938194],[29.271721301270048,41.02451750289007],[29.27327807896248,41.026915638790477],[29.273348789850075,41.027024559105676],[29.273435097287607,41.027164976815037],[29.273513437566912,41.027308048721785],[29.273583667855824,41.027453515933082],[29.273645661491887,41.0276011134589],[29.273699305287387,41.027750574956109],[29.273744502224286,41.027901630017581],[29.273781170555878,41.028054005527935],[29.273809242908506,41.028207423630512],[29.273828669874835,41.028361607148753],[29.273839415522282,41.028516277553344],[29.273841460986169,41.028671154284702],[29.273834801774953,41.028825956107944],[29.273819449566759,41.028980403146392],[29.273795432209326,41.029134216203524],[29.273762793720117,41.029287116085548],[29.273721593387904,41.029438825634053],[29.273671903976293,41.029589069726292],[29.273613818011707,41.029737576630104]],[[29.273603877254761,41.029761138227379],[29.273312309266377,41.030452207122863],[29.273265743297003,41.030570522663282],[29.27322533438057,41.030690118752155],[29.273191143602542,41.030810813772334],[29.273163223065193,41.03093242271963]]]},"properties":{"objectid_12":71,"objectid":73,"metin":"BİRİNCİ DERECE YOL","durum_2016":"MEVCUT","durum_2025":"MEVCUT","adi":"MEVCUT OTOYOL","shape_leng":16631.011347700001,"SHAPE__Length":20758.989878341661}},{"type":"Feature","id":72,"geometry":{"type":"MultiLineString","coordinates":[[[29.211038502131618,40.906105904338112],[29.211167817311722,40.906241949279412],[29.21133129272712,40.906393677883493],[29.212039622413467,40.907141427820186],[29.212201802458249,40.907318664768965],[29.212356273161237,40.907499820634854],[29.21250286923247,40.907684705968151],[29.212641436161643,40.907873121815783],[29.212771824828511,40.908064868547505],[29.21289389599416,40.908259741782381],[29.213007519402858,40.908457532389143],[29.213112575578712,40.908658031238659],[29.213208951333982,40.908861023772644],[29.21329654426069,40.909066294756364],[29.213375260035786,40.909273624883987],[29.213445017810855,40.90948279349449],[29.213505738534167,40.909693577892874],[29.213557361120301,40.909905754028919],[29.213599828077051,40.910119094460796],[29.21363309628526,40.910333372428433],[29.213657128914072,40.910548360495731],[29.213671899912281,40.910763829192909],[29.21367739490686,40.910979547695376],[29.213673606711335,40.911195288575939],[29.213660538918887,40.911410819658265],[29.213638206800908,40.911625913521171],[29.213606633713631,40.911840339351954],[29.213565851996368,40.912053869056585]],[[29.213565851996368,40.912053869056585],[29.213569010472892,40.912039966456511]],[[29.213565851996368,40.912053869056585],[29.213229794943533,40.913532848958425],[29.213087614091933,40.914158565703481],[29.21303538244803,40.914406419928675],[29.212991121555675,40.914655164547192],[29.212954860160909,40.914904654276789],[29.212926618026696,40.91515473908558],[29.212906412221017,40.915405271659289],[29.212894255320261,40.915656103328196],[29.212890154511015,40.915907084745974],[29.212894111589826,40.916158067926133],[29.212906125658439,40.916408902848147],[29.212961534643473,40.917778360890033],[29.212996468328232,40.918118816909271],[29.213017395481113,40.918322769418154],[29.213032091020835,40.918511209934209],[29.213037540201363,40.918699932973787],[29.21303373583612,40.918888679911383],[29.213020681518433,40.919077189409208],[29.212998397011173,40.9192652001325],[29.212966913755395,40.919452452785812],[29.212926273073641,40.91963868807661],[29.212876531559729,40.919823647394075],[29.21281776018056,40.920007076881639],[29.212750036191313,40.920188722685644],[29.212673456609952,40.920368332312492],[29.21258812653943,40.920545658022682],[29.212494162760734,40.920720454115568],[29.212391695529515,40.920892479644202],[29.212280866779651,40.921061497057778],[29.212161829224737,40.921227271522575],[29.212034749053046,40.921389573637008],[29.211899799639514,40.921548180110207],[29.211757169630268,40.921702871046691],[29.211607054858099,40.921853433339997],[29.211449662833786,40.921999656600086],[29.211285212746304,40.922141340619305],[29.21111393097107,40.922278289263524]],[[29.211102222329668,40.922287308705215],[29.210265319471617,40.922931996040511],[29.208153060438409,40.924614730827528],[29.208045447657284,40.924700457920409],[29.20788241780625,40.92483534468046],[29.207726227727814,40.924974808576401],[29.207577099305791,40.92511865138799],[29.207435244542641,40.925266666072396],[29.207300865559301,40.925418641515478],[29.207174158188472,40.92557436117427],[29.207055298499984,40.925733602398736],[29.206944460766948,40.925896135753085],[29.206841800397989,40.926061731803259],[29.206747467411684,40.926230152293577],[29.206661592962085,40.926401156255636],[29.206584301915058,40.926574500008094],[29.206515704763298,40.926749936478551],[29.206455899423268,40.926927213167119],[29.20640497033656,40.927106077576525],[29.20636299206333,40.92728627381841],[29.20633002479072,40.927467546007243],[29.206306113434476,40.927649633509219],[29.206291294825562,40.927832275693326],[29.20628558872686,40.928015211931474],[29.206289003223262,40.928198181598439],[29.206301534721476,40.928380923393213],[29.206323164356885,40.92856317466012],[29.206353861586802,40.928744674782635],[29.20636004738585,40.928781246498495],[29.206426696990029,40.929156268814637],[29.206499675225391,40.929530612346966],[29.206578969515522,40.929904216703676],[29.206664569080637,40.930277020815744]],[[29.206432450699403,40.929148671498652],[29.206546386721833,40.92973435386088],[29.206615944172619,40.930002627018759],[29.206749011615663,40.930498290374921],[29.206890824157988,40.930992558047322],[29.207041353951805,40.931485341161256],[29.207200576742675,40.931976549487167],[29.207368461089491,40.932466096870201],[29.207544980042812,40.932953894443123],[29.207730100365001,40.933439855377273],[29.207923789716673,40.933923890810391],[29.208126013063534,40.93440591663321],[29.208336735371301,40.934885843988219],[29.208555917114101,40.935363587413498],[29.208783520562694,40.935839060770782],[29.2090195052929,40.936312179959863],[29.209263826388913,40.936782858846911],[29.20951644522324,40.937251014014713],[29.209777311490154,40.937716560012262],[29.210046381172265,40.938179413426596],[29.210323605760525,40.938639492203812],[29.210608935847596,40.93909671361353],[29.210902320229472,40.939550995605707],[29.211203705905632,40.940002255453741],[29.211513039875406,40.940450413825666],[29.211830265544954,40.940895388677056],[29.212155326320381,40.941337100679476],[29.212488164709583,40.941775471184677],[29.212828720525344,40.942210420867454],[29.213176934478934,40.942641871082706],[29.213532741891616,40.943069745222658],[29.213896078983002,40.943493967359245],[29.214266883769362,40.943914458851751],[29.214645085283752,40.944331145132082],[29.215030619745818,40.944743952990329],[29.219026035973766,40.948945257069738],[29.219231966667781,40.949161781163518],[29.219446849073638,40.949393854802445],[29.21965391433989,40.949629977502724],[29.21985302861756,40.949869999954821],[29.220044066142499,40.950113767422756],[29.220226902947239,40.950361123136702],[29.220401422250749,40.950611909650114],[29.220567510865301,40.950865965447591],[29.220725062789732,40.951123127658569],[29.220873978311005,40.951383232736212],[29.221014160411102,40.95164611170815],[29.221145520156792,40.951911598318112],[29.221267972208107,40.952179520206116],[29.221381438411651,40.95244970772854],[29.221485846003866,40.95272198581651],[29.221581126712771,40.952996181439431],[29.221667221249628,40.953272117498486],[29.22174407391881,40.953549618254684],[29.22181163531301,40.953828505258052],[29.221869860516442,40.954108600061559],[29.221918714494855,40.954389721507397],[29.221958163112262,40.954671691832921],[29.221988182114103,40.954954328529531],[29.222008752635801,40.9552374504485],[29.222019861202607,40.955520877122709],[29.22202150152631,40.955804425374303],[29.222013670911977,40.956087914064014],[29.221996372952873,40.95637116273398],[29.221969621123705,40.956653987537372],[29.221933432492474,40.956936209379457],[29.221887829517083,40.957217645098027],[29.221832840045298,40.957498114925976],[29.221768500908013,40.957777439777765],[29.221185353253119,40.960132657722482]],[[29.221027564173454,40.960722443569637],[29.221185353253119,40.960132657722482]],[[29.219686139604068,40.964536772793821],[29.219889053755395,40.964058871388431],[29.22008326143499,40.963578896223666],[29.220268724913605,40.963096938152773],[29.220445408258623,40.962613088709837],[29.220613280029049,40.962127440109839],[29.220772307885479,40.961640084570362],[29.220922462183513,40.961151114311534],[29.221185353253119,40.960132657722482]],[[29.219686139604068,40.964536772793821],[29.220044262873568,40.963713175850444]],[[29.219304935021675,40.965413425350135],[29.219686139604068,40.964536772793821]],[[29.219304935021675,40.965413425350135],[29.219631617256233,40.964696873148917]],[[29.219304935021675,40.965413425350135],[29.218919398762981,40.966257031015161],[29.217897120461231,40.968224689180992],[29.216925624820831,40.969888424085887],[29.214248088318659,40.973956227765804],[29.214083272616865,40.974158905088395],[29.213903457744756,40.974373313145492],[29.213715866157223,40.974583858672659],[29.213520641584743,40.974790380967278],[29.213317934944246,40.974992720006163],[29.213107900745982,40.975190720514938],[29.212890701585014,40.975384230611233],[29.212666504547983,40.97557310112655],[29.212435482111403,40.975757185606064],[29.212197811243442,40.975936343699281],[29.211953676098666,40.976110438447456],[29.211703262628379,40.976279333570176],[29.211446764868683,40.976442901604045],[29.21118437865228,40.976601014407393],[29.210916307896774,40.976753551298764],[29.210642756519714,40.976900395665609],[29.210363938320135,40.977041433607802],[29.210080063503831,40.977176557328477],[29.209769810557528,40.977319726942277],[29.209549437648668,40.977425441343115],[29.209334044101428,40.977536895165777],[29.209123891325522,40.977653953419988],[29.208919230849297,40.97777647636758],[29.20872031150606,40.977904312740762],[29.208527373145962,40.978037311949834],[29.208340648432689,40.978175309841077],[29.20816036284338,40.978318142939422],[29.207986736465251,40.978465636918919],[29.207819975012541,40.978617613385111],[29.207660282402792,40.978773889875178],[29.207507851773808,40.978934277823399],[29.207362866381903,40.979098582561576],[29.207225501398547,40.97926660535353],[29.207095922113758,40.979438145429981],[29.206974287529341,40.979612993885063],[29.206860743172378,40.979790938423704],[29.206755424688478,40.979971766752598],[29.206658461435005,40.980155258442409],[29.206569970192994,40.980341193065911],[29.206490056963634,40.980529346128961],[29.206418819663277,40.980719489749006],[29.206356344530242,40.980911394011379],[29.206302705226289,40.981104827647755],[29.20625796822684,40.98129955735773],[29.20622218653245,40.981495347809165],[29.20619540416056,40.981691961638248],[29.206177653450546,40.981889162162105],[29.206117290256717,40.982633120057073]],[[29.218999230245672,40.966083949445157],[29.219304935021675,40.965413425350135]]]},"properties":{"objectid_12":72,"objectid":74,"metin":"BİRİNCİ DERECE YOL","durum_2016":"MEVCUT","durum_2025":"MEVCUT","adi":"MEVCUT OTOYOL","shape_leng":9915.7278082600005,"SHAPE__Length":13149.446662891245}},{"type":"Feature","id":73,"geometry":{"type":"MultiLineString","coordinates":[[[29.368969145496209,40.811102499605354],[29.365308947294647,40.814057276751356],[29.358284039127827,40.819764024255839],[29.357942609251257,40.820036155407379],[29.357594471654494,40.82030333844942],[29.357239753898252,40.820565478268385],[29.356878579051749,40.820822481110717],[29.356511076472387,40.821074256622104],[29.356137379110805,40.821320713088873],[29.355757619019382,40.821561763555948],[29.355371930945413,40.821797321068296],[29.354980454127741,40.822027302749483],[29.354583326906937,40.822251626402611],[29.354180692115122,40.822470211869962],[29.353772692584442,40.822682980352766],[29.353359473841962,40.822889856450828],[29.352941184109696,40.823090766122881],[29.352517971609675,40.823285638725856],[29.351879253273001,40.823573507262296],[29.351774425269216,40.823620752542674],[29.332497382365879,40.832305990370621],[29.324008126861152,40.836123398109876],[29.309749937314198,40.842543254337635],[29.303735401178375,40.845280362491636]],[[29.303723472449718,40.845285790785802],[29.303426500196561,40.845425019447738],[29.303134492931999,40.845570178957381],[29.302847655471869,40.845721166663587],[29.302566189038846,40.845877875837047],[29.302290293058896,40.8460401970299],[29.302020158873191,40.846208016037153],[29.301755978721186,40.846381213217064],[29.301497938554103,40.846559668927874],[29.301246218035107,40.846743257412108],[29.30013606563395,40.847574678246232],[29.29393614686785,40.853115916708269],[29.29175596711433,40.855097787456067],[29.291548048448568,40.855281334618731],[29.291333239704571,40.855460248771116],[29.291111717850431,40.855634381151148],[29.290883670634106,40.855803586394686],[29.290649284006804,40.855967723893968],[29.290408755597909,40.856126656438867],[29.290162285731707,40.856280251575321],[29.289910079224111,40.856428381605411],[29.289652346280906,40.856570922907736],[29.289389300701099,40.856707757295858],[29.289121164368574,40.856838769980271],[29.288848158268888,40.856963852285688],[29.288570509675793,40.857082899612749],[29.288288451253024,40.857195812796512],[29.284841595744894,40.858492022819192]],[[29.284841595744894,40.858492022819192],[29.28721144039762,40.857601422743684]],[[29.284841595744894,40.858492022819192],[29.282695502564838,40.85933640208998],[29.281437916862618,40.859831169108254],[29.281145890733423,40.859949797524202],[29.280858092974292,40.860074239391565],[29.280574722112856,40.860204407034459],[29.280295976676811,40.860340211417622],[29.280022053397222,40.860481557390251],[29.279753140021974,40.860628346404113],[29.279489426095591,40.860780474475213],[29.279231094874387,40.860937837619254],[29.278978326919741,40.861100325057755],[29.278731298301441,40.861267823973868],[29.27849018149605,40.861440218153781],[29.278255144488483,40.861617384590019],[29.278026352568766,40.861799202992714],[29.277803962942095,40.861985544240532],[29.277588132813598,40.862176279212498],[29.272194704441606,40.867071437632745],[29.267714046144999,40.871254159689187],[29.263377727351578,40.87623933771755],[29.263009133319148,40.876663042669648],[29.262830164660045,40.876862309315953],[29.262643524388398,40.877057480963039],[29.262449375997612,40.877248386481604],[29.262247890167597,40.877434858818816],[29.262039239374868,40.877616737036007],[29.26182360597744,40.877793860874469],[29.261601179519818,40.877966078226947],[29.261372153139824,40.878133236307313],[29.261136724466784,40.878295191839122],[29.26089510190986,40.878451803583509],[29.260647493878203,40.87860293301884],[29.260394115967493,40.878748450452932],[29.260135190061575,40.878888228231013],[29.25987094073929,40.879022144810968],[29.259601598867665,40.879150083404305],[29.259327398008637,40.879271931976604],[29.259048578012433,40.879387585963656],[29.258765382322494,40.879496943517161],[29.25847805617888,40.879599908900552],[29.258186852906483,40.879696392488846],[29.257892022236977,40.879786310768566],[29.257593823783456,40.879869585658263],[29.257292516260744,40.879946143150107],[29.256988361976898,40.880015918743503],[29.256681628629881,40.880078848615199],[29.256372580324381,40.880134881165525],[29.256290403340508,40.880148810169096],[29.253732561061753,40.880582343166076],[29.252356534285934,40.880801621269754],[29.252036484313148,40.880856002094397],[29.251718450159842,40.880916820243087],[29.251402657303171,40.88098403222979],[29.251089331220292,40.881057591850265],[29.250778691100102,40.881137446106656],[29.250470956131522,40.881223539282715],[29.250166344605219,40.881315809548234],[29.249865072116794,40.88141419235469],[29.249567350668695,40.881518618398069],[29.249273391365008,40.881629014297893],[29.248983402614897,40.881745300560063],[29.248697586539262,40.881867395651824],[29.248416147055682,40.881995214643553],[29.248139283590188,40.88212866513387],[29.24786719017882,40.882267654720678],[29.247600061756042,40.882412082851125],[29.247338083374782,40.882561850330269],[29.247081442782953,40.882716849812674],[29.246830321440218,40.882876971235937],[29.246368082530989,40.883179747454811],[29.244355951515985,40.884497684404863],[29.234858720685466,40.890675543020144],[29.212498078517051,40.9052365003459],[29.212151854331797,40.905455440792664],[29.211800320204944,40.905669456867081],[29.211443600103941,40.905878475292113],[29.211081815301341,40.906082424148281],[29.210715092459658,40.906281231515848],[29.210343556444659,40.906474830227317],[29.209967339308722,40.906663151756931],[29.209586569510929,40.906846131651818],[29.209201377306986,40.907023706816588],[29.208811896545907,40.907195814834033],[29.208418263771541,40.907362397359861],[29.20802061462955,40.907523396048781],[29.207619085663865,40.907678755949533],[29.207213815215006,40.907828422109709],[29.206804946115135,40.907972342970645],[29.204894074995579,40.908628625783564],[29.166431847316581,40.920445320129502],[29.155759271548117,40.923744126509568],[29.155378446953062,40.923866596140087],[29.155001144652267,40.923995188532771],[29.154627536223931,40.924129844600877],[29.154257793246241,40.924270502541496],[29.153892080110936,40.924417099193107],[29.153530564802928,40.92456956799942],[29.153173409917326,40.924727841045716],[29.152820777150851,40.92489184498649],[29.152559845306918,40.925019076551109],[29.152345133580972,40.925127347363365],[29.152134914329743,40.925240577519084],[29.151929388775883,40.925358659752781],[29.151728750955499,40.925481482047523],[29.151533188616483,40.92560892831365],[29.151342888608362,40.925740878389213],[29.151158031492585,40.925877207361069],[29.150978792440561,40.926017784886369],[29.140313484941039,40.934642692839986],[29.133259618682722,40.940329549238939],[29.117991139749815,40.952771723882137],[29.113307222348791,40.957090205537149],[29.107071664720443,40.962874612394373],[29.106781809819292,40.96314814380414],[29.106498697672656,40.963425702760794],[29.10622242440029,40.963707196280765],[29.105953087020211,40.963992525276488],[29.105690777160632,40.964281592018047],[29.105435585551341,40.964574298098206],[29.105187597532318,40.964870541719314],[29.104946903833426,40.965170221763252],[29.104713582608039,40.965473235078129],[29.104487716501207,40.965779476478708],[29.104269382768031,40.966088840780913],[29.104058656867007,40.966401222124148],[29.103855610663334,40.966716513292567],[29.103660315123921,40.967034604358908],[29.103472837622448,40.967355387432505],[29.097624749427276,40.97761592961875],[29.097420397971522,40.977965773399497],[29.097207815252798,40.978312788628195],[29.096987073136336,40.97865686616138],[29.096758239894122,40.978997894144833],[29.096521387391348,40.97933576343884],[29.0962765946798,40.979670366940113],[29.096023938116257,40.980001596868789],[29.095763499447397,40.980329346803082],[29.09549536041991,40.980653511679186],[29.095219607272099,40.980973988469053],[29.094936329835463,40.981290674146251],[29.094645617941552,40.981603467041836],[29.094347562320163,40.981912266844589],[29.094042262684319,40.982216974600611],[29.09372981335714,40.982517492713498],[29.093410314949939,40.982813725622108],[29.093083870768947,40.983105578444537],[29.092750585018759,40.983392956299582],[29.092410564598865,40.983675767697449],[29.092063916408854,40.983953923183414],[29.091934736874347,40.984057577639355],[29.091595075780596,40.984325364289496],[29.091249249549023,40.984588581998025],[29.090897364180872,40.984847148766832],[29.090539531067229,40.985100984632325],[29.090175858005928,40.985350010987482],[29.089806458184697,40.98559415058164],[29.089431446587863,40.98583332819851],[29.089050939996454,40.986067469299989],[29.088665054293124,40.986296501382093],[29.088273908953784,40.986520354653152],[29.087877627047646,40.986738957965009],[29.087476330745606,40.986952245594118],[29.087070142218543,40.987160149782063],[29.086659188128873,40.987362607516694],[29.086243597834056,40.987559555785438],[29.085823496199851,40.98775093293105],[29.085399016176954,40.987936680686303],[29.084970288919411,40.98811674010495],[29.084537444682908,40.98829105630842],[29.084100620909698,40.988459577129774],[29.083927640420281,40.988524863202379],[29.0740410132703,40.992255675838244],[29.053522113267032,40.999922941886403],[29.053152936227981,41.000057864148779],[29.052780721086648,41.00018794478553],[29.052405579234101,41.000313145859288],[29.052027622959788,41.000433428754079],[29.05164696634969,41.000548758242729],[29.051263721693296,41.000659099097412],[29.050878005771548,41.000764419478969],[29.050489932670484,41.000864686869562],[29.050099619171128,41.000959871462143],[29.049707181156098,41.001049944804485],[29.049312737203056,41.001134880477338],[29.048916404991274,41.001214652738248],[29.027671418303431,41.005339851956109],[29.025652175326311,41.005731701681093]]]},"properties":{"objectid_12":73,"objectid":75,"metin":"BİRİNCİ DERECE YOL","durum_2016":"MEVCUT","durum_2025":"MEVCUT","adi":"MEVCUT OTOYOL","shape_leng":48813.326704799998,"SHAPE__Length":49388.187142467497}},{"type":"Feature","id":98,"geometry":{"type":"LineString","coordinates":[[29.047734629912508,41.022825041342308],[29.048996656885503,41.023029842241925],[29.049269504881671,41.02307665169544],[29.049540833826754,41.023128277737236],[29.049810493701987,41.023184692569181],[29.050078339878681,41.023245867036593],[29.050344225033108,41.023311767239832],[29.051036642860844,41.023561319516631],[29.051121102463846,41.023583938575946],[29.051258428819658,41.023615019014564],[29.051397616484735,41.023640915528389],[29.05153832679418,41.023661565095288],[29.051680212998363,41.023676915535511],[29.051822929245869,41.023686930933415],[29.051996694862847,41.023695846384761],[29.053666055714906,41.023770317295899],[29.054140751562183,41.023792876643917],[29.055296602160148,41.023891368605028],[29.055609373084188,41.023914570391149],[29.055922895898131,41.023930940742417],[29.056236911887183,41.023940467464925],[29.05655115874325,41.023943143106742],[29.056865378649846,41.023938963602355],[29.057179307502274,41.023927934372281],[29.057492687484114,41.023910062190197],[29.057805258083828,41.023885363993635],[29.058116759688403,41.023853860106541],[29.058426935379597,41.023815575594902],[29.058735523747679,41.023770542299815],[29.059042273264375,41.023718798159955],[29.059346928808136,41.023660385856054],[29.059649237054078,41.023595354166567],[29.059948945575556,41.023523756612143],[29.060245807335939,41.023445653489055],[29.060539575298474,41.02336110848033],[29.061210633883682,41.023159556287702]]},"properties":{"objectid_12":98,"objectid":100,"metin":"BİRİNCİ DERECE YOL","durum_2016":"MEVCUT","durum_2025":"MEVCUT","adi":"ŞİLE OTOYOLU","shape_leng":1161.76435773,"SHAPE__Length":1537.8419373758743}},{"type":"Feature","id":99,"geometry":{"type":"LineString","coordinates":[[29.061210633883682,41.023159556287702],[29.061450842492345,41.023084473373778],[29.061688211526384,41.023004375846625],[29.061922554136263,41.022919325361592],[29.062153695150421,41.022829386961767],[29.062381454007578,41.022734630433632],[29.064460656834935,41.021840928033988],[29.066401117561643,41.021006804115345],[29.066763558134394,41.020854766084966],[29.067130109397862,41.020708488613714],[29.06750060965534,41.020568036126726],[29.067874899006675,41.020433469659423],[29.068522896940223,41.020206739921818]]},"properties":{"objectid_12":99,"objectid":101,"metin":"BİRİNCİ DERECE YOL - TÜNEL","durum_2016":"MEVCUT","durum_2025":"MEVCUT","adi":"ŞİLE OTOYOLU","shape_leng":697.50398956000004,"SHAPE__Length":923.88945273035029}},{"type":"Feature","id":100,"geometry":{"type":"LineString","coordinates":[[29.399761821384072,40.86511996542098],[29.399419529124852,40.865603490870171],[29.399084785408942,40.86609005148901],[29.39873777160458,40.866609742542302],[29.397901413125606,40.867879729843729],[29.397664646861116,40.868231525172888],[29.397419819115282,40.86858012788047],[29.397167005346546,40.868925429326687],[29.396906281911743,40.869267325628655],[29.396637727862597,40.869605711546626],[29.39636142494583,40.869940483880335],[29.396077458501384,40.870271541468789],[29.39578591476749,40.870598781793952],[29.395486882677393,40.870922105735644],[29.395180452062601,40.87124141349554],[29.394866718144574,40.871556608673039],[29.394545776144707,40.871867596227183],[29.394217723979374,40.872174279080184],[29.39388266136153,40.872476563551537],[29.393540689800876,40.872774357999496],[29.393191915298562,40.873067572820808],[29.392836443855796,40.873356115695827],[29.392474382372086,40.873639901098223],[29.39210584313691,40.873918840785002],[29.391730938439597,40.874192849909996],[29.391349781467923,40.874461845665081],[29.390962489901167,40.87472574524228],[29.39056918052032,40.874984467871734],[29.390169975496256,40.875237934141879],[29.389764994304926,40.87548606803751],[29.389354361812121,40.875728791505558],[29.388938203782033,40.875966033285223],[29.386799004273474,40.877163448258358],[29.386274988222151,40.877461039591822],[29.385756464470454,40.877764121784281],[29.385243530934833,40.878072640422722],[29.384736288226481,40.878386532264052],[29.384234831566907,40.878705740177814],[29.383739260669042,40.879030200920567],[29.383249668059438,40.879359851928022],[29.382766150756058,40.879694629956781],[29.382288801285458,40.880034470405022],[29.381817711275733,40.880379307991859],[29.381352971456753,40.880729075399195],[29.38089467166003,40.881083708025862],[29.380442899920482,40.881443133800005],[29.379997745171359,40.881807285404498],[29.379559290955878,40.882176093485242],[29.37912762351241,40.882549484613541],[29.378702825485906,40.882927388757317],[29.378284978623082,40.883309733168396],[29.377874163772294,40.883696442382892],[29.377470459985304,40.884087443654252],[29.377073946313846,40.884482661520259],[29.37668469731808,40.884882018482315],[29.376302790253128,40.885285439080235],[29.375928297882556,40.8856928444592],[29.375561292071517,40.886104156444837],[29.375201843787,40.8865192955056],[29.374850022199237,40.886938182790487],[29.37450589647851,40.887360736733385],[29.374169533100162,40.88778687509037],[29.373840995844567,40.888216517656616],[29.373520348492114,40.888649580153903],[29.373207653026526,40.889085978984937],[29.372902971431625,40.889525631233191],[29.372606359402905,40.889968451946523],[29.372317877127518,40.890414354137278],[29.372037579402658,40.890863254215304],[29.371765520127308,40.891315063159489],[29.371501752301999,40.891769696025214],[29.371246326232409,40.892227064474618],[29.370999292224234,40.892687079492674],[29.370760698786452,40.893149653424707],[29.370530589936521,40.893614696581103],[29.370309010590233,40.89408211995336],[29.370096005663342,40.894551833177211],[29.369891613783352,40.895023744532686],[29.369695877171161,40.895497765018312],[29.36909187782188,40.896996840910717],[29.36892463577049,40.897400433454649],[29.368748978301525,40.897801962718852],[29.368564947635811,40.898201327567733],[29.368372592282331,40.898598427547221],[29.3681719589535,40.898993162205244],[29.367963097955013,40.899385432449961],[29.367746062287413,40.899775139870627],[29.367520906747981,40.900162186058495],[29.367287686133906,40.900546473285772],[29.367046460632366,40.900927907221572],[29.366797291328719,40.901306388105006],[29.366540239308485,40.901681822966751],[29.366275369250339,40.90205411748132],[29.366002747629604,40.902423177324927],[29.365722444514859,40.90278890885434],[29.365434529076406,40.903151221822711],[29.365139073179456,40.903510023268865],[29.364836151384193,40.903865224306863],[29.364525840047406,40.904216735373033],[29.36420821822081,40.904564467584024],[29.363883363159548,40.904908332057666],[29.363551359305283,40.905248245344595],[29.363212288404661,40.905584119243862],[29.362866235797657,40.905915869629062],[29.362513288620832,40.906243413732803],[29.362153536705762,40.906566670146205],[29.361787068985585,40.906885554745557],[29.360726158635025,40.907794047309146],[29.360318710669933,40.908148302018418],[29.359918357598946,40.908507183620614],[29.359525190151913,40.908870610571874],[29.359139298160365,40.909238498613597],[29.35876076786257,40.90961076552491],[29.358389688191764,40.909987325691404],[29.358026142691219,40.910368092820839],[29.357670215802624,40.910752981301101],[29.357321986577652,40.911141902126836],[29.356981534966451,40.911534767651801],[29.356648939122401,40.911931488194448],[29.356324277198915,40.912331972717134],[29.356007618366341,40.912736130862399],[29.355699039879724,40.913143870237938],[29.355398609112711,40.913555097095312],[29.355106395235651,40.913969718366864],[29.354822466520417,40.914387638950046],[29.354546886747446,40.914808765101874],[29.354279717900496,40.915232999008431],[29.354021022861602,40.915660244215353],[29.353770860021264,40.916090404949273],[29.353529286871709,40.916523382044709],[29.353296357311798,40.916959075659598],[29.353072127037077,40.917397388669542],[29.352856645454949,40.917838219879414],[29.352649961972698,40.918281468775334],[29.352452124201037,40.918727034845865],[29.352263178852372,40.919174815545531],[29.352083166350909,40.919624710367899],[29.351912129815741,40.920076614736331],[29.351750107874484,40.920530426791878],[29.351597138256313,40.920986043999569],[29.35145325509728,40.92144336043313],[29.351318492533277,40.921902272884246],[29.350874469661392,40.923469960795636],[29.350785321750909,40.92376779251375],[29.350687066720081,40.92406397217546],[29.350579757569506,40.924358338940444],[29.350463450893038,40.924650733328669],[29.350338211369397,40.92494099654143],[29.350204105473878,40.925228972497592],[29.350061205071732,40.925514505118478],[29.34990959011305,40.925797439685411],[29.349749337852874,40.92607762419685],[29.34958053902108,40.926354905296151],[29.349403284347542,40.926629135058519],[29.349217667257022,40.926900164882696],[29.349023789259128,40.927167846169198],[29.348821755456786,40.927432035750236],[29.348611675444445,40.927692589781145],[29.348393661511533,40.927949368491113],[29.348167833133942,40.928202232789523],[29.347934309787615,40.928451044944758],[29.347693220829964,40.928695670619923],[29.347444694720107,40.928935977515465],[29.347188865306986,40.929171836726432],[29.346925872727777,40.929403120027473],[29.346655858017986,40.92962970055158],[29.346378968501313,40.929851458219247],[29.346095351501504,40.930068271594202],[29.345805162427069,40.930280023991614],[29.345508556686568,40.930486600762833],[29.345205696875034,40.930687890653005],[29.34489674558759,40.9308837837646],[29.344581869012519,40.931074174272275],[29.344261238728041,40.931258959743879],[29.343935027210701,40.931438039782918],[29.343603410530317,40.931611317385965],[29.343266571044847,40.931778698942523],[29.342924687519073,40.931940094913237],[29.34257794680256,40.932095416437001],[29.342226535744874,40.932244579402244],[29.341870645687187,40.932387504447249],[29.341510466174032,40.932524113566487],[29.34114619573306,40.932654332146647],[29.340778028400379,40.932778091681008],[29.337929297259581,40.933731123744373],[29.337427926838263,40.933902590133563],[29.336930335629361,40.934080278571805],[29.336436657481819,40.934264140146581],[29.335947026244632,40.934454125265532],[29.335461573071811,40.934650183656601],[29.334980430914065,40.934852260974765],[29.334503729128773,40.935060304231278],[29.334031595276684,40.93527425704319],[29.333564155121966,40.935494060312351],[29.333101539818657,40.935719656296932],[29.332643868842638,40.935950984539929],[29.332191268856398,40.936187980511903],[29.331743861132519,40.936430582397364],[29.331301765146904,40.936678722951356],[29.330865102172144,40.93693233696434],[29.328593763180198,40.938274061462891],[29.328172668907634,40.938518829240259],[29.32774659617175,40.938758592817408],[29.327315649177113,40.938993294568206],[29.326879933026657,40.939222878902179],[29.32643955192491,40.93944728819249],[29.325994613669749,40.93966646888353],[29.325545225160671,40.939880368776201],[29.32509149689044,40.940088933635259],[29.324633537555222,40.940292114653275],[29.32417146034274,40.940489860986681],[29.323705373949146,40.940682126540906],[29.323235395155429,40.940868863185038],[29.322761635352695,40.941050026858704],[29.319512496343688,40.942268435113142],[29.319035198077021,40.942451294059055],[29.318562112010742,40.942640341615707],[29.318093375587075,40.94283552344551],[29.317629128943167,40.943036780460055],[29.317169507724689,40.943244053569884],[29.316714646678886,40.943457283006062],[29.316264682349701,40.943676404249011],[29.315819745891169,40.943901354135484],[29.315379969355632,40.944132064073244],[29.314945482998798,40.94436846954072],[29.314516413483105,40.944610497873285],[29.314092887471055,40.94485807776303],[29.31367503162506,40.945111137223243],[29.313262968116042,40.945369602231203],[29.31285681911482,40.945633395371523],[29.312456703199068,40.945902439228618],[29.312062739844702,40.946176653672943],[29.309978258516704,40.947652698096434],[29.309584447875945,40.947927482678381],[29.309185366819381,40.948197861975366],[29.308781103381968,40.948463779726254],[29.308371742903617,40.94872517695589],[29.307957374317589,40.948981998760146],[29.307538084760381,40.949234190234719],[29.307113964063628,40.949481696475367],[29.306685106550344,40.949724464612935],[29.306251601153811,40.949962442456552],[29.306114211915929,40.95003694308464],[29.305753255360045,40.950228758152974],[29.305387540428107,40.950415321252876],[29.305017200070751,40.950596563902877],[29.3046423690353,40.950772421691809],[29.304263182967357,40.950942828850899],[29.30387978020747,40.951107724360192],[29.30349230089282,40.951267048555685],[29.303100883363964,40.951420744486498],[29.302705672249662,40.951568753165553],[29.302306810382024,40.951711023746242],[29.299782213853621,40.952589297872244],[29.299274141101982,40.952769784185833],[29.298769940089208,40.952956412021507],[29.298269741071007,40.95314912976508],[29.297773670709859,40.953347891228908],[29.297281856566556,40.95355264276116],[29.296794425303496,40.953763334101431],[29.296311499989908,40.953979910917553],[29.295833205491594,40.954202316841339],[29.295359664877786,40.954430495503573],[29.294890996726068,40.954664388499246],[29.294427324105641,40.954903936065662],[29.293968762899194,40.955149077082737],[29.293515433480948,40.955399749072932],[29.293067449038666,40.955655886166184],[29.291205016875836,40.956720337634302],[29.290759763312032,40.95697351580862],[29.290309171060439,40.9572212067348],[29.289853358698746,40.957463346704579],[29.289392443007944,40.957699872687726],[29.288926543463948,40.957930721653291],[29.28845578583088,40.958155834640372],[29.287980289584688,40.958375152687132],[29.287500178692877,40.958588618188067],[29.287015579817929,40.95879617421501],[29.286526620520576,40.958997769266247],[29.286033426564966,40.959193348446973],[29.285536127308525,40.959382860931889],[29.283410011762047,40.960187071681176],[29.282923256032074,40.960374973565195],[29.282440626264233,40.96056889479285],[29.281962250917548,40.960768785790059],[29.281488259349462,40.960974590876283],[29.281018777324107,40.961186255048609],[29.280553932402235,40.961403722624837],[29.280093847653045,40.961626935208344],[29.279638647942374,40.961855831688638],[29.279188456339458,40.962090350954362],[29.278743392320138,40.962330431215385],[29.278303576258722,40.96257600661081],[29.277869124037853,40.962827012636083],[29.277440156031787,40.963083379359574],[29.277016785428277,40.963345041597741],[29.276599124516714,40.963611926705063],[29.276187288281466,40.963883962714256],[29.275781385418643,40.964161078336424],[29.275381525522736,40.964443198212621],[29.274987815493283,40.964730246305642],[29.274600362229783,40.965022145900292],[29.274219269038465,40.965318818246573],[29.27384463832734,40.965620185273274],[29.273476571605961,40.965926164161317],[29.272201387907344,40.967003819428321],[29.27192788144604,40.967230679305288],[29.271647615162241,40.967452747556734],[29.271360730989727,40.967669908241739],[29.271067380743801,40.967882048811411],[29.270767716239746,40.968089056717155],[29.270461894682757,40.968290825515247],[29.270150074176247,40.96848725079689],[29.269832418213689,40.968678228153223],[29.269509092085059,40.968863659279933],[29.269180264673629,40.969043446550614],[29.268846106659293,40.969217497086539],[29.268506792315222,40.969385720043398],[29.268162498609534,40.969548027967534],[29.267813406103624,40.969704336117736],[29.267459694460499,40.969854561786853],[29.267101548733141,40.96999862904962],[29.266739157567724,40.970136460622975],[29.266372708712197,40.970267985327496],[29.266002392609352,40.970393135373648],[29.26562840329532,40.970511843648922],[29.265250933907893,40.970624050500433],[29.264870183873036,40.970729694917203],[29.26448634992181,40.970828724704191],[29.264099632378496,40.970921085629904],[29.263710233364083,40.971006731600291],[29.263318354999484,40.971085617197737],[29.262924202998931,40.971157700394201],[29.262527981279931,40.971222945264039],[29.262129898251644,40.971281315879615],[29.261730159628307,40.971332783093821],[29.261328973819072,40.971377320470786],[29.259061973689949,40.97160896060339],[29.258674081150264,40.971652129067941],[29.258287641186396,40.971702221841952],[29.257902867597405,40.971759213135876],[29.257519975080566,40.971823069019017],[29.257139176536697,40.971893755558625],[29.256760684866439,40.97197123271561],[29.256384710275658,40.972055457057877],[29.256011461173426,40.972146382438261],[29.255641146867216,40.972243957281918],[29.255273972172926,40.972348127977412],[29.254910142804768,40.972458836164002],[29.254549860883639,40.972576020766326],[29.254193326733905,40.972699616638138],[29.25384073888322,40.97282955320572],[29.25349229496091,40.972965759894095],[29.253148186308156,40.973108160701145],[29.250624734233451,40.974181869371648],[29.250272096077094,40.974327813346356],[29.249915040006144,40.974467452175034],[29.249553762751699,40.974600708579793],[29.249188461044792,40.97472750867248],[29.248819337006339,40.974847783311318],[29.248446592757311,40.974961466744219],[29.248070434910179,40.975068495930458],[29.247691069179155,40.97516881189707],[29.247308704871738,40.975262360416949],[29.246923549498714,40.975349087939414],[29.246535817757483,40.975428950407178],[29.246145721650425,40.975501900369743],[29.245753476773174,40.97556789919166],[29.245359296026514,40.975626910948179],[29.244963398599332,40.975678902425457],[29.244566001883925,40.975723844476789],[29.244167323272627,40.975761714057164],[29.243767582852666,40.975792489475864],[29.243367000711284,40.975816154465647],[29.242965796037417,40.975832694791642],[29.242564189816584,40.975842102320662],[29.242162403034431,40.975844372308131],[29.237276839004942,40.975775293304665],[29.23674019174241,40.975773029418711],[29.236203572327646,40.975777744378213],[29.235667137965851,40.975789436825188],[29.235131047658815,40.975808104721281],[29.234595458611686,40.975833741278457],[29.234060528029669,40.975866339028194],[29.233526415812875,40.975905887108702],[29.232993275573204,40.975952376690742],[29.23246126631248,40.976005792838947],[29.23193054523589,40.976066118581102],[29.231401267751973,40.976133337621192],[29.230873588370923,40.976207430269973],[29.230347663399609,40.976288373445129],[29.229823649144951,40.976376144740506],[29.229301698320459,40.976470717000453],[29.228781964538108,40.976572064423877],[29.228264600511466,40.976680153747346],[29.227749759852465,40.976794957131268],[29.227237593478062,40.976916437917637],[29.226728251406897,40.977044560802938],[29.226221883657654,40.977179289803729],[29.225718641147278,40.977320582831148],[29.225218671199499,40.977468400507512],[29.224722120239669,40.977622698027858],[29.224229132896596,40.977783429907674],[29.223739858290596,40.977950549304516],[29.223254438355433,40.978124006661773],[29.222773015923327,40.978303751065233],[29.222295732029707,40.978489729564792],[29.22182272860843,40.978681887852765],[29.221354144000045,40.978880169585842],[29.220890116545092,40.979084515028752],[29.217995930650936,40.980384277148914],[29.217633240346519,40.980541014676014],[29.217266081821919,40.980691661224576],[29.216894633841836,40.980836142238282],[29.216519076069304,40.980974389263288],[29.216139589065762,40.981106333844352],[29.215756359680711,40.981231912272314],[29.215369572967127,40.981351064227425],[29.214979417571261,40.981463731422835],[29.214586079444306,40.981569858283038],[29.214189752622449,40.981669395334201],[29.213790628446755,40.981762291744516],[29.21338890095338,40.981848503462103],[29.212984765076715,40.981927990502079],[29.212578415751203,40.982000712199692],[29.212170050606208,40.982066633991593],[29.211759869067709,40.982125723346861],[29.211348069663341,40.982177951801582],[29.210934850920861,40.982223294958665],[29.210520414961177,40.982261729775189],[29.210104962108581,40.982293236596924],[29.207917768309326,40.982440674895336],[29.207500490080058,40.982472368800309],[29.207096258083673,40.982510324699867],[29.206693287321944,40.982555328555186],[29.20629179249222,40.982607356616626],[29.205891984698603,40.9826663824199],[29.20549407863848,40.982732374073485],[29.205098285415861,40.9828052976492],[29.204704811643314,40.982885111757376],[29.204313870221551,40.982971777040682],[29.203925667763105,40.983065244645971],[29.203540409982143,40.983165467752656],[29.20315830079624,40.983272390722497],[29.202779545021343,40.983385957237502],[29.202404342083362,40.983506108943502],[29.202032891408319,40.983632779347232],[29.201665390625589,40.983765903988491],[29.20130203466956,40.983905408911617],[29.200943015779753,40.984051222872431],[29.200588527093906,40.984203267844116],[29.200238755461623,40.984361461730131],[29.199893885037532,40.984525721754764],[29.199554100874575,40.984695960394667],[29.199219583534134,40.984872087413187],[29.198890509085977,40.98505400850437],[29.198567053599959,40.985241628005433],[29.198249389552529,40.985434846184582],[29.197937683132118,40.985633559919151],[29.19763210322191,40.985837664051964],[29.197332810620388,40.986047050035189],[29.195321703684812,40.987486851067025],[29.195057667263242,40.987671095553765],[29.194787506128058,40.987850169751695],[29.194511397247396,40.988023957071356],[29.194229518487639,40.98819234363571],[29.193942056698393,40.988355220314091],[29.193649197830943,40.98851248000981],[29.193351132328093,40.988664021050596],[29.193048054225972,40.988809744475745],[29.192740164747157,40.988949553358346],[29.192427661521087,40.989083358907642],[29.192110748465264,40.989211071653806],[29.191789634887151,40.989332610263062],[29.191464528297637,40.989447894078481],[29.191135639800741,40.989556848544723],[29.190803186788827,40.989659401817377],[29.190467384857541,40.989755488153207],[29.190128452297465,40.989845043841854],[29.189786611890817,40.989928010595818],[29.189442084623153,40.990004334194296],[29.18909509866657,40.990073965839464],[29.188745876803239,40.990136858765716],[29.188394649001893,40.990192972308314],[29.188041645231213,40.990242270546993],[29.187687092764978,40.990284720949759],[29.187331226063488,40.990320294373056],[29.186974275095459,40.990348969807847],[29.186616473422824,40.99037072759932],[29.18625805640427,40.990385554192926],[29.185899255805055,40.990393438066249],[29.185540306085489,40.990394376509542],[29.183220629646467,40.990377963243191],[29.182753190390045,40.990376213154562],[29.182285793354449,40.990381257288327],[29.181818609219604,40.990393093608759],[29.181351810461976,40.990411717365724],[29.18088556865985,40.990437122450949],[29.180420056289734,40.990469297329412],[29.179955443133213,40.990508233176406],[29.1794919007685,40.990553913706343],[29.179029599875506,40.990606323309862],[29.178568711134151,40.990665441628913],[29.178109401631094,40.990731246269377],[29.177651842944478,40.990803715513358],[29.177196202161035,40.990882821538328],[29.176742648163945,40.990968534485688],[29.176291345344985,40.991060823139094],[29.175842461689108,40.991159653567905],[29.175396161587944,40.991264989805771],[29.174952609433277,40.991376792494222],[29.174511968718427,40.991495021595121],[29.174074400241853,40.991619632322411],[29.173640066598598,40.991750580566503],[29.16846123586652,40.993355553505253],[29.168095656580181,40.993462514873372],[29.167727824319112,40.993564949517499],[29.166772120163056,40.993817779528051],[29.166390895817734,40.993915046355781],[29.166006913644484,40.994005875156809],[29.165620364984463,40.994090221207969],[29.16523143848389,40.994168043852419],[29.164840328178869,40.994239303787815],[29.164447224512198,40.994303967134115],[29.164052322418364,40.994362000687453],[29.163655816831749,40.994413376666436],[29.163257903585045,40.994458068643596],[29.162858777612762,40.994496055613816],[29.162458637442487,40.994527318604035],[29.162057679805322,40.99455184202926],[29.161656101432268,40.99456961437069],[29.15973278415446,40.994632932874644],[29.152747191654381,40.994686912246216],[29.15230860089498,40.994693389388168],[29.151870244595916,40.994706065003207],[29.151432278165665,40.994724935019718],[29.150994851622901,40.994749994008167],[29.150558117681204,40.994781231113187],[29.15012222995253,40.994818636155607],[29.149687338455511,40.994862196920735],[29.149253594107076,40.994911897801735],[29.148821149620886,40.994967721834385],[29.148390155015541,40.995029649340495],[29.147960760309758,40.995097658606419],[29.147533112827166,40.995171725204578],[29.146269788686919,40.995391181931083],[29.145862929118326,40.995460489220548],[29.145457228376454,40.995533597378618],[29.145052749343368,40.995610492832391],[29.140852657367819,40.996429802549983],[29.140588249942049,40.996478141496404],[29.140322026122774,40.996520373635143],[29.138742427628852,40.996752019035078],[29.138281923366449,40.996812749551168],[29.137819989884406,40.996866892569649],[29.137356791574447,40.996914428444875],[29.136892491031645,40.996955341597101],[29.136427256240967,40.996989615088687],[29.135961251594047,40.997017240116108],[29.135494641482641,40.997038203805708],[29.135027592095092,40.997052500061862],[29.134560270517984,40.997060124820955],[29.13409284383799,40.997061073339282],[29.133625473751845,40.997055346295205],[29.133158330939494,40.99704294504285],[29.132691580690913,40.997023875002569],[29.132225386499499,40.996998142948463],[29.131759915451848,40.996965757008702],[29.131295333736361,40.996926730733534],[29.130831805744737,40.99688107428112],[29.1303694967669,40.99682880729965],[29.129908570296301,40.996769948079425],[29.125694276854439,40.996200701931201],[29.122590632582124,40.995840184693051],[29.122267769085866,40.995806482166493],[29.121944052190063,40.995777869448283],[29.121619622031961,40.995754357393217],[29.121294616053721,40.995735957533029],[29.120969176189217,40.995722676652072],[29.120643442575627,40.995714520855493],[29.12026587078023,40.995703606229789],[29.119888077100988,40.995698761838554],[29.119510233116074,40.995699990395224],[29.119132509505405,40.995707290543301],[29.118755074253936,40.995720659568889],[29.118378098939914,40.995740092044066],[29.118001751548263,40.99576557711535],[29.117626203657199,40.995797105283586],[29.117251621455075,40.995834661623881],[29.116878174723489,40.995878230531702],[29.116506031447386,40.995927790298815],[29.116135359611697,40.995983319893497],[29.115757107791637,40.996043150045345],[29.115508751463331,40.99608501701681],[29.115261931254199,40.996131806970226],[29.115016816047461,40.99618348802877],[29.114773575624724,40.996240024246745],[29.114532375275971,40.996301377643263],[29.114179764967389,40.996390857995998],[29.113829984351963,40.996486502633495],[29.113483221177557,40.996588259322685],[29.113139660497136,40.996696074473221],[29.112799488261999,40.996809890425375],[29.112462886830098,40.996929643416152],[29.112130034966174,40.997055273749474],[29.111801113231618,40.997186710202094],[29.111476297696264,40.997323883583825],[29.111155760836581,40.997466721313607],[29.110839676925746,40.997615144707623],[29.110528216643708,40.997769075759152],[29.110221543483799,40.997928431037145],[29.109919823634385,40.99809312575384],[29.109520221554977,40.99832055534376],[29.109125694058598,40.998553014775865],[29.108736348943111,40.998790437554945],[29.108352296701256,40.999032759897453],[29.10797364333429,40.999279911240052],[29.107600494843339,40.999531825765082],[29.107232957229691,40.999788430197299],[29.106871131104622,41.000049653973299],[29.106515119774357,41.000315424496051],[29.106165021155299,41.000585666456843],[29.105820933163816,41.000860306581124],[29.101414545778262,41.004436454513566],[29.101072997324074,41.004708655032012],[29.100725011542583,41.004976135453298],[29.100370701621458,41.005238810417801],[29.10001018344343,41.005496592532474],[29.099643574687782,41.005749397794141],[29.099270995728759,41.005997144233554],[29.098892565143966,41.006239750559402],[29.098508409595844,41.006477137514018],[29.098118653950291,41.006709227873451],[29.097723424869677,41.006935945769349],[29.097322850813107,41.007157217366739],[29.096917062934647,41.007372969508182],[29.096401086805152,41.007642068081189],[29.096096464499016,41.007796595981738],[29.095786688558135,41.007945128979387],[29.095471965594971,41.008087570177253],[29.095152503120385,41.008223824033443],[29.094828514035061,41.008353801783926],[29.094500213036401,41.008477414663453],[29.094167818414967,41.008594582040395],[29.09383155025802,41.008705228026813],[29.093491629551135,41.008809276055416],[29.093148286263013,41.008906658370044],[29.092801744074194,41.008997310602112],[29.092452235648285,41.009081173126475],[29.092099990055697,41.009158188349886],[29.091745244451683,41.009228307489586],[29.091388231499892,41.009291482438599],[29.091029188355567,41.00934767254477],[29.090668353970557,41.009396839187296],[29.090305968195061,41.009438950522011],[29.089942270879238,41.009473978769797],[29.089577501873276,41.009501900216456],[29.089211904620626,41.009522696568645],[29.088845722564731,41.009536354275674],[29.088479196454077,41.00954286385187],[29.08811257152875,41.009542220554174],[29.087746089435552,41.009534426416103],[29.087379994516247,41.009519484824374],[29.087014528417637,41.009497406620014],[29.086649935481468,41.009468206031258],[29.086286455557946,41.009431903384574],[29.085924330293874,41.009388522393799],[29.085563801336047,41.009338090159751],[29.085205106738059,41.009280642593488],[29.084848482756776,41.009216215603786],[29.084494169242404,41.009144853909909],[29.084142399756942,41.009066603584706],[29.083793407862338,41.008981517477878],[29.083447423527275,41.008889651148756],[29.083104679415452,41.008791065577817],[29.082765400105696,41.008685827167],[29.082429811973419,41.008574004350187],[29.082098136902527,41.008455673016414],[29.081770595878577,41.008330909053363],[29.078044415521109,41.006865644547666],[29.07771831359824,41.006741236859796],[29.077388268969578,41.006622945620258],[29.077054482857783,41.006510844075159],[29.076717156485447,41.006404998012542],[29.076376492871798,41.006305472541129],[29.076032701324355,41.006212328700848],[29.075685988455625,41.006125622106971],[29.075336563573046,41.00604540430561],[29.074984639577352,41.005971726163423],[29.074630429369236,41.005904629732584],[29.074274146747761,41.005844158419173],[29.073916007308608,41.00579034613682],[29.073556229342387,41.005743227475143],[29.073195029343026,41.005702830242868],[29.072832626499554,41.00566917750109],[29.072469240899125,41.005642292309169],[29.072105091730727,41.00562218958931],[29.071740399979884,41.005608880872273],[29.07137538663218,41.005602376330692],[29.071010272673167,41.005602677322564],[29.070666048137756,41.005606169234369],[29.069997467106074,41.005614386852606],[29.069668509438905,41.005625731665404],[29.069340062014852,41.005643639992456],[29.069012349412688,41.005668097592313],[29.068685602499439,41.005699088865775],[29.068360047650575,41.005736592788537],[29.068035908546602,41.005780580877307],[29.067713414257909,41.005831024646945],[29.067392783973471,41.005887888153708],[29.067074244068667,41.005951132740186],[29.066758013732443,41.006020714324308],[29.066444313950406,41.006096582721],[29.06613336211479,41.00617868774367],[29.065825372024701,41.006266971069415],[29.06478357692508,41.006595097522521],[29.06473630577818,41.006601860923617],[29.064617507175132,41.006642164732668],[29.064501756555835,41.006687272782926],[29.064389395280084,41.006737054908129],[29.063560945568891,41.007127235485015],[29.063329307786336,41.007244576769601],[29.063102937724629,41.007367674498944],[29.062882081522133,41.007496394418538],[29.062666985317264,41.007630594816717],[29.062457884468557,41.007770125846868],[29.062255008944803,41.007914835628746],[29.06205858332477,41.008064565503325],[29.061868823204176,41.008219149355206],[29.061773406849639,41.008302244152098],[29.061611661589456,41.008443101049636],[29.061585923958251,41.008465513802101]]},"properties":{"objectid_12":100,"objectid":102,"metin":"ERİŞME KONTROLLÜ KARAYOLU (OTOYOL)","durum_2016":"MEVCUT","durum_2025":"MEVCUT","adi":"MEVCUT OTOYOL","shape_leng":50777.497982599998,"SHAPE__Length":46772.448269203494}},{"type":"Feature","id":101,"geometry":{"type":"LineString","coordinates":[[29.121185806716625,41.049092440969154],[29.132401229021404,41.049457377861764],[29.138889966931107,41.049468925135407],[29.14058247826636,41.049456145565358],[29.141186904315365,41.049445653092093],[29.14411595562234,41.04939475901778],[29.144715211866917,41.0493879004243],[29.145314538180067,41.049388160568526],[29.145913783644879,41.049395541482731],[29.146512802734183,41.049410040454646],[29.147111448124367,41.049431652737404],[29.147709571593371,41.049460375614146],[29.148307026715806,41.049496198913701],[29.148903666167936,41.04953911720478],[29.149499342626108,41.049589116924437],[29.1500939105632,41.049646187217142],[29.150687222655552,41.049710313160539],[29.159194546873895,41.050681101866552],[29.159255934147144,41.050688103943635],[29.159774667206268,41.050750844851741],[29.160291848874902,41.050820541019327],[29.160807315659675,41.050897172778484],[29.161320905863779,41.050980714362204],[29.161832459587163,41.051071139323916],[29.162341814234722,41.05116842053755],[29.16284880900804,41.051272526810564],[29.163353285803627,41.051383424916054],[29.163855085619623,41.051501079592946],[29.164354050352614,41.051625455578318],[29.164850022797417,41.051756512187929],[29.165342846647118,41.051894208735952],[29.165832366493198,41.052038501825066],[29.166318430520377,41.052189346023994],[29.166800884218453,41.052346694545115],[29.167279574873785,41.052510496534808],[29.17450777089109,41.055042263871528],[29.174861546314606,41.055162273419555],[29.175219034475194,41.055275806821591],[29.175580026963694,41.055382799081002],[29.175944314472641,41.055483187231864],[29.176311688592918,41.055576913725808],[29.176681933728851,41.055663925077141],[29.177054838776328,41.055744169830625],[29.177430183648116,41.055817601948384],[29.177807755443514,41.055884178100058],[29.17818733407525,41.055943861049968],[29.178568698557758,41.055996616269972],[29.17895163060043,41.056042412616748],[29.179335906522798,41.056081222331834],[29.179721305339235,41.056113025105901],[29.180107603369301,41.056137801982217],[29.180494576932453,41.056155538066228],[29.180882001449842,41.056166223202688],[29.181269653241038,41.056169851975987],[29.181657309523811,41.056166420322924],[29.18204474392271,41.056155932306702],[29.182431733655505,41.056138393343169],[29.182818053245132,41.056113814264819],[29.183203479909384,41.05608220793421],[29.183587789967699,41.056043592630751],[29.183970763332876,41.055997992050727],[29.184352175426092,41.055945431243209],[29.184731807058437,41.055885941351434],[29.185109438142636,41.055819557581025],[29.185484850388075,41.05574631581306],[29.185857824605822,41.055666261409918],[29.186228147895175,41.055579439054931],[29.186595605558782,41.055485898848495],[29.186959983797603,41.055385695631188],[29.18732107150753,41.055278887628845],[29.187678660279389,41.055165535775153],[29.188032543500753,41.055045705744213],[29.188382516355659,41.054919467950398],[29.188728375824887,41.054786893484213],[29.18906992248241,41.054648061563626],[29.189406956902289,41.054503050050755],[29.189739286845029,41.054351944258144],[29.190066718274501,41.054194832207024],[29.190389061646204,41.054031803950039],[29.190706131008895,41.053862952926174],[29.191017743106244,41.053688378670508],[29.191323718275171,41.053508181395166],[29.191623876852631,41.05332246469888],[29.191918047260401,41.053131336922313],[29.192206059716902,41.052934908438019],[29.192487747135477,41.052733293005865],[29.192762945124453,41.052526607095587],[29.193031496478635,41.052314970564247],[29.193293244891198,41.052098505301657],[29.193548039445098,41.051877337262816],[29.19379573281671,41.051651593758059],[29.194036180377235,41.051421406163378],[29.19561597650052,41.049871008813398],[29.195906138625478,41.049591995438426],[29.196203546561556,41.049317390465021],[29.196508081731075,41.049047298955166],[29.196819625556444,41.048781829358816],[29.197138054968466,41.048521084707055],[29.197463245101307,41.048265168031605],[29.197795066597596,41.048014178299823],[29.19813339189653,41.047768215834537],[29.198478087149152,41.04752737689396],[29.19882901670983,41.047291755026698],[29.199186041339715,41.047061443103971],[29.199549023596582,41.04683653128712],[29.199917817953335,41.046617109737198],[29.20029228337447,41.046403261840489],[29.200672269841327,41.046195073692772],[29.201057627335267,41.04599262529203],[29.201448208532593,41.045795997313263],[29.201843856228152,41.045605266365897],[29.202244416809961,41.045420507703689],[29.202649733072882,41.045241793192126],[29.203059646015145,41.045069194018296],[29.203473993939941,41.044902777303342],[29.203892615150533,41.044742608134769],[29.204315344356921,41.044588750244053],[29.204742016269137,41.04444126261874],[29.205172462003819,41.044300204245182],[29.205606513576054,41.044165630043288],[29.206044002102583,41.044037592898889],[29.206484754208507,41.043916144341289],[29.20692859741737,41.043801329123042],[29.207375356557613,41.043693195382659],[29.207824859152726,41.043591783126651],[29.208276924641357,41.043497133714716],[29.208731377852036,41.043409283762273],[29.209188040019981,41.043328268527581],[29.20964673238047,41.043254118524338],[29.210107275270442,41.043186862909323],[29.210569487230188,41.043126528804507],[29.211033185901762,41.043073139942308],[29.211498191622049,41.043026716665409],[29.211964319338144,41.042987277959156],[29.212431388488664,41.042954838741714],[29.212899213122341,41.042929411218886],[29.213367612677761,41.042911006916746],[29.213836402102057,41.042899631938845],[29.214305396342223,41.042895291031606],[29.214774411243621,41.042897985551392],[29.215243264448308,41.042907715497435],[29.21571177180158,41.042924475446263],[29.216179748250539,41.042948259294931],[29.216647010538832,41.042979058905402],[29.217113375410161,41.043016861394982],[29.217578660506508,41.043061651845981],[29.218042681673243,41.043113412628514],[29.218505258349015,41.043172122723035],[29.218966208175836,41.043237761107655],[29.219425350592267,41.043310299983233],[29.220444096718328,41.043479236356092],[29.23202154726912,41.046035219994081],[29.232388302450168,41.046113574770388],[29.232757447149886,41.046185210766929],[29.23312876756918,41.046250087356107],[29.23350204541752,41.046308167296004],[29.23387706599749,41.046359414697577],[29.23425360922187,41.046403801122267],[29.234631457698374,41.046441300839334],[29.235010390441403,41.046471891503423],[29.235390188262073,41.04649555550948],[29.235770628378166,41.04651227999274],[29.236151491600758,41.04652205344108],[29.236532556045965,41.046524871792776],[29.236913598033279,41.046520731661204],[29.237294397475477,41.046509637787537],[29.237674733386974,41.046491594910577],[29.238054383883952,41.04646661386456],[29.238433127082459,41.046434709546261],[29.238810745590236,41.046395900237862],[29.23918701572677,41.046350208284316],[29.239561722794722,41.046297660770904],[29.246183414959731,41.045306183588295],[29.247226226952236,41.045166733426775],[29.247648187200774,41.045113712071313],[29.248071509295244,41.045067324108999],[29.24849600818278,41.045027588523979],[29.248921503301929,41.044994522265952],[29.249347814091372,41.044968140927523],[29.249774753701491,41.044948454001805],[29.250202141570956,41.044935471657396],[29.250629792646805,41.044929197285754],[29.251057522774403,41.044929635631355],[29.251485150494027,41.04493678533904],[29.25191248985448,41.044950645051628],[29.2523393575994,41.044971205957332],[29.252765572269091,41.044998461952325],[29.253190947912326,41.045032399478202],[29.25361530486602,41.045073004297059],[29.254038458975565,41.0451202601365],[29.25446022878122,41.045174145979637],[29.254880432823363,41.045234638097583],[29.25529889054058,41.045301711404605],[29.255715422269862,41.045375336070514],[29.256129850144703,41.045455482263463],[29.256541995400418,41.04554211337468],[29.256951681068912,41.045635192793576],[29.25735873108033,41.045734681875601],[29.257762970263261,41.045840537231925],[29.258164225242798,41.045952712084755],[29.258562323542403,41.046071159654716],[29.259825927058703,41.046470540590512],[29.264465166749087,41.048074999091021],[29.265003978951427,41.048245202974321],[29.265545948732036,41.048409565957726],[29.26609096290311,41.048568054211522],[29.266638911870231,41.048720637292284],[29.267189683343965,41.048867283400185],[29.26774316593324,41.049007961411711],[29.268299244653662,41.049142643589207],[29.268857809910816,41.049271302193603],[29.269418744025344,41.049393910839306],[29.270268662573542,41.049574716900665],[29.271804062158846,41.049901329611409],[29.272567586132887,41.050046456950056],[29.276743225966374,41.050651744078479]]},"properties":{"objectid_12":101,"objectid":103,"metin":"ERİŞME KONTROLLÜ KARAYOLU (OTOYOL)","durum_2016":"MEVCUT","durum_2025":"MEVCUT","adi":"KUZEY MARMARA OTOYOLU (3. BOĞAZ KÖPRÜSÜ DAHİL)","shape_leng":13868.2458756,"SHAPE__Length":18366.464205644595}},{"type":"Feature","id":108,"geometry":{"type":"LineString","coordinates":[[29.068522896940223,41.020206739921818],[29.068886641866762,41.02007946745379],[29.069086588882712,41.020013393898118],[29.069290080650745,41.019953852545306],[29.069496747065013,41.019900949821867],[29.069706208138125,41.019854784019245],[29.06991808118778,41.019815437838879],[29.070131981735045,41.019782985846923],[29.070347518114428,41.019757484307931],[29.070564295067197,41.019738980673544],[29.070781918232971,41.019727510193349],[29.07099999055642,41.019723091848427],[29.07121811228718,41.019725735806681],[29.071435885471598,41.019735435289554],[29.071652913054361,41.019752171994412],[29.071868797980081,41.019775918805273],[29.072083145888339,41.019806628948842],[29.072295566011984,41.01984424751663],[29.072505670278851,41.019888707398316],[29.072713074209975,41.019939924537553],[29.072917400512907,41.019997806743028],[29.0731182736919,41.020062248944242],[29.07331532813263,41.020133132513905],[29.073508204508961,41.02021032730152],[29.073696548884701,41.020293694344339],[29.073880019001692,41.020383081123612],[29.07397936279067,41.020433785494149],[29.079976438372313,41.023494395519926],[29.081367170569319,41.024211105237683],[29.081610614909621,41.024340591954818],[29.081848895733682,41.024475475064847],[29.082081804632367,41.0246156386454],[29.0823091358914,41.024760957963728],[29.082530692779827,41.02491130625377],[29.082746281261503,41.025066552005534],[29.082955709995257,41.025226560998192],[29.083158799318049,41.025391190201141]]},"properties":{"objectid_12":108,"objectid":110,"metin":"BİRİNCİ DERECE YOL","durum_2016":"MEVCUT","durum_2025":"MEVCUT","adi":"ŞİLE OTOYOLU","shape_leng":1434.1210135900001,"SHAPE__Length":1899.8517417635062}},{"type":"Feature","id":109,"geometry":{"type":"LineString","coordinates":[[29.083158799318049,41.025391190201141],[29.083355367770217,41.025560297261805],[29.083545245570139,41.025733734406565],[29.083728267427812,41.025911349796289],[29.083904269849864,41.026092986848802],[29.084073101020984,41.026278488305124],[29.085154246821624,41.027504786147936]]},"properties":{"objectid_12":109,"objectid":111,"metin":"BİRİNCİ DERECE YOL - TÜNEL","durum_2016":"MEVCUT","durum_2025":"MEVCUT","adi":"ŞİLE OTOYOLU","shape_leng":288.87097322,"SHAPE__Length":383.30092987411842}},{"type":"Feature","id":201,"geometry":{"type":"MultiLineString","coordinates":[[[28.953092702205844,41.097072603631624],[28.952895330659835,41.097382744135302],[28.95283795077107,41.097481121217896],[28.95278931148999,41.09758215726162],[28.952749625717392,41.097685409521539],[28.952719069522988,41.097790423069831],[28.952697774060862,41.097896736888828],[28.952685836349033,41.098003884548113],[28.952683305794878,41.098111394881592],[28.95269019587311,41.098218796726151],[28.952706476939344,41.098325616213955],[28.952732074433371,41.098431386249857],[28.952766877862413,41.098535641095552],[28.952810733614577,41.098637923138952],[28.952863450348708,41.098737782217214],[28.953893713775027,41.100515847222049],[28.953967969414734,41.100652916371679],[28.954033380242148,41.100792539966662],[28.954089794441973,41.100934392388339],[28.954137079063592,41.101078141928404],[28.954175123614199,41.101223451465742],[28.954203839160545,41.101369981851398],[28.954223159227389,41.101517391231646],[28.954233037102238,41.101665335048146],[28.954233451225566,41.101813466037832],[28.954174950239324,41.103818724848665],[28.954169011476974,41.103936394687445],[28.954155222337366,41.104053687961382],[28.954133616956476,41.104170302777483],[28.954104250131529,41.104285944690801],[28.954067198219317,41.104400315196983],[28.954022553746331,41.104513125270273],[28.953970432595241,41.104624085209821],[28.953910967716677,41.104732912085552],[28.953844310027655,41.104839327030305],[28.952425974398608,41.106963111568767],[28.952322735514581,41.107112425950945],[28.952213974686501,41.107259481302783],[28.952099777254315,41.107404159188853],[28.951980235744497,41.107546345912347],[28.950956303644332,41.108727093403225],[28.950216815892318,41.109606744993464],[28.949934012766153,41.109943612060192],[28.949778119131757,41.110156528444108],[28.94968318696916,41.110329459002365],[28.949628225345116,41.110442413206826],[28.949561271212048,41.110590354514208],[28.949495319598846,41.110801269456239],[28.94927747634582,41.111520979454262],[28.948989682179914,41.112467599768138],[28.948753851959971,41.113236291238373],[28.94866691210845,41.113473196227908],[28.94855099530082,41.113794067704625],[28.948320159713841,41.11433585027612],[28.947990389071361,41.114993587116714],[28.947632641297652,41.115672316374827],[28.947294877445763,41.116307064183729],[28.946932132344163,41.11701677963287],[28.946840198757979,41.117258683737859],[28.946764251590604,41.11756156138496],[28.946709294458145,41.117911419865898],[28.946619363216751,41.118521174755301],[28.946465479113634,41.119599739561558],[28.946436502157496,41.119845639729576],[28.946341573588153,41.120404414377184],[28.946094754277315,41.121525963001169],[28.945944864083959,41.122190696018592],[28.945792975139099,41.122885415754446],[28.945629093685177,41.123625118149306],[28.945437235100059,41.124461780609472],[28.945260364007151,41.125247464416915],[28.945110472915463,41.125938187183436],[28.944959586490455,41.126696880884133],[28.944860659519797,41.127257654911396],[28.94473874915257,41.127889400031492],[28.944580865749806,41.128695075455816],[28.944512916283426,41.129054930781855],[28.944436970014355,41.12931982453771],[28.944228118897303,41.129829620517896],[28.944061235273722,41.130132499018465],[28.943839389127795,41.130412388502243],[28.943669506927769,41.130590318035459],[28.943443662380531,41.130794238096499],[28.943318748945302,41.130891200381356],[28.943147866022077,41.13100915391729],[28.942765128913809,41.131229069899767],[28.942543280971254,41.131345024786071],[28.941136243453528,41.13200577258327],[28.941072287896876,41.132035761175516],[28.940924389268485,41.132104735156304],[28.939154600360954,41.132943414692036],[28.938639953738029,41.133159332953198],[28.938367139877816,41.133227308451779],[28.938021375630015,41.133306280565087],[28.937636636176979,41.133334273287659],[28.937331843190968,41.13335426866216],[28.937067023438491,41.133365267367239],[28.936482420512835,41.133387264771805],[28.936024732468841,41.133418258149689],[28.935572039956135,41.133500228689513],[28.935104359951222,41.133654172160846],[28.934422827009794,41.133986044390447],[28.933778269623751,41.134325914866132],[28.933170685098187,41.134623800419192],[28.93194352623296,41.1352685534644],[28.931207030769183,41.135653405827263],[28.930433561546604,41.136061249021758],[28.929727045558796,41.136421111304202],[28.929366292022163,41.136566057109263],[28.929112465852096,41.136643027999042],[28.928589821528249,41.136754988386386],[28.928073172560563,41.136794978397049],[28.927488569634903,41.136803981355598],[28.926742077718629,41.136721023108691],[28.925908641459277,41.13665106079192],[28.925338028895887,41.136642069990458],[28.924966281776808,41.136665065574626],[28.924614521274478,41.136704054332668],[28.924356696703104,41.136748038776588],[28.92404191175617,41.136810017606209],[28.923262443584143,41.137022938853271],[28.921905368565891,41.1373828093908],[28.919833783452123,41.137936607549548],[28.91831981677117,41.138343460297733],[28.916806849016819,41.138771304845172],[28.914835195190232,41.139291115832762],[28.913216299894216,41.139730956480378],[28.912074079434046,41.140051838945901],[28.911744306096608,41.14014480485347],[28.911266630537526,41.140299747514405],[28.910670039594404,41.140514667373537],[28.910173379938424,41.14071759119458],[28.909446875537238,41.141027473444069],[28.908554487337366,41.141468305035076],[28.907881949226869,41.141834163969641],[28.907365303852476,41.142140046869741],[28.906468920844507,41.14275280825202],[28.905998244059809,41.143079681164252],[28.905803377915145,41.143257611517384],[28.905386665624519,41.14359847845094],[28.904850036328291,41.144062296574653],[28.904423329381821,41.144431151371421],[28.903997624056881,41.144814001724392],[28.903658858583434,41.145117882573828],[28.903269128090695,41.145465746024534],[28.902916372255021,41.145821605476385],[28.902628570902632,41.146150476242163],[28.902282811146382,41.146623287396835],[28.902037982502218,41.147028126575236],[28.901764176003645,41.147556916218839],[28.901506360415407,41.148244640169516],[28.901426419338272,41.148685463832166],[28.901338483255099,41.149023326927022],[28.901238558256171,41.149540119612126],[28.901011724663761,41.150558708793127],[28.900870830199668,41.151289414096397],[28.900705948920852,41.151895171064339],[28.900536068517454,41.152252028483325],[28.900338208287927,41.152615883971357],[28.899954474948004,41.153123681441173],[28.899572740359599,41.153561509056068],[28.898964160500707,41.154226246889948],[28.898662370582688,41.154556117793973],[28.898595417347927,41.154630087465399],[28.897457205170539,41.15588159360415],[28.896009210764085,41.157477963889484],[28.895477577897477,41.158079726707058],[28.894778063378979,41.158832429708077],[28.894336370736934,41.159315238836825],[28.89412951387984,41.159565139393088],[28.893922657921046,41.15979704818848],[28.893641851749763,41.16011292307293],[28.893425002931753,41.160433795750265],[28.893098233560611,41.161046551869056],[28.89287239350492,41.161646310503613],[28.892658546856588,41.16221208452275],[28.89259259344675,41.162387014313822],[28.892428711094539,41.162818840881016],[28.892094948338929,41.163756465139919],[28.891784171674811,41.164635113302225],[28.891583313767175,41.165157903118342],[28.891447412139417,41.165546748547946],[28.891203586015109,41.166172496412088],[28.891079672404818,41.166387411264381],[28.890875814124108,41.166721278461644],[28.890597009399286,41.167108125100135],[28.890230263201378,41.167554948657688],[28.88972261625117,41.168016767408382],[28.889292912524919,41.168429605485656],[28.888964139910719,41.168749479226939],[28.888795257535595,41.168904418533884],[28.888067759597714,41.169527174516567],[28.88763505909165,41.169888033815901],[28.886554800826502,41.170643740158198],[28.885927234175767,41.171085568150609],[28.885233711420238,41.171541391849665],[28.884364308413534,41.172112169470878],[28.88328205499014,41.172858880551367],[28.882537567215291,41.173365683402402],[28.882049903288578,41.17371054957875],[28.881084568294376,41.174434268224317],[28.880358068384737,41.174993049834605],[28.880124230628088,41.175172980209403],[28.879454692890633,41.17567478458573],[28.878867097676775,41.176137603603628],[28.878794147289192,41.176195580923469],[28.878625264914067,41.176329529121062],[28.877934741633283,41.176858323102906],[28.877564995960633,41.177201188446112],[28.877256210861518,41.177542053331635],[28.876337850570131,41.17870159486646],[28.874052439469292,41.181505486359448],[28.872317647128579,41.183664630725282],[28.872096800807554,41.183932525368277],[28.871743047841935,41.184363354710868]],[[28.871736347308218,41.184371514166266],[28.871556253060056,41.184597033566128],[28.871383606743922,41.184825854078639],[28.871218516157651,41.185057834372586],[28.871061080115908,41.185292832442379],[28.87091139653505,41.185530704931715],[28.870769558839871,41.185771305105838],[28.870635651472075,41.186014484879692],[28.870509758873215,41.186260096170045],[28.870391957400109,41.186507988191472],[28.870282319816294,41.186758008132529],[28.870180911698821,41.187010002507627],[28.870087798624677,41.187263817157515],[28.869992647273154,41.187608717648352],[28.869856283911357,41.188202964856266],[28.869628023794291,41.189005955691478],[28.869285498871388,41.190217586785977],[28.868490055958681,41.193071746406673],[28.867793567864368,41.195562745877361],[28.867672715712551,41.196019835620454],[28.867658915793175,41.196061586820278],[28.867639928103024,41.196102159143543],[28.867338975414839,41.196659358715984],[28.867079179041433,41.197075031622177],[28.86696916955508,41.197242962303136],[28.866851049180074,41.197407719049878],[28.866724976019832,41.197569080180934],[28.866591121652593,41.197726824016733],[28.866449669334706,41.197880739693908],[28.86630080861066,41.198030615674597],[28.866144741601392,41.198176251236958],[28.865981682105989,41.198317447687799],[28.865811847516675,41.198454013094135],[28.865635471395464,41.198585762958615],[28.865452791795917,41.198712518191797],[28.865264055754739,41.198834106463664],[28.865069520190072,41.198950364231145],[28.864869448308294,41.199061132682523],[28.864664113197282,41.199166261116687],[28.864453789741496,41.199265608295001],[28.864238767198451,41.19935903838531],[28.863196993658431,41.199792609765609],[28.861695534221194,41.200432919923138],[28.861433289938599,41.200549443858911],[28.861250507032793,41.200631018195757],[28.859359886634707,41.20142825548465],[28.858322401651829,41.201808447158285],[28.856653548347897,41.202596147645586],[28.856385731815639,41.202694111502268],[28.85612191278636,41.202796072348661],[28.85586109143517,41.202902033545364],[28.855604267587026,41.203013990255137],[28.855349441592058,41.203128947651756],[28.855099612925052,41.203248902246166],[28.854874768202677,41.203363857878365],[28.854654919909926,41.203483812042172],[28.8544390682219,41.203607763748657],[28.854228212065131,41.203736713934546],[28.854021355208044,41.203868663359096],[28.853818494955636,41.204005610535297],[28.853621630059425,41.204145555553282],[28.853477896020713,41.204255300743235],[28.852988206393015,41.204724548601916],[28.852448547079344,41.205164708466882],[28.852259437339011,41.2053000471087],[28.852082976776174,41.205433603930786],[28.851898844600822,41.205572802461809],[28.851730017921248,41.205702623321415],[28.851528156595453,41.205845455976991],[28.85132417075398,41.205965396805894],[28.851163711881309,41.206049559630266],[28.851028718450319,41.20612063600754],[28.850860854764736,41.206195195596443],[28.85066769272413,41.206273314079276],[28.850476954338191,41.206357173731277],[28.850235667751175,41.206445293766507],[28.8500011894957,41.206504893299098],[28.8458499622784,41.207534275294961],[28.843610492817788,41.20811206851166],[28.843406632740479,41.208163050478255],[28.843205770341285,41.208219029425273],[28.843007904721844,41.208281007581334],[28.84281303947547,41.20834798133734],[28.842622170833785,41.208420955620511],[28.84243529789849,41.208499925004226],[28.842251424437936,41.208582893103006],[28.842072546508678,41.208671859641797],[28.841886676093246,41.208769822512714],[28.841706799237379,41.208871783353757],[28.8415319188111,41.208980741404652],[28.841363035537711,41.209093698053238],[28.841199148693917,41.209211651451056],[28.841043256856114,41.209335603120714],[28.840893360374547,41.209462553116055],[28.84075045817578,41.209595502001491],[28.840609557423477,41.209729448781218],[28.84047664988055,41.209869393722187],[28.840351736445356,41.210012336899212],[28.840234818016167,41.210159279829469],[28.840125893694712,41.210309220275619],[28.840024964379293,41.21046315907347],[28.839926032917049,41.210633090899023],[28.839835098257463,41.210806022133696],[28.839753155733867,41.210980951905228],[28.839680208041234,41.21115888104341],[28.839617254106109,41.211337809189146],[28.839060652566175,41.212801222734903],[28.838485064234426,41.214296624352649],[28.837899478551847,41.215490148314018],[28.837835524791821,41.215675074680021],[28.837833526040317,41.215684070858003],[28.837759578522743,41.215869995422288],[28.837424820433817,41.21698354844154],[28.837070077524725,41.218048122597715],[28.836504482052188,41.219554518246781],[28.836197701992763,41.220298221355215],[28.835624106124268,41.221385788501401],[28.833555559112824,41.224645491665804],[28.832839061045568,41.225778042230132],[28.832446336467967,41.226306832745728],[28.832069598309179,41.226720669461038],[28.829064368967778,41.229499070363808],[28.828920150737126,41.229628282320164],[28.82877061807325,41.229754029552439],[28.828615917401535,41.229876190473128],[28.828456200537264,41.229994642819449],[28.828291624685658,41.230109271760433],[28.828122352441728,41.230219963816538],[28.82794854819717,41.23032661091289],[28.827770385326872,41.230429107676997],[28.827588036307361,41.230527353465497],[28.827401682598282,41.230621251688156],[28.827211506557699,41.230710710483692],[28.827017694136821,41.230795641368367],[28.826820437575183,41.230875960586992],[28.826619930010509,41.230951590464279],[28.826416368173867,41.231022456026437],[28.826209952389554,41.231088487028146],[28.826000885676866,41.231149619303686],[28.825789373749949,41.231205792739722]]]},"properties":{"objectid_12":201,"objectid":29,"metin":"BİRİNCİ DERECE YOL","durum_2016":"MEVCUT","durum_2025":"MEVCUT","adi":" ","shape_leng":61195.595263399999,"SHAPE__Length":26445.283548474239}},{"type":"Feature","id":327,"geometry":{"type":"LineString","coordinates":[[28.954233037102238,41.101665335048146],[28.95452559772901,41.101207089511888],[28.954587359599753,41.101115944872376],[28.954656280144967,41.101027785354134],[28.954732107836421,41.100942931833025],[28.954814565094662,41.100861694355117],[28.954903351882418,41.100784368075075],[28.954998145704465,41.100711235286624],[28.955098599811087,41.100642562037578],[28.955204347689705,41.100578599483569],[28.955315004861362,41.100519579826063],[28.955430168880788,41.100465719019901],[28.955549419336442,41.100417211357666],[28.955672321443696,41.100374235561659],[28.956287908161844,41.100175808407144],[28.957126917569219,41.099910687358708],[28.957412573744737,41.099829671993973],[28.957536497236497,41.099773127909494],[28.957685496301099,41.099711721312971],[28.957830136739915,41.099644612106871],[28.957970033175762,41.099571977632429],[28.958104819994247,41.099494009446133],[28.958234139665905,41.099410913319865],[28.958357654424216,41.099322907210215],[28.958377589837006,41.099307166218068]]},"properties":{"objectid_12":327,"objectid":44,"metin":"BİRİNCİ DERECE YOL","durum_2016":"MEVCUT","durum_2025":"MEVCUT","adi":" ","shape_leng":1101.52901236,"SHAPE__Length":598.93573832970878}},{"type":"Feature","id":587,"geometry":{"type":"LineString","coordinates":[[28.461614081434924,41.17209559190308],[28.460921443519943,41.170292455457627],[28.460844192897081,41.170081800718371],[28.460773733537774,41.169869800306394],[28.460710105866195,41.169656578633052],[28.460653347611586,41.169442260111069],[28.460603492011639,41.169226970507289],[28.460560567812436,41.169010834913855],[28.460524601065082,41.168793981129596],[28.460495611532547,41.168576534249937],[28.460473616282815,41.168358623429384],[28.46045862968894,41.168140374442956],[28.460450658937425,41.167921915772318],[28.460449709418164,41.167703375900835],[28.460455781131177,41.167484881284906],[28.460468870483151,41.167266560411242],[28.460488971185971,41.167048541092143],[28.460516070663143,41.166830951141485],[28.460550151846689,41.166613917022424],[28.460591196770338,41.166397566552241],[28.460639180281262,41.166182025521159],[28.460694074531627,41.165967420397287],[28.460755847182135,41.165753877650246],[28.460824463198495,41.165541520370063],[28.460899880359847,41.165330474353368],[28.460982056445427,41.165120862693215],[28.461070942946158,41.164912807807895],[28.461258486024658,41.164491472527743],[28.464507498371201,41.157191263422227],[28.464629928862951,41.1569242164488],[28.464758880225364,41.156658913378742],[28.46489430754265,41.156395445541207],[28.465036165899058,41.156133901561411],[28.465184406785578,41.15587437074209],[28.465338978998172,41.155616941710797],[28.465499831332977,41.155361701743601],[28.465666908094335,41.15510873744141],[28.465840151790132,41.154858135406108],[28.466019504928191,41.154609980887976],[28.466204906423041,41.154364358461983],[28.466396291596023,41.154121351351229],[28.466593597565009,41.153881042103365],[28.466796755159784,41.153643512590627],[28.467005697006673,41.153408843333253],[28.467220351240439,41.153177114852276],[28.467440644199247,41.152948406316732],[28.467666502221245,41.152722794190673],[28.46789784715298,41.152500356968041],[28.468134601739365,41.152281168408621],[28.468376684233707,41.152065304978265],[28.468624012889329,41.151852838408487],[28.468876503264543,41.15164384246048],[28.469040627263574,41.151510522230836],[28.471221622687391,41.149738814908844],[28.472445950062834,41.148744185170095],[28.47260793427488,41.148608908878202],[28.472764946311823,41.148470348202302],[28.47291686759602,41.148328605263792],[28.473063584939794,41.148183787596174],[28.473204988748673,41.148036002056877],[28.473340973021458,41.147885360239123],[28.473471436248484,41.147731975089556],[28.473596280513402,41.147575959555546],[28.473715413289739,41.147417431996857],[28.474376187063278,41.146509505918758],[28.475137312535537,41.145463655059736],[28.475860377287507,41.144470065159233],[28.476076247840176,41.144178549428929],[28.476297833474675,41.143889474513465],[28.476525085682002,41.143602904034999],[28.476757954156447,41.143318900940066],[28.476996388592443,41.143037527499459],[28.477240335090993,41.142758845308187],[28.477489740651539,41.142482915962034],[28.477744551375121,41.142209800381018],[28.478004709769621,41.141939558809199],[28.478270160139459,41.141672250138313],[28.478540843195784,41.141407933260737],[28.478816699649865,41.141146665716185],[28.47909766841623,41.140888506398063],[28.480400978366404,41.139708993676415],[28.481539506750771,41.13867856160163],[28.481842780685628,41.138407699298099],[28.482150753707735,41.138139860028943],[28.482463373714829,41.137875090512971],[28.482780585011319,41.137613436116183],[28.483102333698319,41.137354942204915],[28.483428564978599,41.13709965346915],[28.48375922135995,41.136847614599112],[28.484094246248517,41.136598867579018],[28.484433582152153,41.136353457099517],[28.484777169782021,41.136111424468474],[28.485124949849343,41.135872812347088],[28.485476863065241,41.135637661366921],[28.485832848344351,41.135406012159493],[28.488679953534501,41.133577800606844],[28.494033835372736,41.130139439856329],[28.494268441188968,41.129985291238619],[28.494498428766324,41.129827242163501],[28.494723683120434,41.129665372445373],[28.494944091961905,41.129499760545393],[28.495159546594618,41.129330490337999],[28.49536994011898,41.129157645021259],[28.495575167432168,41.128981310499995],[28.495775126126215,41.128801574709414],[28.495969718284737,41.128618526261633],[28.49615884688971,41.12843225647601],[28.49634241671971,41.128242858025608],[28.496520338841496,41.128050424937491],[28.496692522525283,41.127855051915951],[28.496858884227684,41.127656837049429],[28.497019339507105,41.127455877750343],[28.497588288390606,41.12672515385821],[28.498401471233564,41.125680715056134],[28.502184935360109,41.120820777567246],[28.502343947945192,41.120611188714321],[28.502496825036864,41.120399024245089],[28.502643493871631,41.120184386320673],[28.502783884380847,41.119967377780064],[28.502917927394272,41.119748102816736],[28.503045560928175,41.119526667655599],[28.503166721202096,41.119303177169272],[28.503281352520577,41.119077739615321],[28.503389397391373,41.118850463252578],[28.503490805508847,41.118621456341202],[28.503585527465656,41.118390829849808],[28.503673518346048,41.118158694071603],[28.503754735929228,41.117925160654778],[28.503829140689252,41.117690341925851],[28.503896696693573,41.117454350212647],[28.503957371602791,41.117217298521631],[28.504011137569169,41.116979301890815],[28.504057966744959,41.11674047332977],[28.50409783846883,41.116500928556547],[28.504130732079581,41.116260781937562],[28.50415663320419,41.116020149194171],[28.504175527469538,41.11577914604959],[28.504187407689187,41.115537887551923],[28.504192267574851,41.115296490104463],[28.504190104431675,41.115055069435499],[28.504180920056182,41.114813741274929],[28.50417448452551,41.11469111993501],[28.504039280888733,41.11211486762916],[28.503981991729773,41.111023189554885],[28.503976026916312,41.110842415060198],[28.503977129149153,41.110661586598376],[28.5039852948351,41.110480860516617],[28.504000518584213,41.110300393163783],[28.504022787820091,41.110120340890454],[28.504052081881508,41.109940860048965],[28.504088375615638,41.109762106993365],[28.504131637581388,41.109584235371962],[28.504181830947907,41.109407400188367],[28.504238911697673,41.109231754417436],[28.504302830423413,41.10905745035852],[28.504373531429536,41.108884638959083],[28.504450953630609,41.108713470491033],[28.504535030551317,41.108544092520361],[28.50462568763146,41.10837665329143],[28.504722848514291,41.10821129631185]]},"properties":{"objectid_12":587,"objectid":null,"metin":"BİRİNCİ DERECE YOL","durum_2016":"İNŞAAT","durum_2025":"MEVCUT","adi":null,"shape_leng":null,"SHAPE__Length":11092.966015925926}},{"type":"Feature","id":595,"geometry":{"type":"LineString","coordinates":[[28.475037188110583,41.169312292954054],[28.471518959656532,41.165221835199901],[28.469638029385408,41.163034728413066],[28.469509890100007,41.16289046870768],[28.469375956681059,41.162749223587319],[28.469236354892626,41.162611124271997],[28.469091214092192,41.162476299277344],[28.46894067082361,41.162344875090696],[28.468784864325769,41.162216974141991],[28.468623941024095,41.162092716156515],[28.468458050937205,41.161972216802006],[28.468287348575359,41.161855588364908],[28.468111993838615,41.161742940426571],[28.467932149322113,41.161634377834396],[28.467747983909103,41.161530001377798],[28.467559669177767,41.161429909140814],[28.467367381197935,41.16133419514955],[28.46717129963266,41.161242947342878],[28.466971605941623,41.161156251630459],[28.466768488771052,41.161074189187246],[28.466562135868831,41.160996836453535],[28.466352741271038,41.160924265134767],[28.466140499013814,41.160856544230406],[28.465925608523115,41.160793735299784],[28.465708269224962,41.160735898548729],[28.464084240955422,41.160325131571106],[28.463211132398158,41.160104283791654]]},"properties":{"objectid_12":595,"objectid":null,"metin":"ERİŞME KONTROLLÜ KARAYOLU (OTOYOL)","durum_2016":"PROJE","durum_2025":"MEVCUT","adi":null,"shape_leng":null,"SHAPE__Length":1963.6609863814335}},{"type":"Feature","id":601,"geometry":{"type":"MultiLineString","coordinates":[[[29.176234930246832,41.02513227960435],[29.176406696214009,41.024989642126393],[29.17657227817876,41.024842870299096],[29.176731501867927,41.024692117935786],[29.176884201093177,41.024537542916633],[29.177030216852714,41.024379306511172],[29.177558172914868,41.023786970293308],[29.179451912263641,41.021662193553951],[29.179623521923915,41.021463531494383],[29.179787507582432,41.021261211027443],[29.179943734491779,41.021055398168393],[29.180092074192977,41.020846264355896],[29.180232400921835,41.020633983741341],[29.180364601490616,41.02041873115563],[29.180488564508249,41.02020068482031],[29.180604187566789,41.019980027703291],[29.180633957735299,41.019920738447887],[29.18086413126392,41.019462326286074],[29.182802349795669,41.015803173184572],[29.182860778018352,41.015700565015052],[29.182927484216417,41.015600894299759],[29.183002210573335,41.015504545369026],[29.183084672323158,41.015411885609709],[29.183174551462283,41.015323271565123],[29.183271503935956,41.015239044190253],[29.183375156045013,41.015159526140032],[29.1834851107341,41.015085021769075],[29.183600946693357,41.015015819164859],[29.183722217460083,41.014952182691246],[29.183848459503587,41.014894356377333],[29.183979185038666,41.014842563239384],[29.184113895500367,41.01479700189148],[29.184252072560739,41.01475784586723],[29.184393186213786,41.014725247008755],[29.184536693877028,41.014699330043932],[29.184682044883289,41.014680193941835],[29.184711144010269,41.014677063109048],[29.190876305161378,41.014013537395115],[29.193919014911373,41.013722651729502],[29.194177193418977,41.013701168031574],[29.194436153460877,41.013686011835979],[29.194695624644172,41.013677197381476],[29.194955336575948,41.013674735515764],[29.195215017965026,41.013678626917446],[29.195474397520176,41.013688868874041],[29.195733204848477,41.013705450537394],[29.195991172251961,41.013728353601415],[29.196248026642834,41.013757555691271],[29.19658805335094,41.013800477629047],[29.196915862971153,41.013841854776224],[29.198352613165206,41.014023199083226],[29.198752155955805,41.01407704734487],[29.199150042253034,41.014137526014785],[29.199546079817395,41.014204607961915],[29.199940076409419,41.014278259274995],[29.200331844281244,41.014358444685506],[29.200721194786645,41.014445126211648],[29.201107939279403,41.01453826112531],[29.201491891808246,41.014637806018854],[29.201872865523615,41.014743710704863],[29.202250678965793,41.014855926350052],[29.202625149776811,41.014974398019319],[29.202996096496978,41.015099068064885],[29.203363340361541,41.01522987680427],[29.203726705300706,41.015366761164564],[29.204086015244673,41.01550965536066],[29.204441098615227,41.015658490895028],[29.204791782037535,41.015813194524434],[29.205137895730008,41.015973693682717],[29.205479277097538,41.016139909024709],[29.205815756358536,41.016311761882498],[29.206147174511262,41.016489168842803],[29.206473371655548,41.016672044458474],[29.206794189687923,41.016860300570855],[29.214130134131977,41.021109448073076],[29.214134203500194,41.021111805287447],[29.214366067658187,41.021246089780931],[29.214611803600786,41.021384228348744],[29.214862664432101,41.021516978548142],[29.215118444437884,41.021644231294772],[29.215378932514085,41.021765883603557],[29.215643914861637,41.021881833166518],[29.215913175884896,41.021991987840998],[29.216186492801679,41.022096254805739],[29.216463641931444,41.022194549371264],[29.216744396000472,41.022286791591362],[29.217028522345025,41.022372904229357],[29.217315791894798,41.022452816824739],[29.217605966596182,41.022526464337552],[29.21789880659902,41.022593786470416],[29.21819407384978,41.022654727668431],[29.21849152670158,41.022709237797123],[29.219192051824777,41.022863602944419],[29.220424411935497,41.023090653590131],[29.220689640421455,41.023139517197286],[29.220903209490359,41.023182167352282],[29.221114459109184,41.023230994971932],[29.221323078460884,41.023285928203435],[29.221528760321608,41.023346884348726],[29.221731201959098,41.023413775964421],[29.221930103336025,41.023486502729106],[29.222125172499972,41.023564958220661],[29.22231612109173,41.023649026527785],[29.222502668836874,41.023738582928004],[29.227040548918797,41.026010579992345],[29.227238299553878,41.026105613729527],[29.227440595664273,41.026194993298404],[29.227647154280728,41.026278594703498],[29.227857688840601,41.026356300047738],[29.228071906493142,41.026428002276148],[29.228289506302719,41.026493602464882],[29.228510188232043,41.0265530071105],[29.228733644158972,41.026606134906423],[29.228959561469775,41.026652911999456],[29.229187626652436,41.026693270633821],[29.229417520804994,41.026727158638963],[29.229648925923868,41.026754525875781],[29.229881518615535,41.026775335079321],[29.230114974588219,41.026789557115052],[29.230349329774491,41.026800505898294],[29.23749000922184,41.027133862134399],[29.237976811664197,41.027156571454526],[29.238409761901924,41.027173222917874],[29.238843084042148,41.027182800675604],[29.239276581353845,41.027185302697731],[29.239710046326209,41.027180726951947],[29.240143280431553,41.02716907546985],[29.240576083345552,41.027150352313839],[29.241008252947271,41.027124568320872]],[[29.242944370319584,41.026993121100865],[29.241008252947271,41.027124568320872]],[[29.241008252947271,41.027124568320872],[29.243511797457,41.026956462159013],[29.243737430900154,41.026944537528223],[29.243963496432979,41.026939034685817],[29.244189676950167,41.026939963798753],[29.244415650854826,41.026947320800673],[29.244641100143376,41.026961096879383],[29.24486570950711,41.026981272377917],[29.24508915824752,41.027007819505108],[29.245311135547489,41.027040698947289],[29.245531326098366,41.027079866645245],[29.245749419083051,41.02712526566188],[29.245965109972634,41.027176832959476],[29.246053405381907,41.027199331504001],[29.249116132291395,41.027979692616597],[29.249329038403605,41.028030322015297],[29.249544479561564,41.028074373829959],[29.249762100930742,41.028111776239776],[29.249981547676548,41.028142466909777],[29.250202454184681,41.028166396378985],[29.250424462027382,41.028183525349384],[29.250647204691944,41.028193825363921],[29.250870313869196,41.028197279483841],[29.25109342574136,41.028193882288804],[29.251316171999214,41.028183637843782],[29.251469376975955,41.028174228295619],[29.253679435594169,41.028038467713337],[29.257692558514634,41.027862767086972],[29.257943725671453,41.027852627630992],[29.258195199153782,41.027848854983063],[29.258446699585559,41.027851455921223],[29.258697943997497,41.027860425700901],[29.258948651216873,41.027875753476586],[29.259198541867647,41.02789742365723],[29.259447335675468,41.027925411162393],[29.259694753264306,41.02795968481076],[29.259940518851312,41.02800020799792],[29.260184358450346,41.028046931919363],[29.260425995380292,41.028099807091451],[29.260665164638176,41.028158773186071],[29.260901594034447,41.028223763774527],[29.261135023057648,41.02829470768301],[29.264086154055985,41.029235271919767],[29.26424433839437,41.029289309689773],[29.264398689621412,41.029349367115394],[29.264548808885198,41.029415288995089],[29.264694310808398,41.029486905217546],[29.264834815403649,41.029564029406878],[29.264969961548278,41.029646464344111],[29.265099398899252,41.02973399383535],[29.266025537702671,41.030393081800341],[29.267721945031273,41.031655434188657],[29.267941508558078,41.031823379273106],[29.268154875506035,41.031995843774347],[29.268361885076729,41.032172694840135],[29.268562379166681,41.032353800974086],[29.268756205960607,41.032539021193593],[29.268943218134755,41.032728217227252],[29.269123272857041,41.032921244028365],[29.269296234481853,41.033117955873522],[29.272207416501196,41.036421357180323],[29.272328746556735,41.036564741670489],[29.272442935904078,41.036711449424388],[29.272549827338036,41.036861277143416],[29.272649271738317,41.037014017464941],[29.27274113076431,41.037169456251888],[29.272825275956997,41.037327378691351],[29.272901592331948,41.03748756658414],[29.272969971193074,41.037649795634906],[29.273030321810477,41.037813841550168],[29.273082555251005,41.037979476650762],[29.27312660144602,41.038146469194082],[29.273162399310085,41.038314590150215],[29.273189899435863,41.038483602360536],[29.273292447515455,41.039227913452073],[29.27342221454813,41.040169754522282],[29.273447481462121,41.040320373203606],[29.273481628222694,41.040469983344863],[29.273524587456219,41.04061828683124],[29.273576272026091,41.04076498622814],[29.273636579524364,41.040909786136162],[29.273705387780204,41.041052395901147],[29.273782560249614,41.041192531646665],[29.273867941524109,41.041329910176096],[29.273961360025464,41.041464257780305],[29.274062628904051,41.041595302784721],[29.2741715451407,41.041722785034473],[29.274287890444715,41.041846447763973],[29.274411430355837,41.041966042339268],[29.274541920532346,41.042081330290529],[29.274679095971152,41.042192079246583],[29.27482268178785,41.042298067677443],[29.274972392318151,41.04239908218382],[29.275127926626467,41.042494922239825],[29.275288971200716,41.042585393417291],[29.275455204444036,41.042670316193352],[29.275626293081466,41.042749517820106],[29.275801893956579,41.042822841809574],[29.275981654929755,41.042890140480743],[29.281016374330701,41.044666730048533]],[[29.085154246821624,41.027504786147936],[29.086222333812962,41.028716218789754],[29.086375389669392,41.028883543171581],[29.086535915017382,41.029046805862258],[29.086703719414153,41.029205815790043],[29.086878607026915,41.029360385950199],[29.087060375734765,41.029510336793095],[29.087248809043718,41.029655492835907],[29.087443689561475,41.029795682662112],[29.08764478731927,41.029930742987638],[29.087851868755202,41.030060515949792],[29.088064689527492,41.030184850462355],[29.088283003497732,41.030303600182606],[29.088506551951124,41.030416624866376],[29.088735076172874,41.030523795111392],[29.088968306668413,41.030624983547618],[29.089205971248159,41.030720071613707],[29.089447792332784,41.030808949556793],[29.089693485156225,41.03089151168875],[29.089942765850935,41.030967662484876],[29.090195339769483,41.031037312517839],[29.090450910467837,41.031100380490727],[29.0907091824002,41.031156791881294],[29.090969850139459,41.031206481652589],[29.09123261005502,41.031249390864659],[29.091497154923051,41.031285470062748],[29.091763174824749,41.031314676566325],[29.092030357146452,41.031336975147127],[29.092298391969337,41.031352341416905],[29.092566963086497,41.031360757084151],[29.092835756985789,41.031362211309144],[29.093104460155253,41.031356704092403],[29.093372757286225,41.031344239498104],[29.093640333968324,41.031324834463305],[29.093906877587862,41.031298509311263],[29.094172076429409,41.031265297915972],[29.094435619675874,41.031225236182237],[29.094697198306822,41.031178372888057],[29.095028561662318,41.031114455898198],[29.097582114485601,41.030621859571603],[29.100998169457547,41.029976713338037],[29.102187399654863,41.029745358212935],[29.104329256380037,41.029328421159271],[29.104855343048065,41.02922600618713],[29.105133620461856,41.029175383806759],[29.105413879559148,41.029131477071914],[29.105695837370611,41.029094328011411],[29.105979210028671,41.029063975941426],[29.106263710970758,41.029040450011095],[29.106549056329175,41.029023775979162],[29.106834955948102,41.029013969437244],[29.107121122366706,41.029011039875698],[29.107407268124039,41.029014989328509],[29.10769310306431,41.029025816439066],[29.107978340624914,41.029043509005987],[29.10826269334494,41.029068049404295],[29.108545874661857,41.029099411875002],[29.108827598013043,41.029137565235708],[29.109107580429228,41.029182471525161],[29.109385540737673,41.029234086003612],[29.109661195969135,41.029292355797395],[29.109934270340776,41.029357222609597],[29.110204488069844,41.02942862068732],[29.110471578763381,41.029506478176941],[29.110735269333532,41.029590716446648],[29.11182583576657,41.029954647411223],[29.113088576900196,41.030376017104295],[29.113352545049818,41.030460229865966],[29.113620003154299,41.03053787199741],[29.113890667346027,41.030608861525849],[29.114164246570866,41.030673121220566],[29.114440450672951,41.030730583336215],[29.114718985903213,41.030781186901926],[29.114999554020965,41.030824878399322],[29.115281855887186,41.030861609728944],[29.115565592362938,41.030891342954085],[29.115850458919336,41.030914046234741],[29.116136151925769,41.030929694505147],[29.116422367751714,41.030938271506848],[29.116708800969917,41.030939768433065],[29.116995147051572,41.03093418392902],[29.117281097874503,41.030921522058819],[29.117566350706451,41.030901799081974],[29.117850601916874,41.030875034643913],[29.118133547875185,41.03084125719743],[29.118414884950788,41.030800503324791],[29.118694316699713,41.030752815705057],[29.118971542186273,41.03069824582461],[29.119246267661406,41.030636850589126],[29.119518198477703,41.030568697744791],[29.119787047174228,41.030493857746571],[29.12005252629017,41.030412411890175],[29.120314351957816,41.030324445535577],[29.120572243902846,41.030230054883894],[29.12082593083402,41.030129338167768],[29.121075137866878,41.030022403783427],[29.121319603591687,41.029909364869759],[29.121559063903693,41.029790343374188],[29.121793267274693,41.029665465987108],[29.122021960379698,41.029534864141844],[29.122920377173457,41.029004147307454],[29.124019048206971,41.028409728179312],[29.124209448826399,41.02831091091479],[29.124404801857967,41.028217804284857],[29.124604810857647,41.028130549948237],[29.124809168601644,41.028049280753237],[29.125017564272834,41.027974121415042],[29.125229678969301,41.027905185804833],[29.125445188399201,41.027842581015655],[29.125663762880869,41.027786400585597],[29.125885070935965,41.027736731274359],[29.126108771204631,41.027693649674809],[29.126334524123735,41.027657220179663],[29.126561984740221,41.027627499725362],[29.126790804507678,41.02760453237039],[29.127020634879877,41.027588354716734],[29.127251124615476,41.027578990488244],[29.127481920676583,41.027576453919295],[29.127712672720264,41.0275807497543],[29.127943025911936,41.027591869859869],[29.128172629908661,41.027609800001159],[29.128401133469179,41.027634509676858],[29.128628187148813,41.027665962284466],[29.12885344509618,41.027704111054277],[29.129076561459939,41.027748896338707],[29.129297197575173,41.027800249678343],[29.129515015675381,41.027858093802273],[29.129729681587243,41.027922339239673],[29.129940869222338,41.027992887708315],[29.130148255187155,41.028069632114722],[29.130351522376376,41.028152454521425],[29.130550360871243,41.028241229535261],[29.130744467939532,41.028335821597068],[29.130933544442204,41.028436084304005],[29.131117303816726,41.028541866509066],[29.131120384139837,41.028543712491604],[29.132481044334408,41.029359224432255],[29.139126883214271,41.033626618219699],[29.139293881822212,41.03373003600057],[29.139465622636532,41.033828899341408],[29.139641890061597,41.033923083580937],[29.139822463111777,41.034012470833979],[29.140007113615088,41.034096947280382],[29.140195607111149,41.03417640655352],[29.140387708241384,41.034250749739776],[29.140396342847918,41.034253946048381],[29.143632776085543,41.035451982315976],[29.143780045893234,41.03550964963955],[29.14392372872798,41.035572290505023],[29.144063531738997,41.035639778864585],[29.144199168363738,41.035711975795266],[29.144343934566717,41.035792790349561],[29.145171347622096,41.036254678052074],[29.145330132035117,41.036339118419164],[29.1454938778434,41.036417941437016],[29.145662237399016,41.036490979760707],[29.145834853172442,41.036558080273934],[29.146011361345963,41.036619100023273],[29.146191388220476,41.03667391096112],[29.146374552910284,41.036722395880133],[29.146560467343178,41.036764451800714],[29.146748741650313,41.036799992003935],[29.146938972488119,41.036828939255159],[29.147130761903,41.036851232580311],[29.14732370116139,41.03686682658774],[29.147517384224852,41.036875686047566],[29.147711399664963,41.036877793345269],[29.147905338748295,41.03687314441602],[29.148098790046404,41.036861747389416],[29.148291344825871,41.036843628687834],[29.148482595251554,41.036818825573164],[29.148672136183229,41.036787388856922],[29.14936149973903,41.036660409305782],[29.149539809933021,41.036627564481343],[29.149719508922463,41.036597743049676],[29.149900822184453,41.036574179833529],[29.150083369731661,41.036556922948535],[29.150266768881743,41.036546008989632],[29.150450635155789,41.036541460320429],[29.15063458407483,41.036543285750952],[29.150818229363317,41.036551483247877],[29.151655987417506,41.036603467334551],[29.153312254425977,41.036727964308632],[29.153489030297457,41.036738053611437],[29.153666238258619,41.036741791192931],[29.153843482152386,41.036739167567916],[29.15402036222844,41.036730187478867],[29.15419648143148,41.036714873283465],[29.154371444502726,41.036693256824186],[29.154544858878438,41.036665390269064],[29.154716335588081,41.036631332560638],[29.154885488356094,41.036591161612193],[29.155051936296754,41.036544968209704],[29.155215307507582,41.036492855334409],[29.155375234577612,41.036434940195825],[29.155531358180728,41.036371352876344],[29.15629310079559,41.03604324667112],[29.156502555580492,41.035957071953412],[29.15671628454951,41.035877141188593],[29.156933963410868,41.035803575689563],[29.15715526158446,41.035736486604044],[29.157379843100454,41.035675975591829],[29.157607368395592,41.035622135502251],[29.157837488923619,41.035575047663954],[29.158069857934812,41.035534783917058],[29.158304122391215,41.035501403903147],[29.159887918712439,41.035299827207773],[29.160238111654596,41.035255253728849],[29.160438804272239,41.03522605981501],[29.160637489155199,41.035189832348131],[29.160833733315549,41.035146648563632],[29.161027112748425,41.035096603312574],[29.161217211533931,41.035039804318842],[29.161403615548636,41.034976373534199],[29.161585925042274,41.034906449849132],[29.161763741162869,41.034830182316881],[29.16193668392307,41.034747738284977],[29.162104376030406,41.034659293908959],[29.162266456362175,41.034565042283958],[29.162422573677084,41.034465186668676],[29.162572392005238,41.034359943196385],[29.162715584359834,41.034249538164623],[29.163411034899966,41.033687772822326],[29.164568344361978,41.032790073333651],[29.16472914728941,41.032669779711213],[29.164895598823357,41.032553975860083],[29.165067480673187,41.032442814271313],[29.165244570056728,41.03233643998233],[29.165426628920411,41.032234993964416],[29.165613423702258,41.03213860973478],[29.165804704670638,41.032047411323326],[29.166000224788867,41.03196152140405],[29.166199724443796,41.03188105113059],[29.166402942225673,41.031806106912327],[29.166609612233206,41.031736785670674],[29.166819463175155,41.031673180260228],[29.167032219268748,41.031615372692315],[29.168095510154785,41.031342823220747],[29.169340019979714,41.031007325918232],[29.169514922863854,41.030956796390001],[29.169686654695035,41.03090037330805],[29.16985486872359,41.030838169147167],[29.17001922538627,41.030770310611544],[29.170179395001444,41.030696933891655],[29.170335051480603,41.030618186697232],[29.170485884905013,41.030534228257459],[29.17063158984746,41.030445227965785],[29.170771871660559,41.030351364025073],[29.170906447374932,41.030252827513486],[29.171035048394373,41.030149815608169],[29.1711574124108,41.030042536329169],[29.171273294184147,41.029931206506554],[29.171382461050751,41.02981605042531],[29.171484691126704,41.029697299148062],[29.171748979974858,41.029374692135676],[29.172913307075866,41.027953401366382],[29.173028496248111,41.027819024830968],[29.173150872840967,41.027688342745179],[29.173280230241865,41.027561574700435],[29.17341634926192,41.02743893622317],[29.174092858824313,41.02685421969715],[29.176229939207126,41.025136291638987]]]},"properties":{"objectid_12":601,"objectid":76,"metin":"BİRİNCİ DERECE YOL","durum_2016":"MEVCUT","durum_2025":"MEVCUT","adi":"ŞİLE OTOYOLU","shape_leng":58904.754043200002,"SHAPE__Length":26297.514111065258}},{"type":"Feature","id":602,"geometry":{"type":"MultiLineString","coordinates":[[[29.281016374330701,41.044666730048533],[29.2811158546636,41.044704751080928],[29.281211993263604,41.044747382524463],[29.281304415533313,41.044794457026072],[29.281392760349927,41.04484579164972],[29.281476682760399,41.044901185843884],[29.281555856676277,41.044960423474471],[29.28162997217877,41.045023274179748],[29.281698740908737,41.045089491338217],[29.282146077665715,41.045548881584217],[29.282315306790519,41.045722667828969],[29.282426266694401,41.045840558911792],[29.282532159201782,41.045961071685923],[29.282632874718157,41.046084082155744],[29.282728311733958,41.046209463616329],[29.282818369637837,41.046337087330905],[29.282902957699928,41.046466823208668],[29.282981988783668,41.046598535739477],[29.283055381142397,41.046732091446728],[29.283123059317592,41.046867352789782],[29.283184954138967,41.047004179519028],[29.283241001826173,41.047142432740927],[29.28329114488702,41.047281968820528],[29.283341685003219,41.047432037371578],[29.283879055409553,41.049027616637154],[29.283889205473926,41.04905775219914],[29.283940358241182,41.049199283404114],[29.283998278915732,41.049339323893953],[29.284062892039195,41.049477688054786],[29.284134112271541,41.049614195693678],[29.284211846188011,41.049748666619131],[29.284295991380695,41.049880924028209],[29.284386437356758,41.05001079450637],[29.284483065538605,41.050138107350044],[29.284585748365462,41.050262695244001],[29.284694351988389,41.050384394261194],[29.284808732676879,41.050503045217397],[29.284928740412322,41.050618491639092],[29.28505421709119,41.050730581795406],[29.285184999220156,41.050839168698261],[29.285320913424304,41.050944109424428],[29.285461781837274,41.051045266470723],[29.285607419406077,41.051142506398776],[29.285757634789576,41.051235701867199],[29.285912230358399,41.051324730276747],[29.286071003093287,41.05140947512502],[29.286233744585122,41.051489824651448],[29.286400240136487,41.051565673191931],[29.286570272355164,41.051636921179103],[29.286743616662271,41.051703475141821],[29.286920044885751,41.051765247027866],[29.287099327056904,41.051822156913474],[29.287988505576276,41.052089576760729],[29.290870647757416,41.05295631701371],[29.291055795927385,41.05301542071485],[29.291237510736316,41.053080342053626],[29.29141547597726,41.0531509672062],[29.291589378138163,41.053227171509057],[29.291758912690149,41.053308821491328],[29.291923781392573,41.053395774875085],[29.292083694089541,41.053487878543081],[29.292238373201691,41.05358496989394],[29.292387543844509,41.053686880229343],[29.292530947303188,41.053793430012327],[29.292668330252855,41.053904431577088],[29.292799452843319,41.054019691838882],[29.294466282242897,41.055548457026156],[29.294874007787424,41.055922303742996],[29.295774401773098,41.056745962751144],[29.296731757930949,41.057630598166455],[29.297783050019753,41.058573208836535],[29.298140345940855,41.058899937409052],[29.300187069280824,41.060731811542922],[29.300780025640321,41.061262499470189],[29.300953351082793,41.061426147179148],[29.30113257935502,41.061586108433339],[29.301317575709678,41.061742263371876],[29.303217039123449,41.063301673044954],[29.303569621584256,41.063597185860083],[29.303702667467736,41.06371357853547],[29.303829054140003,41.063834146622],[29.303948552530656,41.063958672680435],[29.304060948840693,41.064086932499599],[29.304166038254206,41.064218693064262],[29.304263632125004,41.064353715942133],[29.304353551688298,41.064491757283939],[29.304435636145708,41.06463256782348],[29.304509734580222,41.064775892200771],[29.304575715837863,41.064921471671148],[29.30463345954432,41.065069042750963],[29.304682860596735,41.065218338572258],[29.304723830061892,41.065369088882825],[29.304756293379636,41.065521022078208],[29.304780192159448,41.065673861815455],[29.304795483282206,41.065827331754129],[29.304798615707618,41.065871195045851],[29.304806153471162,41.065976740315513],[29.304816148126999,41.066232636856505],[29.304810153669138,41.066448549677347],[29.304819148500073,41.066620480502365],[29.304820147426646,41.066872377915963],[29.304823146003091,41.06702131745886],[29.304824148522954,41.067286210914524],[29.304840139433317,41.067856979552388],[29.304856131242012,41.068493721468933],[29.30486012964333,41.068875566170654],[29.304866059422501,41.068967862853775]],[[29.304866296577767,41.068964784719512],[29.304875680379219,41.069146834611701],[29.304915044554956,41.069384600947238],[29.304963283187394,41.069586921830684],[29.305026188613475,41.069831261979409],[29.305055424284408,41.069924828514388],[29.30512650797283,41.070110134653788],[29.305278263068729,41.070404368037742],[29.30541117510321,41.070673258478031],[29.305563074827877,41.070939149013512],[29.305692988285941,41.071150062609398],[29.305863872107501,41.071365973505024],[29.306046750234739,41.071578886270174],[29.306240619249461,41.07179379820051],[29.306400512183497,41.071954731113422],[29.306513435804625,41.072060687175146],[29.306569477203624,41.07211006366007],[29.307116143376522,41.072568881919146],[29.308351243348852,41.073475360587558],[29.308506269210682,41.073584977225813],[29.308666572674824,41.073690156610652],[29.308831933653995,41.073790752486488],[29.309002123976157,41.073886626724303],[29.309176905587719,41.07397764661237],[29.309356040435155,41.074063684856405],[29.309539276990201,41.074144623642425],[29.309726365521161,41.07422035192797],[29.309917043719999,41.074290762733135],[29.311140210472086,41.074748151784185],[29.31250479810107,41.075240830910872],[29.312688630239119,41.075310953493641],[29.312868260058284,41.075387058985463],[29.313043347995357,41.075469001092557],[29.313213561673713,41.075556627425378],[29.313378581293083,41.075649770695712],[29.313538092443157,41.075748255488492],[29.313691796883223,41.075851894199239],[29.313839399965868,41.07596049245133],[29.313980625009989,41.07607384367904],[29.314115203419355,41.076191733868008],[29.314242881868974,41.076313940878237],[29.314363417813816,41.076440233090047],[29.314476585776688,41.076570370758553],[29.314582169263609,41.076704109399735],[29.314679967950273,41.076841195050605],[29.314769797682025,41.076981369009495],[29.314851490473966,41.077124365127553],[29.314924890019203,41.077269913872037],[29.31498985618056,41.077417740294834],[29.315325111037854,41.078239853645606],[29.316174981975337,41.080505555113191],[29.316224399197431,41.080623851761828],[29.316282308193916,41.08073992245162],[29.316348538284856,41.080853417115634],[29.31642288914599,41.08096399381472],[29.316505137096772,41.081071322122938],[29.316595035100498,41.081175077710142],[29.316692313662614,41.081274949790476],[29.316796679932331,41.08137063705896],[29.316907819499292,41.081461853785584],[29.317025399986811,41.081548323720988],[29.317149065662107,41.081629787544252],[29.317278446419195,41.081706001508614],[29.317413153287642,41.081776735409782],[29.317552782025487,41.081841776648353],[29.31769691042463,41.081900928875164],[29.317845108191985,41.081954016731189],[29.317996927966608,41.082000879752982],[29.318151913404236,41.082041375080969],[29.318309599177635,41.082075382876305],[29.318469511874646,41.082102800903648],[29.318631169998206,41.082123545885302],[29.318794088458137,41.082137556886551],[29.318957775875944,41.082144789221807],[29.319121741771486,41.082145223933821],[29.320572919807354,41.082118949582849],[29.325054129669546,41.082055356983531],[29.32526088052548,41.082054668350011],[29.325467500227337,41.082060268829402],[29.325673656398529,41.082072148940483],[29.325879014865727,41.082090289720348],[29.32608324325231,41.082114662047601],[29.326286011876544,41.082145225288031],[29.326486992853386,41.082181932034523],[29.326685862789319,41.082224721335848],[29.326882296494158,41.082273524791098],[29.327075981354277,41.082328264518061],[29.327266601162592,41.082388849767931],[29.327453847797045,41.082455183696652],[29.327637420322006,41.082527159302302],[29.331652310228659,41.084179519366145]],[[29.331654010739502,41.084180030577024],[29.340036744916144,41.087660678665031],[29.340283047695682,41.08775898431989],[29.340533485420487,41.087851116370175],[29.340787788595939,41.087936973959586],[29.341045683235926,41.088016465709522],[29.341306889964343,41.088089504302317],[29.341571126710228,41.088156011220541],[29.34183810960592,41.088215916069942],[29.342107548495598,41.088269151839789],[29.342379153223451,41.088315663027501],[29.342652633633605,41.088355398868096],[29.342927688790439,41.088388315365108],[29.343204027639832,41.088414379353047],[29.343481347449519,41.088433561049506],[29.343759350877122,41.088445838794755],[29.344037736987033,41.088451201759732],[29.34431620574194,41.08844964249851],[29.344594458002913,41.088441163041814],[29.344872191037595,41.088425771511595],[29.345149104808758,41.088403486860585],[29.345424901974027,41.088374332101722],[29.345699285191035,41.08833833837059],[29.345971956219145,41.088295544248147],[29.346242622207491,41.088245996438246],[29.346510991203701,41.088189749090311],[29.350261038899951,41.087353275011118],[29.350493959476726,41.087305052190494],[29.350729201300169,41.087263780122811],[29.350966403247583,41.087229519757308],[29.351205196111348,41.087202327301782],[29.351445216073788,41.087182242712117],[29.351686092130695,41.087169295108808],[29.351927455074495,41.087163508193456],[29.352168931206027,41.087164888738769],[29.352410150419391,41.087173434035975],[29.352650740812049,41.08718913257205],[29.352890332278104,41.087211958613253],[29.353128555609981,41.087241877621665],[29.35336504609166,41.087278844901107],[29.353599436312219,41.087322802211702],[29.35383136784386,41.087373681155682],[29.354060484055395,41.08743140520837],[29.354286430112275,41.087495882947735],[29.354508860163147,41.087567018210656],[29.354727431051558,41.087644699936774],[29.354941806807584,41.08772880961677],[29.355151656851238,41.087819215198607],[29.356347625311479,41.088358220843766],[29.359623294265795,41.089853334309645],[29.35983464180098,41.089945610341161],[29.360050562659314,41.090031612111467],[29.360270733447255,41.090111211007653],[29.360494820889802,41.090184285186076],[29.360722487220492,41.090250726342433],[29.360953390181116,41.090310433618214],[29.361187181225382,41.090363317663034],[29.361423510010315,41.090409297248875],[29.361662019006467,41.090448305363708],[29.361902348887671,41.090480281086819],[29.362144137632928,41.090505177712963],[29.36238702232281,41.090522957336276],[29.362630635546406,41.090533592881066],[29.362874609892735,41.090537068779007],[29.363118579747475,41.090533378937948],[29.363362176801392,41.090522530127053],[29.363605033643491,41.090504537237514],[29.363846783761204,41.090479429376018],[29.364087064235068,41.090447243094324],[29.364325514840711,41.090408026451605],[29.364561771760442,41.090361839014577],[29.364795482854664,41.090308751180345],[29.365026294187121,41.090248840791631],[29.365253859906467,41.090182200584003],[29.369184694451981,41.088964126274128],[29.369374901933636,41.088909396136998],[29.369568109788297,41.088861055297215],[29.369763943418569,41.088819197202099],[29.369962023735315,41.088783904464634],[29.37016196536139,41.088755242769466],[29.370363381122822,41.088733271028971],[29.370565879354167,41.088718029873085],[29.370769069288272,41.088709549096897],[29.370972554768123,41.088707844952303],[29.371175942331593,41.088712922179177],[29.371378836719984,41.088724768589024],[29.371580846267804,41.088743363189479],[29.371781577512987,41.088768669413973],[29.371980640586699,41.088800636475781],[29.372177650111642,41.088839205461554],[29.372372225202184,41.088884299852879],[29.372563986769276,41.088935832296585],[29.372752563808668,41.088993701896946],[29.37293758980773,41.089057797601065],[29.373118707236987,41.089127995490507],[29.373295562160251,41.089204159459001],[29.373467815014287,41.089286139181169],[29.373635129829207,41.089373778914386],[29.373797181414908,41.0894669073434],[29.373962277391062,41.08956641814423],[29.374121310637381,41.08967142909971],[29.374521119329323,41.089947617768111],[29.375965440524606,41.090998919468603],[29.376092238625279,41.09108693808475],[29.376224396074928,41.091170320291866],[29.376361618226152,41.091248881956133],[29.376503596956802,41.09132244503671],[29.376650016059909,41.091390846387128],[29.376800547650394,41.091453932338638],[29.376954855758306,41.091511561408382],[29.377112591837346,41.091563604976024],[29.377273406442903,41.09160994660671],[29.378722877679682,41.091998183506512],[29.378900818666104,41.092049014146795],[29.379075814975042,41.092105392240725],[29.379247566569163,41.092167220960228],[29.379415774309464,41.092234393321299],[29.379580149836787,41.092306792860612],[29.379740408385175,41.092384294989898],[29.379896273273495,41.092466767673187],[29.380047477702099,41.092554066010663],[29.380193755769692,41.092646039686166],[29.380334860439607,41.092742531613276],[29.38047054557336,41.092843373196146],[29.381364729505492,41.093536123355456],[29.383054102127126,41.094785574724249],[29.383149313665786,41.094852724775357],[29.38327612703781,41.094937682973963],[29.3834085108629,41.095017629314285],[29.38354612378129,41.095092353271447],[29.383688604670187,41.09516166056779],[29.383835578033832,41.095225369788054],[29.383986665681451,41.09528331508691],[29.384141466964476,41.095335344157888],[29.384299581234263,41.095381322294962],[29.384460595265775,41.095421127653672],[29.384624087749181,41.09545465734351],[29.384789631086356,41.095481824043169],[29.38495679228938,41.095502556000348],[29.385125136573642,41.095516799739279],[29.385294222866303,41.09552451803021],[29.385463609196272,41.095525689888888],[29.385632853592419,41.095520312607697],[29.385801513185331,41.09550840107876],[29.38596914869882,41.095489984408772],[29.386135321755031,41.095465114043044],[29.391973984826219,41.094473128300848],[29.392173714449875,41.094438114814366],[29.392555914365616,41.094374569340502],[29.392939925284935,41.094317617747286],[29.393325549578549,41.094267289839706],[29.393712586023756,41.094223611358856],[29.394100836991214,41.094186603981989],[29.394490100360034,41.094156288707254],[29.394880172212602,41.094132678406837],[29.395270854919538,41.094115787982055],[29.395661943665022,41.094105625561916],[29.396558801881753,41.094089127112234],[29.39673814513834,41.094089212414019],[29.396917260222832,41.094096067022789],[29.397095700672544,41.094109671980391],[29.39727302182143,41.094129994109799],[29.397448781698333,41.094156983306938],[29.397622544620386,41.09419057186377],[29.397793874006311,41.094230675145674],[29.397962346749654,41.094277194299139],[29.398127543337122,41.094330013544273],[29.398289050543738,41.094389001528732],[29.398446468619177,41.094454010651134],[29.398599402304733,41.094524879768997],[29.398747474307964,41.094601432168169],[29.398890313624666,41.094683476916948],[29.399027564521958,41.094770810220339],[29.39915888564008,41.094863214066294],[29.399283950890585,41.094960459611002],[29.399402448558039,41.095062303117153],[29.399514083096708,41.095168491370089],[29.399618576028878,41.095278761001126],[29.399715668639729,41.095392835779784],[29.399805116587515,41.095510434061104],[29.399886699784975,41.095631260661683],[29.399960214314575,41.09575501566097],[29.400025476021639,41.095881390339663],[29.400082323209464,41.096010071241494],[29.400130613944196,41.096140737465625],[29.400170227851568,41.096273062697847],[29.400869429756341,41.098929748857877],[29.400920915798554,41.099090004721958],[29.400980677121126,41.099248608448562],[29.401048621197656,41.099405315673096],[29.401124644721818,41.099559885417762],[29.401208630014356,41.099712078060648],[29.401300445921258,41.099861660074374],[29.401399953203569,41.100008401318043],[29.401506999147792,41.100152074360253],[29.401621416667197,41.100292458540473],[29.401743030590382,41.100429338615065],[29.401871653169394,41.100562502049364],[29.402007085876559,41.100691743079118],[29.402149121201067,41.100816864064285],[29.402297539055674,41.100937672103832],[29.402452112166635,41.101053979713029],[29.402612600683717,41.101165609561178],[29.404895550400674,41.1026792388272],[29.405034260162022,41.10276617363094],[29.405178494562353,41.102847803390553],[29.405241349682797,41.102879827230893]],[[29.405251759360294,41.102885131480463],[29.405405681192661,41.102959217640951],[29.405564496148376,41.103027139132308],[29.405727773934409,41.103088710501595],[29.405895068986396,41.103143764571065],[29.40606592945176,41.10319215176122],[29.406239890003146,41.103233741444285],[29.406416479025069,41.103268419913285],[29.406595215918848,41.103296092412748],[29.406775616492528,41.103316685169005],[29.406957191164274,41.103330141328904],[29.407139444064065,41.103336424343986],[29.407321883813413,41.103335517970692],[29.407504012745704,41.103327424239453],[29.407685336787495,41.103312164808465],[29.407865364560305,41.103289781640733],[29.411590001612133,41.102750881577869],[29.411736831245342,41.102733251476479],[29.41188483767155,41.102722668674978],[29.412033432494262,41.102719175822102],[29.412182023723709,41.102722786457193],[29.412330015776902,41.102733487040929],[29.412476820257261,41.102751234247556],[29.412621849666625,41.102775956996012],[29.412764526388251,41.10280755644974],[29.41290428178856,41.102845908047669],[29.413040556217176,41.102890857443079],[29.413172807091627,41.102942225242003],[29.413300506202521,41.102999807003556],[29.413423145103426,41.103063371886499],[29.413540232415869,41.103132668064688],[29.413651301914228,41.103207417312277],[29.413755912525687,41.103287322449916],[29.413853642042081,41.103372063960727],[29.41394410418782,41.103461304051905],[29.414026936941848,41.103554685978452],[29.416296506252671,41.106296573446514],[29.416388425465801,41.106404179858657],[29.416487756678357,41.106507948916146],[29.416594221412559,41.106607590260118],[29.416707518732817,41.106702821655247],[29.416827333330481,41.106793377111821],[29.416953323845696,41.106879002147323],[29.417085139935555,41.106959454463087],[29.417222408799152,41.107034508005214],[29.41736474505932,41.107103952287432],[29.417511747169044,41.107167592390795],[29.417663004598246,41.107225248286646],[29.417818090647213,41.107276759574276],[29.417976567836394,41.107321978712314],[29.418137992397977,41.10736078117111],[29.418301908886217,41.107393056633697],[29.418467857363584,41.107418713733487],[29.418635370706198,41.107437681407795],[29.418803977298477,41.107449905513604],[29.418973205524988,41.107455353565328],[29.421847276343311,41.107454988737452],[29.422002399223189,41.107457195980054],[29.422157120556172,41.107465924774395],[29.422310958845205,41.10748114736657],[29.422463441576483,41.107502816371905],[29.422614095337838,41.10753086545165],[29.42276245210698,41.107565209313421],[29.422908056438121,41.107605737619267],[29.423050454682016,41.107652328523194],[29.423189207562494,41.107704836487805],[29.423323885684837,41.107763099053081],[29.423454072230754,41.107826936159817],[29.423579362958399,41.107896150149735],[29.423699372490468,41.107970527119576],[29.423813726229476,41.108049834890672],[29.423922074730861,41.108133831808338],[29.425256494237647,41.109227593190461],[29.42613575266131,41.109948251764095],[29.426290094006916,41.110069807827834],[29.426450708288126,41.110186624485451],[29.426617339485119,41.110298515633609],[29.426789723493197,41.110405305321649],[29.426967589021164,41.110506823013452],[29.427150653099631,41.110602909678875],[29.427338626471169,41.110693412378808],[29.428488266117267,41.111222903736618],[29.430344580752994,41.112201125989003],[29.430480027833223,41.112275353244677],[29.430611749599947,41.112353320469538],[29.430739567288455,41.112434921391205],[29.434860506009354,41.115197673406726],[29.434981568366922,41.115283030305797],[29.435096809641465,41.115372877522915],[29.435205938778825,41.11546698764235],[29.435308683589447,41.115565124450455],[29.435404781765278,41.115667038198922],[29.435493991659499,41.115772473725947],[29.435576087795003,41.115881163688947],[29.43565086355926,41.115992833978794],[29.43571813030605,41.116107203043363],[29.43577771915211,41.11622398324117],[29.435829476485516,41.116342878811345],[29.435873274745497,41.116463589934128],[29.435909002540992,41.116585811377909],[29.435936570040415,41.11670923588278],[29.435955906276906,41.116833551453702],[29.435971549539257,41.117006381859213],[29.435977871882233,41.117179550189903],[29.435974865220981,41.117352769497359],[29.435970294592817,41.117455952774598],[29.435965111313632,41.117665856919885],[29.435968159297381,41.117875784757018],[29.435979434950848,41.11808555220945],[29.4359989274942,41.118294975203085],[29.436026622554412,41.11850386831258],[29.436062493182014,41.11871204949869],[29.436104007924538,41.118927950978843],[29.436128234589457,41.119256564080068],[29.436129405992574,41.119387476402693],[29.436122338946245,41.119518282893317],[29.43610704872178,41.119648685789251],[29.436083568556878,41.119778392067211],[29.436051952350468,41.119907105322561],[29.436024036304705,41.119996756048884],[29.435593125242683,41.121250109456362],[29.435553865271508,41.121377797305961],[29.435523647741977,41.121506884355362],[29.435502558892381,41.121637004493898],[29.435490658011503,41.121767788906681],[29.435487979235326,41.121898866751771],[29.435494530648686,41.122029867866765],[29.435510293386958,41.122160418708781],[29.435535221636112,41.12229014979804],[29.435569246225807,41.12241869368782],[29.435612271036327,41.122545686317793],[29.435664172998493,41.122670767690494],[29.435724804788613,41.122793582548105],[29.435793996625055,41.122913782402094],[29.43587154998017,41.123031027563421],[29.435957246563309,41.123144985112134],[29.436050843829417,41.123255331603687],[29.437134585761207,41.124461106630918],[29.439020909517307,41.126509807856152],[29.43912857350243,41.126632256897636],[29.439229191102456,41.126758084959079],[29.439322577264452,41.12688706060306],[29.439408559511868,41.127018947657149],[29.439486980639543,41.127153502507014],[29.439557696018692,41.127290476803395],[29.439620574495329,41.12742961881564],[29.439675500186759,41.127570672755034],[29.439722371583308,41.127713378774878],[29.439761104243427,41.127857473647481],[29.439791625403512,41.128002692117356],[29.439813879368071,41.128148766901312],[29.439827824814515,41.128295429365295],[29.439833434793485,41.128442408847604],[29.439830701220053,41.128589435365654],[29.439661603249288,41.133145247583741],[29.439662217696938,41.133255946679341],[29.439672267150037,41.133366385776284],[29.43969171208267,41.133476104792983],[29.439720468951553,41.13358464906382],[29.439758421873993,41.1336915652792],[29.439805410949869,41.133796409604606],[29.439861239448145,41.133898747003883],[29.439925677400105,41.133998150562448],[29.439998455311152,41.134094206899569],[29.440079272245693,41.134186516844771],[29.440167790437179,41.134274696114076],[29.440263643372941,41.134358379369182],[29.440366430404392,41.134437215481015],[29.440475725730046,41.134510880384369],[29.440591073904109,41.134579064899171],[29.440711997022834,41.134641486908514],[29.44614614153506,41.137256283882373],[29.44671453885298,41.13754847784142],[29.447100844967888,41.137756972066214],[29.447222762521594,41.137818840341808],[29.447349189618063,41.13787529956597],[29.447479708540637,41.137926158966692],[29.447613886301365,41.137971250773482],[29.44775127643754,41.13801042548171],[29.447891422605014,41.13804355388185],[29.448033859476492,41.138070523676575],[29.448178115436384,41.138091246922613],[29.448323710784351,41.138105653941878],[29.448470162226819,41.138113698056941],[29.448616982876857,41.138115352208281],[29.448763686745909,41.138110610307599],[29.448909784252152,41.138099487913941],[29.449054793898579,41.13808202358716],[29.449198231493252,41.138058273475387],[29.450925661241886,41.137732539875941],[29.451098436017098,41.137703639072136],[29.45127300562628,41.137681748656583],[29.451448870606075,41.137666930202364],[29.451625529696575,41.137659227013309],[29.451802481637891,41.13765866074165],[29.451979221576757,41.137665232063974],[29.452155246456709,41.137678924064495],[29.45233005322109,41.137699697498917],[29.452503145999938,41.137727491471111],[29.452674030719795,41.137762227492594],[29.452842219595492,41.137803808129433],[29.45352747695209,41.137988660329526],[29.453770823376043,41.138050494559302],[29.454017025544275,41.138105487511908],[29.454265749283525,41.138153564108194],[29.454516653233963,41.138194658738577],[29.454769394239133,41.138228715263139],[29.455023628244344,41.138255687011331],[29.459949865294938,41.138708180459673],[29.460150374656237,41.138729988671528],[29.460349420661935,41.138758446567358],[29.460546616138181,41.138793498662444],[29.460741581995855,41.138835077292491],[29.460933939145967,41.138883101260653],[29.461123312991013,41.138937477190858],[29.461309339713306,41.138998102233884],[29.461491657291788,41.139064855949243],[29.461669912688556,41.139137610453325],[29.461843760950572,41.139216225007239],[29.462012865209545,41.13930054669364],[29.462176897580409,41.139390412446367],[29.464704189952972,41.140840127374119],[29.464908564764947,41.140961802797385],[29.465107010696048,41.141088963846016],[29.465299270828101,41.141221446095429],[29.465485094531157,41.141359075650087],[29.465664240158389,41.1415016759086],[29.465836476842735,41.141649062151849],[29.467112300141856,41.142781237342511],[29.467597019391079,41.143211367896711],[29.46768728750072,41.143286763558152],[29.467783378490036,41.143357928361787],[29.467884942914374,41.143424607284814],[29.467991617854363,41.143486559510741],[29.468103016136091,41.143543562488254],[29.468218738009313,41.143595409901451],[29.46833836845234,41.143641916404988],[29.468461473578873,41.143682912211943],[29.468587609621189,41.143718250534981],[29.46871632472666,41.143747804880363],[29.469870964395636,41.14398455169956],[29.471394215165027,41.144288515540921],[29.471540716014836,41.144311782418903],[29.471688765560174,41.144328542223683],[29.471837854456318,41.144338740165367],[29.471987479646664,41.144342339040577],[29.472137125498275,41.144339327350295],[29.472286284462996,41.144329717270161],[29.472434446297733,41.144313538562514],[29.472581104352702,41.14429084804685],[29.472725760961236,41.144261723511676],[29.472867921151565,41.144226263038341],[29.47300709983347,41.144184588383261],[29.47522049928622,41.143464572934313],[29.475373668330345,41.143418175896407],[29.475529742526156,41.143377686615146],[29.475688323021561,41.143343206575125],[29.475849004676416,41.143314826435613],[29.476011376062349,41.143292617912543],[29.478422096755438,41.143029578020915],[29.478587301427773,41.143008341523235],[29.478750890929234,41.142980872476627],[29.478912452034745,41.142947238522822],[29.479071581400817,41.14290752489071],[29.479227876582144,41.142861831690546],[29.479380944116667,41.14281027459068],[29.479530402220384,41.142752980758679],[29.479675872702558,41.142690096302928],[29.479816990847159,41.142621779507863],[29.479953402717996,41.142548200157705],[29.480084762463694,41.142469545625161],[29.480210742199141,41.142386012077118],[29.48092061608947,41.141890962049274],[29.481029004116689,41.141820180585803],[29.481143270719148,41.141754895665422],[29.481262926314994,41.141695384672552],[29.4813874642544,41.141641901313534],[29.481516350938122,41.141594673586511],[29.481649038393797,41.141553901751678],[29.481784961581113,41.141519762389997],[29.481923541086751,41.141492396902436],[29.482064187615837,41.141471924363103],[29.482206299297129,41.141458432048317],[29.482349275157762,41.141451976112769],[29.482492501648348,41.141452585648345],[29.482635370609454,41.141460257272364],[29.482777274779949,41.141474957833395],[29.482917606000356,41.141496625087846],[29.483055769586002,41.14152516702341],[29.483191176242023,41.141560461859626],[29.483323249250045,41.141602358724107],[29.483451425366365,41.14165067968262],[29.483575157516977,41.141705219062665],[29.483693920187438,41.141765744806904],[29.48526272003329,41.142622821314831],[29.485405697690549,41.142708325197489],[29.485542745568633,41.142799211849194],[29.485673507934628,41.142895243797696],[29.485797647022054,41.142996174100134],[29.485914842132349,41.143101742283967],[29.486024790533229,41.143211674347562],[29.486127209255404,41.14332568884889],[29.486221832397536,41.143443488787597],[29.486308416516209,41.143564771076633],[29.48638673613425,41.143689222483175],[29.486456590927375,41.143816521658422],[29.48651779943587,41.143946339137976],[29.487265809504972,41.145670071723536],[29.487343455386558,41.145838175485139],[29.487429466380078,41.146003936900392],[29.487523720314638,41.146167117196256],[29.487626081544633,41.146327482336822],[29.487736403644668,41.14648480234694],[29.48785452851126,41.146638851312076],[29.487980285464527,41.146789408054474],[29.488522386399151,41.147411965615795],[29.488631924269921,41.147531416863082],[29.488748918157597,41.147646756452907],[29.488873097669199,41.147757721269762],[29.489004178937162,41.147864054287282],[29.489141857432543,41.147965512008483],[29.489285817846724,41.148061858377787],[29.489435727803016,41.148152873574375],[29.4895912432467,41.148238347924035],[29.489752003953299,41.148318083251759],[29.489917641613602,41.148391896263611],[29.490699523558796,41.148721473188722],[29.490723146555805,41.148731431665659],[29.490872643287098,41.148798421019599],[29.491017247793298,41.148871287836613],[29.491156557629274,41.148949828490821],[29.491290182926086,41.149033823121442],[29.491417749086342,41.149123036986076],[29.491538901275419,41.149217221813515],[29.491653301726878,41.1493161137751],[29.491760627047135,41.149419436866914],[29.491860582588803,41.149526901557351],[29.491952883585899,41.149638208845836],[29.492507335457375,41.15034782151254],[29.4926085001314,41.150482887909497],[29.492703049611702,41.150620665101634],[29.492790856337457,41.150760967058069],[29.492871802629381,41.150903608425416],[29.492945780689677,41.15104839573489],[29.493396677470123,41.151981382547795],[29.493457721586946,41.152097644359941],[29.493527151476911,41.152211186165175],[29.493604754239371,41.152321664367399],[29.49369029451568,41.152428740783769],[29.493783512692719,41.15253209211366],[29.493884124902863,41.152631402498422],[29.493991825718904,41.152726370961112],[29.494106288154068,41.152816709377305],[29.495154029202546,41.153599240515817],[29.495268875218365,41.153689538498909],[29.495377433027201,41.1537841760303],[29.495479413371527,41.15388290418263],[29.495574550349996,41.153985463207277],[29.495662589739396,41.154091579152443],[29.495743300672746,41.154200973332884],[29.495816469350967,41.154313358271772],[29.495881902636242,41.154428434995452],[29.4959394289504,41.154545900473742],[29.49598889378321,41.154665444238191],[29.496030169573878,41.154786751087862],[29.496063143134702,41.154909500412955],[29.496087732718983,41.155033368224217],[29.496159898877341,41.15547377694628],[29.496854295693645,41.158969949255606],[29.496885519336288,41.159103618179451],[29.496925802488565,41.159235894950534],[29.496975040047605,41.159366430593415],[29.497033099062747,41.159494878164303],[29.497099826820342,41.159620898161542],[29.497175046352364,41.159744156496295],[29.497258559131062,41.15986432516894],[29.497350143272577,41.159981088355487],[29.497449556231832,41.160094133615374],[29.497556533904074,41.160203164741098],[29.497670795116619,41.160307890260739],[29.497792034442316,41.160408034258573],[29.499025185070479,41.161375376698963],[29.499160032974441,41.161485907763129],[29.499285040732726,41.161599103948035],[29.49940279190016,41.161716659373994],[29.499513019677103,41.161838309584326],[29.499615476128522,41.161963779979061],[29.499709930387397,41.16209278784401],[29.499796168654655,41.162225039645989],[29.50065381630754,41.163623112737284],[29.500803722670582,41.163874911412861],[29.500946040066104,41.164129212695215],[29.501080697527211,41.164385885358136],[29.501207623188634,41.164644798177171],[29.501326754168346,41.164905817224742],[29.501438027584278,41.165168810603859],[29.501541386842579,41.165433641009471],[29.501636777145965,41.165700173167274],[29.501724152680378,41.16596827045251],[29.501872054003695,41.166445300509274],[29.502465310400488,41.16783084755027],[29.502552075080509,41.168037776029081],[29.502629925777999,41.168246718354403],[29.50336523366898,41.170350163408735],[29.503399538533035,41.170436151813114],[29.503441615620947,41.170520147313269],[29.503491264608392,41.170601748924796],[29.50354824744181,41.170680566484272],[29.503612294626603,41.170756224030285],[29.503683098040661,41.17082836115538],[29.503760321714076,41.170896633006073],[29.503843597337539,41.17096071636815],[29.503932526957396,41.171020302904353],[29.504026688365485,41.171075110649767],[29.504125629709197,41.17112487657301],[29.504228882067945,41.171169364690577],[29.506868400968958,41.172217053797716],[29.506977847211598,41.17225687409492],[29.507090704357374,41.172290825698731],[29.507206422637346,41.17231874362755],[29.50732443790946,41.172340491298407],[29.507444172557047,41.172355963231567],[29.507498527818292,41.172360065007403],[29.507623054977898,41.172366277175485],[29.507747852530432,41.172366156137244],[29.507872358130506,41.17235970256894],[29.507996007636084,41.1723469448686],[29.508118245888387,41.172327941861312],[29.50823851862684,41.172302778065571],[29.508356282370698,41.172271568426957],[29.508471006215611,41.172234452232438],[29.510360366277364,41.17156556124857],[29.511646990919484,41.171126356783411],[29.511787339207874,41.17108223378699],[29.511930942092579,41.171044560402137],[29.512077279448981,41.171013474585813],[29.512225824864384,41.170989086568945],[29.512376040247855,41.170971486294206],[29.512527383915348,41.170960736654315],[29.51267930879283,41.170956875520076],[29.512831265111345,41.170959917769288],[29.512982706695222,41.170969852581671],[29.517270714092636,41.17134946785621],[29.517408537216784,41.171358453222602],[29.517546830159848,41.171361066065202],[29.517685076390496,41.171357296917968],[29.517822761174084,41.171347159303828],[29.517959368877658,41.171330690410983],[29.518094392851381,41.171307952445154],[29.518227328242087,41.171279029925159],[29.51835767917968,41.171244031711403],[29.518484960573989,41.171203086948964],[29.51860869721618,41.171156348448726],[29.518728428270482,41.171103990658956],[29.518843707274272,41.171046208989317],[29.521915992258339,41.169401973538747],[29.522037267516662,41.16934144220054],[29.522163493390476,41.169286996812765],[29.522294136280586,41.169238867306511],[29.522428645519643,41.169197257239183],[29.522566447084223,41.169162341088928],[29.522706961560974,41.169134270340777],[29.52284959426515,41.169113159961746],[29.522993741528893,41.169099101248918],[29.523138794294447,41.169092153714551],[29.523284135419239,41.169092345762408],[29.523429154947131,41.169099676716215],[29.523573235735526,41.169114116819706],[29.535328556305863,41.170711378594191],[29.535468441063585,41.170727070003529],[29.535609332832749,41.170736277251464],[29.535750706098892,41.170738964501801],[29.535892033550983,41.170735122964508],[29.536032785182964,41.170724766838923],[29.536172437277031,41.170707933989583],[29.53631046881031,41.170684688651249],[29.536446363251549,41.170655117371844],[29.536579613950902,41.170619329012553],[29.536709723241707,41.170577458128783],[29.53683620693203,41.170529661589661],[29.536958588914764,41.170476117225661],[29.537076417337317,41.170417024504886],[29.53718924753365,41.170352605886137],[29.537296660888789,41.170283099380548],[29.538315069248306,41.16958222356908],[29.539908936582197,41.168439390558277],[29.54007048331469,41.168323554679823],[29.540199336760715,41.168235714003536],[29.540333881034091,41.168152888165494],[29.540473773876649,41.168075287493913],[29.540618658657248,41.168003108115819],[29.540768171558188,41.167936533309408],[29.540921930795477,41.167875732827298],[29.541079545601974,41.167820860867799],[29.541240618023998,41.167772054722313],[29.541404737531444,41.167729440184772],[29.54157148820439,41.167693125465611],[29.541740447834595,41.167663201191395],[29.541911187027392,41.167639745138473],[29.544519603558296,41.16733243260564],[29.54627812579557,41.167125215847541],[29.546581560528875,41.167092341530953],[29.54688597352752,41.167065115203243],[29.547191179738572,41.167043554453933],[29.547324021704441,41.167035414479699],[29.547539317335335,41.16702222091628],[29.54777848659322,41.167010404187842],[29.548018027753603,41.167004244935384],[29.548257706356246,41.167003745865514],[29.549336013480591,41.167014239181007],[29.550661762448268,41.167027125054041],[29.550934583494985,41.167033043560728],[29.551207019164451,41.16704549122263],[29.551478797267148,41.167064455863589],[29.55174964381688,41.167089918543105],[29.552019285725837,41.167121852880037],[29.552287454397728,41.167160227757648],[29.55255387854131,41.167205003942492],[29.552818293153599,41.1672561374655],[29.555220911941163,41.167751516002326],[29.557859158827721,41.168296919891489],[29.558117992207169,41.168350424786304],[29.558254329517847,41.168375272270893],[29.558392412255124,41.168393819968045],[29.558531729277576,41.168406000259758],[29.558671769443858,41.168411767842187],[29.558812012629389,41.168411101753698],[29.558951944997819,41.168404004699148],[29.559091049119555,41.168390503049416],[29.559228811158267,41.168370645489311],[29.55936472536245,41.168344506398626],[29.559498288675524,41.168312182471148],[29.55962901061735,41.168273790686129],[29.559756406097687,41.168229473718235],[29.559880006195925,41.168179396556525],[29.559999358161221,41.168123742447605],[29.560114018225772,41.168062716276516],[29.560346512102761,41.167930816402958],[29.565495645429863,41.165009313891446],[29.565692688192499,41.164893008029168],[29.565883724819138,41.16477111597456],[29.566068481323605,41.164643814203153],[29.566246689109665,41.164511288658296],[29.566418089462523,41.16437373137002],[29.566582431752181,41.164231341131462],[29.567540752700648,41.163368375316651],[29.567655145067238,41.163270328944414],[29.567775735809295,41.163176620123771],[29.567902236567587,41.163087472724264],[29.568034347304859,41.163003099795233],[29.568171750915759,41.162923701536435],[29.568314119515257,41.162849468679553],[29.568461114438463,41.162780577077626],[29.56861238534243,41.162717191086116],[29.570421776479268,41.1620020828083],[29.574792804378635,41.160274380168644],[29.581581149300213,41.157597590231504],[29.58161631924191,41.157583719776902],[29.581787565084497,41.157512866651743],[29.581954936493304,41.157436908396768],[29.582118165770328,41.157355967412713],[29.582276995099065,41.157270170158171],[29.582431170256342,41.157179653236177],[29.58258044779868,41.157084562718637],[29.582724587875916,41.15698504873528],[29.582863361417626,41.156881269532086],[29.582996550133245,41.156773390118651],[29.583123939325368,41.156661582944814],[29.583157094345875,41.156631281638639],[29.586166057983881,41.153881146942574],[29.586280723438314,41.153781738346375],[29.58640209481635,41.15368698582617],[29.58652984063966,41.15359714913405],[29.586663612361864,41.153512470436198],[29.586803047063636,41.153433181753179],[29.586947763859275,41.153359499548507],[29.587097369286717,41.15329162337553],[29.587251455510753,41.153229739259125],[29.587409603018227,41.15317401428441],[29.587571381516039,41.153124600654742],[29.58773634993144,41.153081634338825],[29.587904060005119,41.153045230335735],[29.588074052697888,41.15301548808587],[29.58824586717407,41.152992490117953],[29.588419035411416,41.152976297314304],[29.588593084896008,41.152966954321798],[29.592950583268891,41.15281921203082],[29.593148743535718,41.152815638647368],[29.593346928955398,41.152818356393858],[29.593544787388293,41.15282735918197],[29.593741971186404,41.152842634157651],[29.593938132701759,41.152864151555292],[29.596747017271504,41.15321789975205],[29.597213886995998,41.153276689404052],[29.597393042504692,41.153301813835732],[29.597570856828657,41.153331894825847],[29.597747088321103,41.153366891784451],[29.597921501623389,41.1534067573565],[29.598093860478645,41.153451438098649],[29.598263930426565,41.153500873802656],[29.602156456316791,41.154694744067619],[29.607784259637992,41.156429605565116],[29.607919235102671,41.156467502433777],[29.608057104040903,41.156498892070687],[29.608197317582029,41.156523648006846],[29.608339317872243,41.156541673531123],[29.608482538972947,41.156552895602772],[29.608626411352212,41.156557270938642],[29.608770361884929,41.156554779925855],[29.608913818344206,41.156545435414316],[29.609056211198222,41.156529271218844],[29.609196970915043,41.156506354969864],[29.609335538742556,41.156476775262789],[29.60947136311519,41.15644065112722],[29.609603903247173,41.15639812729242],[29.609732632725699,41.15634937080609],[29.609857036816138,41.156294576444999],[29.609976622343382,41.156233962657566],[29.610090914098656,41.156167771563943],[29.610199454839485,41.156096264221759],[29.612293008253538,41.154626623076922],[29.612393209035275,41.154556280123927],[29.612564265333379,41.154440781566002],[29.612741113968397,41.154330377278178],[29.612923489039087,41.154225236380718],[29.613111116559214,41.154125513789914],[29.613303715356107,41.154031361715994],[29.613500994375677,41.153942918841125],[29.613702660767075,41.153860320464851],[29.613908408204782,41.153783689034597],[29.614117929465031,41.153713140232853],[29.614330909239108,41.153648780947933],[29.614547027726807,41.153590705892043],[29.614765960636277,41.153539003688302],[29.61498738008245,41.153493750783426],[29.615210951892035,41.153455016182122],[29.615436342790073,41.153422858065241],[29.61566321141677,41.153397324465885],[29.615891219107255,41.153378453269518],[29.616120023603365,41.153366273566576],[29.61634927905375,41.153360802270335],[29.61648602150462,41.153359543513666],[29.619409257118452,41.15333258135923],[29.620624008452968,41.153328017772367]],[[29.620631929797177,41.153327988011313],[29.620768199734176,41.153330485234214],[29.62090404386975,41.153338993512762],[29.621038997774896,41.153353484436309],[29.621172601512143,41.153373907271906],[29.621304400534019,41.153400192346147],[29.621433942987888,41.153432251045366],[29.621560787800938,41.153469973110099],[29.621684500188614,41.153513230017275],[29.621804658841004,41.15356187498044],[29.621920855024698,41.153615740244213],[29.622032690786011,41.153674643171968],[29.624727166819454,41.155184002411254],[29.624897275394911,41.155275482530897],[29.625071945615403,41.155361912770019],[29.625250915172835,41.155443163286371],[29.625433916369243,41.155519112353588],[29.625620673421874,41.155589645684486],[29.625810905158019,41.155654657783856],[29.626004326811721,41.155714049919069],[29.626200649125479,41.155767733502003],[29.626399575655263,41.155815629412281],[29.626655206540729,41.155873078891979],[29.629592332803782,41.156533102090918],[29.636529665111862,41.157549972924336]]]},"properties":{"objectid_12":602,"objectid":76,"metin":"BİRİNCİ DERECE YOL","durum_2016":"MEVCUT","durum_2025":"MEVCUT","adi":"ŞİLE OTOYOLU","shape_leng":58904.754043200002,"SHAPE__Length":52395.16031852481}},{"type":"Feature","id":609,"geometry":{"type":"LineString","coordinates":[[29.20470263233042,41.015773866263956],[29.20449498854914,41.015939068794431],[29.204388610053194,41.016020422070255],[29.204278024746767,41.016098515020268],[29.204163406004714,41.016173224974175],[29.20404493618507,41.016244431972858],[29.20392280303566,41.016312024190839],[29.203797201490961,41.016375894547018],[29.20366832828196,41.016435941382497],[29.203536390021231,41.016492069138266],[29.203401595117935,41.0165441897108],[29.203264156472713,41.01659221974068],[29.202581575197339,41.016818330216239],[29.19991637346234,41.017701147084637],[29.199805575255201,41.017737845067785],[29.199620527696577,41.017802159345543],[29.199438436493537,41.017871108242872],[29.199259503767017,41.017944615155749],[29.199083930739715,41.018022598057307],[29.198911914142581,41.018104968820147],[29.198743646215139,41.018191635249792],[29.198579315603574,41.018282501084542],[29.198419106462527,41.018377463962665],[29.198263197556781,41.018476418133091],[29.198111764057746,41.018579251744868],[29.197964974848738,41.01868585091357],[29.197822995219788,41.01879609497729],[29.197685983274322,41.0189098612408],[29.197554093522633,41.019027022264794],[29.197427472390057,41.019147447221627],[29.197306261810475,41.01927099986176],[29.197190598327758,41.019397543258556],[29.197080610401006,41.019526935063915],[29.196976422896014,41.019659030897067],[29.196878149898879,41.019793682311523],[29.196785903699002,41.019930738828464],[29.196699786704286,41.020070046581182],[29.196619895034491,41.020211449670747],[29.196546319419458,41.020354790166159],[29.196479139809249,41.020499907426554],[29.196418434357295,41.020646638778977],[29.196364268640611,41.020794819518628],[29.19631670464296,41.020944284942082],[29.196275795364915,41.02109486695857],[29.196241585722248,41.021246396801025],[29.196214115240874,41.021398704348442],[29.196193414463462,41.021551620158981],[29.19617950584793,41.02170497275926],[29.196172405563907,41.021858589999717],[29.196172121696293,41.022012300410111],[29.196178654245021,41.022165931166249],[29.196207128144586,41.022614329961343],[29.196292468994901,41.023958277966145],[29.19630167223497,41.024155899657316],[29.196304124635709,41.024353634611849],[29.196299824400441,41.024551349996635],[29.196288774224143,41.024748916368793],[29.196270982191631,41.024946201576093],[29.196246459980998,41.025143075501056],[29.196215223761925,41.025339405994529],[29.196177293297382,41.025535064297642],[29.196132694638454,41.025729919619742],[29.196081458327939,41.025923843204879],[29.196023616705094,41.026116706298559],[29.195959208397536,41.026308380825476],[29.195888276524393,41.026498739389496],[29.195810868696338,41.026687655951129],[29.195727036117407,41.02687500447233],[29.195636833584793,41.027060661627154],[29.195540321285602,41.027244503413229],[29.195437563898555,41.027426407862428],[29.195328628797334,41.027606255040922],[29.195213588745411,41.027783925015903],[29.195092520099628,41.027959299888813],[29.194965502810032,41.028132263117456],[29.194832622216548,41.028302700871251],[29.19469396545583,41.028470498642804],[29.194521340699268,41.028673429230061],[29.193982214984864,41.029307191254524],[29.193968760916835,41.029323007290252],[29.193831768734341,41.029489006652796],[29.19370070453439,41.029657707435327],[29.193575661741782,41.029828989671145],[29.193456730188064,41.030002730006295],[29.193343995213151,41.0301788050878],[29.193237536767167,41.030357088853101],[29.193137430308518,41.030537454563195],[29.193043748600815,41.030719772769586],[29.192956557221006,41.030903914025082],[29.192875919051222,41.031089746173166],[29.192801891583613,41.031277136380986],[29.192734527818775,41.031465951139509],[29.192673876265708,41.031656056263522],[29.192619979145288,41.031847314858574],[29.192572875085055,41.032039591387182],[29.192532598220989,41.032232747602777],[29.192499178197476,41.03242664661564],[29.192472636574102,41.032621148827118],[29.192452994910401,41.032816115995395],[29.192440264884496,41.033011409202707],[29.1924344572762,41.03320688817778],[29.192435575678719,41.033402414683643],[29.19244361829546,41.033597847774644],[29.192458581533149,41.033793047862034],[29.192480452815378,41.03398787671393],[29.192509216870771,41.034182194744766],[29.192544853936425,41.034375863048389],[29.192587337961157,41.034568743397799],[29.192636639300563,41.034760697567492],[29.192692721123752,41.03495158936655],[29.192755545701463,41.035141282605423],[29.192825066321298,41.035329641096197],[29.192901233575927,41.035516530685143],[29.192983994464754,41.035701817897625],[29.193073287902305,41.03588537061556],[29.193169051904849,41.036067058077471],[29.193310870735385,41.036325950071081],[29.193634314543306,41.036916396181844],[29.19368499030513,41.037008903721095],[29.193779792212016,41.037188764702144],[29.193868217877,41.037370463473401],[29.193950202621402,41.03755387195686],[29.19402568895303,41.03773886072068],[29.194094623871298,41.037925297624092],[29.19415695796889,41.038113051882711],[29.194212648126619,41.038301990003482],[29.194261654818604,41.038491977817053],[29.194303942112299,41.038682881833267],[29.194339481261572,41.038874565853114],[29.194368246215266,41.039066894356779],[29.194390217210508,41.039259731825965],[29.194405378077551,41.039452941388816],[29.194413719833268,41.039646386175114],[29.194415234392839,41.039839929316244],[29.194409921756272,41.040033433945119],[29.194397785516752,41.04022676251882],[29.194378833759224,41.040419778851117],[29.194353080856661,41.040612346079818],[29.19432054477539,41.040804327344205],[29.194281248871594,41.040995587817982],[29.194235219196418,41.041185991321179],[29.194182490784193,41.041375403030536],[29.194123098669191,41.041563689479304],[29.194057086868849,41.041750716524703],[29.193900859959466,41.042170745084746],[29.193629214807444,41.042901071680966],[29.193065829190502,41.044415696103165],[29.193020582846266,41.04454654552827],[29.192981864559204,41.044678581008633],[29.192949730024864,41.044811617577999],[29.192924224158975,41.044945467561483],[29.192905381995921,41.045079943963181],[29.192893230485051,41.045214857756314],[29.192887786694445,41.045350019915496],[29.192889057810572,41.045485241417026],[29.192897042036808,41.045620331206095],[29.192911728593387,41.045755100262127],[29.19293309681904,41.045889360243486],[29.192961117069405,41.046022922132522],[29.192995749818536,41.046155598268271],[29.193036945659163,41.046287203700984],[29.193084647997367,41.046417552127551],[29.193138788561232,41.046546461988569],[29.193199292790567,41.046673752403592],[29.193266074447088,41.046799244525715],[29.193339041902696,41.046922761541929],[29.193418090054411,41.047044131382563],[29.193503110206169,41.047163183334185],[29.193593982882017,41.047279750749091],[29.193690578724507,41.047393669012997],[29.193792764783034,41.047504779609767],[29.19390039553047,41.047612925378886],[29.194013320948194,41.047717955935312],[29.194131382932724,41.047819723604377],[29.194254415295728,41.047918084776704],[29.194382245560661,41.04801290261809],[29.19451469496277,41.048104043004265],[29.195218099186437,41.048569354271315],[29.196265655181978,41.049262306877893]]},"properties":{"objectid_12":609,"objectid":89,"metin":"ERİŞME KONTROLLÜ KARAYOLU (OTOYOL)","durum_2016":"PROJE","durum_2025":"MEVCUT","adi":" ","shape_leng":5511.0673218100001,"SHAPE__Length":5723.5431136456273}},{"type":"Feature","id":610,"geometry":{"type":"MultiLineString","coordinates":[[[28.833728138055303,40.964155773073017],[28.833789955621565,40.966590576215673],[28.83379053234,40.966613287410141],[28.833796666036747,40.966748800133416],[28.833808182438702,40.966884112477651],[28.833825070766036,40.967019103027255],[28.833847316645727,40.96715364901101],[28.833874898518204,40.967287631050176],[28.833907792128954,40.967420927053837],[28.833945968731904,40.967553417645227],[28.834299250980344,40.968696533820335],[28.834837348123731,40.970437585209574],[28.83493269261303,40.970746070342848],[28.834978389911548,40.970882719492764],[28.835030633233512,40.971018024038123],[28.83508935251038,40.97115180628208],[28.835154470487009,40.971283889207371],[28.835225901823442,40.971414097832792],[28.835303551298317,40.971542261248089],[28.835387317401924,40.971668209222166],[28.8354770878449,40.971791775594774],[28.835572745846221,40.971912798276151],[28.835674164743494,40.97203111585555],[28.835781209789388,40.972146573705778],[28.836571181063714,40.972966274003923],[28.837047632219047,40.97346064368211],[28.83715281326073,40.97357399649011],[28.837252568478082,40.97369011156556],[28.837346771208669,40.973808840360071],[28.837435301976548,40.973930031613158],[28.837518047593992,40.974053531352055],[28.837594902059799,40.974179180857391],[28.837665768355954,40.97430682208897],[28.837730555752554,40.974436290903519],[28.837789181604631,40.974567422480753],[28.837831968361613,40.974669051579845],[28.838212800143143,40.975573612503204],[28.838246441152243,40.975653514713962],[28.83830900971008,40.975793886600989],[28.838377838627153,40.975932577573452],[28.838452849750013,40.976069429618249],[28.838533955942058,40.976204284045252],[28.838621065575161,40.976336987591111],[28.838714078037999,40.976467387671796],[28.838812885532739,40.97659533441702],[28.838917376668249,40.976720680670226],[28.839027430172024,40.97684328402314],[28.839142920279894,40.97696300206816],[28.839173018333511,40.976993111608557],[28.839916747031953,40.977737093531985],[28.840110534300003,40.977930942715858],[28.840205071203844,40.978029846400744],[28.840293861584854,40.978131740086049],[28.840376739254669,40.978236433864559],[28.840453550601353,40.978343732404177],[28.840524151894467,40.978453434948392],[28.840588411081669,40.978565336672446],[28.840646208687055,40.978679230040257],[28.840697436014462,40.978794900734876],[28.840741998740743,40.978912133762599],[28.84077981242433,40.979030710740354],[28.84081080699659,40.979150409217212],[28.840834924965328,40.979271006743971],[28.840852121414798,40.979392278160283],[28.84086236310737,40.979513996272757],[28.840865632076675,40.979635935246243],[28.840861921136231,40.979757865856151],[28.840851238370881,40.979879562270632],[28.84083360354353,40.980000796624857],[28.840809048993567,40.980121341733927],[28.840777620535047,40.980240974483586],[28.84073937745675,40.980359470404764],[28.840694389827338,40.980476608420922],[28.840642743885017,40.980592169491381],[28.840584533952931,40.980705939324061],[28.840519869625503,40.98081770430656],[28.840448871277037,40.980927256930983],[28.84037167185814,40.981034391725252],[28.840288414200991,40.981138909321849],[28.840199255510704,40.981240614422987],[28.840104361077351,40.981339317835378],[28.840003907869029,40.981434834435305],[28.839898083633624,40.981526986559501],[28.839787086000467,40.981615601970361],[28.839671122480453,40.981700515890331],[28.839550408669194,40.981781568967484],[28.83942517004385,40.981858610665896],[28.839295640166409,40.981931496553067],[28.839162062480312,40.98200009101221],[28.839024684022228,40.982064266564372],[28.838883761710331,40.982123902511468],[28.838739559649358,40.982178887649205],[28.838592346435522,40.982229120266645],[28.833251565627389,40.983936969876858],[28.830880963694906,40.984694921507845],[28.830784439717622,40.984725781592935],[28.830583962695648,40.984787193173467],[28.830381100646616,40.984843967013688],[28.830176043115049,40.98489605158813],[28.829968979645422,40.984943397405083],[28.829760101578927,40.984985961753132],[28.829549603849969,40.985023704632269],[28.829337680494646,40.985056591466702],[28.829124529142359,40.985084591070063],[28.828910347422436,40.985107677002027],[28.828695332964234,40.98512582960214],[28.828479686990374,40.985139030565279],[28.828263608028582,40.985147268366404],[28.828047296403106,40.985150534869859],[28.827830954234894,40.985148827364007],[28.827614780950004,40.985142147204691],[28.827398976872662,40.985130501171518],[28.824986267309537,40.984972279292926],[28.824733829036589,40.984955721593188],[28.824581419068871,40.984943189221639],[28.824429866992215,40.984925713337184],[28.824279451284426,40.98490332512953],[28.824130454016455,40.984876066637284],[28.823983149174477,40.984843988713628],[28.823837812541274,40.984807151026359],[28.823694711814845,40.984765620701765],[28.823554114693099,40.984719476393437],[28.823416280789154,40.984668802857293],[28.823281466122886,40.984613694342315],[28.823149921324255,40.984554253912499],[28.823021890735031,40.984490590056431],[28.822897611510427,40.984422822790421],[28.822777314517452,40.984351076877338],[28.822661223436651,40.984275485895658],[28.82254955296537,40.984196190205019],[28.822468084752266,40.984139519561047],[28.822382102504818,40.984086786774171],[28.822291938599779,40.984038196649387],[28.822197942481694,40.983993937038427],[28.822100479764934,40.983954179517376],[28.821999928640263,40.983919078708688],[28.821896677179808,40.983888770924381],[28.821791127828888,40.983863372810021],[28.821683688422564,40.983842984056892],[28.821574775779208,40.983827682655004],[28.821464813005271,40.983817528283588],[28.821354226800555,40.983812560954931],[28.821243444763073,40.983812799657962],[28.821132898084223,40.983818242358197],[28.821023013463709,40.983828869388546],[28.820914218499667,40.983844638702188],[28.82080693540021,40.983865489941564],[28.820701578288762,40.983891341047823],[28.820598557695334,40.983922093007727],[28.820498272471966,40.983957625785017],[28.820401111589167,40.983997801711219],[28.820307452339325,40.984042464807708],[28.820217655845198,40.984091442142002],[28.820132073348088,40.984144543828023],[28.820051034529666,40.984201564382523],[28.819974853800318,40.984262281368999],[28.819903827604072,40.984326460144914],[28.81983823172369,40.984393851827235],[28.81977831858584,40.98446419532727],[28.819724322650742,40.984537216672614],[28.819676451429252,40.984612633754175],[28.819634891770935,40.984690154292096],[28.819599805372569,40.98476947651374],[28.819571326981418,40.984850293901168],[28.819549567090291,40.984932292478284],[28.819298041505697,40.986039736611431],[28.818564673975718,40.989268467550851],[28.818399767544076,40.989994434372178],[28.818363399249783,40.990169157199148],[28.818333517690171,40.990344578649641],[28.818310144424824,40.990520562427051],[28.818293299216585,40.990696969524031],[28.818282993743651,40.990873662290753],[28.818279237887452,40.991050503756988],[28.818282032546325,40.991227354919722],[28.818291377720197,40.991404076777577],[28.818307264425997,40.991580532364672],[28.818329680985602,40.991756583360591],[28.818358609432696,40.991932091446266],[28.818394027309424,40.99210692033833],[28.818435906767942,40.992280933076842],[28.818484216367313,40.992453993381233],[28.818538916581577,40.992625966328418],[28.818599965189986,40.99279671767475],[28.81866731458177,40.992966113177893],[28.8187409126547,40.993134020630968],[28.818875854881725,40.993427964265805]],[[28.810765914802356,41.035291835546602],[28.810791988403476,41.035559576673954],[28.810808779712762,41.035827742921839],[28.810816277950433,41.036096149978924],[28.810814476828281,41.036364614214619],[28.810803379041278,41.03663294929089],[28.810782991775913,41.036900972938255],[28.810753328506895,41.03716849882472],[28.810714408997214,41.037435344009275],[28.810666261094617,41.037701324876146],[28.81060891803676,41.037966257812535],[28.810542417552934,41.038229961241434],[28.810466806355443,41.038492252910913],[28.810382135648354,41.03875295328222],[28.810288464720411,41.039011882819331],[28.810185856453717,41.039268863344084],[28.808741164254229,41.042722691801188],[28.80862403382266,41.043014235987528],[28.808515736525248,41.043307731499347],[28.808416328955907,41.043603025191274],[28.808325865013536,41.043899961210585],[28.808244390512222,41.044198385739698],[28.808171946774468,41.044498142931246],[28.808108575122727,41.044799074908049],[28.808054306099773,41.045101025150842],[28.808009168451715,41.045403836465496],[28.807973187331307,41.045707348950955],[28.807946380704923,41.046011406096369],[28.807928762945583,41.046315847328984],[28.807920343036418,41.046620512756441],[28.807921125469026,41.046925245199219],[28.807931110243395,41.047229884093305],[28.807950292867982,41.047534270910226],[28.807978663461277,41.047838245769292],[28.808016204955312,41.048141650825357],[28.808062900282106,41.048444326203658],[28.808118726085429,41.048746114064826],[28.808183649127653,41.049046857249685],[28.808257640662646,41.049346397924573],[28.808340658469639,41.049644579613478],[28.810406761165222,41.056666012526939],[28.810888234801329,41.058789409621419],[28.810923375098621,41.058928270056562],[28.810965563577604,41.059066000363302],[28.811014735559628,41.059202398018854],[28.811320316368164,41.059989922030205],[28.811373612515627,41.060138762011789],[28.811418604636653,41.060289166327358],[28.811455210984473,41.060440866737416],[28.81148336957536,41.06059359771443],[28.811503031001994,41.060747089669128],[28.811514156636779,41.060901068950628],[28.811529313012276,41.061241978876922]]]},"properties":{"objectid_12":610,"objectid":null,"metin":"BİRİNCİ DERECE YOL","durum_2016":"MEVCUT","durum_2025":"MEVCUT","adi":null,"shape_leng":null,"SHAPE__Length":10476.231080931035}},{"type":"Feature","id":612,"geometry":{"type":"LineString","coordinates":[[29.441270695230617,40.926870073890782],[29.438603978037751,40.928215314151004],[29.438183840470963,40.928424131667192],[29.437759829368645,40.92862843109144],[29.43733203096907,40.928828171064929],[29.436900529713935,40.929023312264682],[29.436465413638068,40.929213814688389],[29.436026768979772,40.929399641048114],[29.435584684672296,40.92958075405523],[29.435139247852113,40.929757116420674],[29.434690550147497,40.929928694248041],[29.434238680491596,40.930095451604252],[29.433783728715927,40.930257355949067],[29.433325787347048,40.930414374741268],[29.432864947114705,40.930566476796436],[29.432401302342058,40.930713630250608],[29.431934944657272,40.93085580731104],[29.431465967485085,40.93099297882673],[29.43099446604695,40.931125117003191],[29.430520533767673,40.931252196081054],[29.430044266766973,40.931374189621224],[29.429565759367943,40.931491073898378],[29.429085109486973,40.931602825186232],[29.428602411447152,40.931709421114718],[29.428117764063167,40.9318108399914],[29.427631262556435,40.931907062837411],[29.427143006639938,40.931998068636808],[29.426653093331765,40.932083839765909],[29.426161620548228,40.932164359278445],[29.425668687104078,40.932239610905739],[29.425174392712261,40.932309579735126],[29.424678835289122,40.932374251531563],[29.42418211544604,40.932433613415959],[29.423684331997666,40.932487653865401],[29.423185585555263,40.932536361355766],[29.422685975831918,40.932579725718938],[29.422185603438876,40.932617739500081],[29.421684568089169,40.932650394564654],[29.421182970394085,40.932677684133942],[29.420680911863251,40.932699603464002],[29.420178492209683,40.932716147130904],[29.419675813841287,40.932727312424028],[29.419172975572813,40.932733097310127],[29.418670079812149,40.932733499754654],[29.418167226272285,40.932728520436392],[29.417664517361189,40.932718160711453],[29.417162052791873,40.932702421255868],[29.416659933175605,40.932681306816505],[29.416158260920323,40.932654820102776],[29.415657134840778,40.932622967894829],[29.414445386574261,40.932539277560387],[29.413939269454975,40.932504318387004],[29.413617851347976,40.932483784139635],[29.413296092779511,40.93246656243187],[29.412974053936686,40.932452655302384],[29.406187683512098,40.93219443428616],[29.405585605659237,40.932169180510442],[29.404983900607206,40.932139286694742],[29.404382629441443,40.932104756904735],[29.403781856840666,40.932065594526428],[29.403181644788646,40.932021803623634],[29.402582054370782,40.931973388259188],[29.397358635759574,40.931531120246802],[29.396950388293863,40.931499251887722],[29.396541469786648,40.931472737553243],[29.396132005103741,40.931451584715241],[29.395722116416,40.931435800165623],[29.395311925894333,40.931425388658845],[29.39490155930287,40.931420352912212],[29.394491138812512,40.93142069496291],[29.394080786594103,40.931426414810964],[29.393670628411758,40.931437509740135],[29.393260786436436,40.931453977711818],[29.392851384635588,40.931475812613954],[29.392442545180121,40.931503009011742],[29.392034391139205,40.931535557397289],[29.391627046480345,40.931573448939901],[29.391220632476145,40.931616672093007],[29.390815271297441,40.931665213951405],[29.39041108601344,40.931719059572707],[29.390008197896744,40.931778192655862],[29.389606727321539,40.931842595541347],[29.389206795560426,40.931912249210995],[29.388808522987617,40.931987131931002],[29.376257580739839,40.934433395496853],[29.375884554419791,40.934508539350418],[29.37551319806785,40.934588263935531],[29.375143609600393,40.934672548876506],[29.374775888730404,40.934761371082118],[29.374410131577633,40.934854706781884],[29.374046436058471,40.934952531525674],[29.373684898292566,40.935054820184128],[29.373325615298082,40.935161544233885],[29.37296868049971,40.935272675829502],[29.372614190017238,40.935388185088939],[29.372262237275429,40.93550804212957],[29.37191291659742,40.935632215032136],[29.371566319611347,40.935760669840924],[29.370025411556743,40.936343511922317],[29.36947725328216,40.936548183173073],[29.368926326399858,40.936748566285523],[29.368372690198683,40.936944639582826],[29.367816402170803,40.937136384102324],[29.367257523401598,40.937323777487478],[29.366696112281641,40.937506800095626],[29.366132229896333,40.937685432962063],[29.365565934636191,40.937859657121443],[29.364997288484908,40.938029454286337],[29.364426351629664,40.938194805490049],[29.363853184257589,40.93835569312224],[29.363277848352396,40.938512100929259],[29.357683259340543,40.94000819170558],[29.35713704502022,40.940157182766725],[29.356593282202336,40.9403112051682],[29.356052051735237,40.940470236481659],[29.355513435365594,40.940634252920802],[29.354977513043519,40.9408032293411],[29.354444364719004,40.94097714127588],[29.353914070342171,40.941155962221821],[29.353386708964763,40.941339664996256],[29.352862359638454,40.941528223094224],[29.352341100516764,40.941721607295868],[29.351823009753062,40.941919789737568],[29.351308164602482,40.942122739840954],[29.350796641421798,40.942330427705279],[29.350288517466197,40.942542822072319],[29.34978386819407,40.942759891004449],[29.349282769063972,40.942981602563592],[29.348785294636031,40.943207922775507],[29.348291519470465,40.94343881902234],[29.347801518127376,40.943674255971779],[29.347315362472028,40.943914197612393],[29.346833126166253,40.944158609968085],[29.346354880176975,40.944407454312376],[29.345880697267742,40.944660695311413],[29.345410647507123,40.944918294238114],[29.344944801862013,40.94518021168669],[29.344483228604407,40.945446410286763],[29.344025997802895,40.945716849274959],[29.343573177729439,40.945991487887902],[29.343124834859314,40.946270285361919],[29.342681037464565,40.946553199576385],[29.34224185112215,40.946840189088981],[29.34180734230743,40.947131210421936],[29.341377574800784,40.947426220775839],[29.340952614179209,40.947725174637455],[29.3405325224265,40.94802802852913],[29.340117363322992,40.948334736259277],[29.339707197954141,40.948645252314982],[29.339302089202054,40.948959530505086],[29.338902095457176,40.949277523281644],[29.338507278703297,40.94959918377544],[29.338117696432544,40.949924463082127],[29.333049917232522,40.954205732098188],[29.332205711071232,40.954918842545567],[29.332004289021583,40.955093106047258],[29.331808301779436,40.955270869094107],[29.33161785624425,40.955452034642995],[29.331433057518957,40.955636504294546],[29.331254003519899,40.955824177614709],[29.331080793061759,40.956014952813241],[29.330913520467632,40.956208726065405],[29.33075227646739,40.956405390833588],[29.330597148197597,40.956604841937825],[29.330448220998225,40.956806969450234],[29.330305574819331,40.95701166412244],[29.330169287814321,40.95721881467172],[29.330039434543355,40.957428308459761],[29.32991608507508,40.957640030814169],[29.329799305884773,40.957853867063861],[29.329689161651157,40.958069701182168],[29.329585711663018,40.95828741578697],[29.329489012514259,40.958506892140747],[29.329399116307158,40.958728010150558],[29.329316072449014,40.958950651081857],[29.329239924957356,40.959174692809576],[29.329170716951204,40.959400013888583],[29.327863113952301,40.963890404894784],[29.327757487346229,40.964264938227572],[29.327658435509736,40.96464049303588],[29.327565977307451,40.965017002826201],[29.327480128010702,40.965394401784835],[29.327400902890851,40.96577262342123],[29.327328316320955,40.966151601924558],[29.327262380877396,40.966531270807323],[29.327203107340015,40.966911562905061],[29.327150507386868,40.967292412411503],[29.327104589102802,40.967673752165403],[29.327065360572657,40.968055515006853],[29.327032828982968,40.968437634455917],[29.327007000621922,40.968820043355869],[29.326987879082772,40.96920267522983],[29.326975467958807,40.969585461567618],[29.326969769944949,40.96996833725192],[29.326970785939537,40.970351233097539],[29.326978515044264,40.970734083990187],[29.326992956360765,40.97111682074776],[29.327014107194127,40.971499378259182],[29.327037915244102,40.971831442099884],[29.327066779012473,40.972163275019668],[29.327100694007722,40.972494834292164],[29.327139655738232,40.9728260751573],[29.327183659712421,40.973156954212214],[29.32725597139784,40.973670943887001]]},"properties":{"objectid_12":612,"objectid":6,"metin":"ERİŞME KONTROLLÜ KARAYOLU (OTOYOL)","durum_2016":"İNŞAAT","durum_2025":"MEVCUT","adi":"KUZEY MARMARA OTOYOLU (3. BOĞAZ KÖPRÜSÜ DAHİL)","shape_leng":27070.946842500001,"SHAPE__Length":16234.694722275206}},{"type":"Feature","id":633,"geometry":{"type":"LineString","coordinates":[[28.876030173992064,41.113310928818244],[28.875625248496284,41.113527396270214],[28.875216359633477,41.113739591072921],[28.874803584658729,41.113947471306631],[28.874387005318773,41.114150997081545],[28.873966701563621,41.114350129184395],[28.873542755140029,41.114544828401485],[28.873115249591248,41.114735057549005],[28.872684265765699,41.114920778765992],[28.87224988900331,41.115101957574751],[28.871812203745755,41.11527855746678],[28.871371294434638,41.115450544640183],[28.870927246409906,41.115617885969094],[28.870480145909866,41.115780548327059],[28.870030080071039,41.115938500617382],[28.869577136928381,41.116091712419255],[28.869121403618433,41.116240153988045],[28.868662969074446,41.116383796254979],[28.86820192133127,41.11652261150418],[28.867738351118813,41.116656572695589],[28.86727234826855,41.116785653465165],[28.866804002612017,41.116909829478153],[28.866333405777368,41.117029076399007],[28.865860649392786,41.11714337056798],[28.865385824188134,41.117252691031311],[28.864909022689822,41.117357015480856],[28.864430338322702,41.117456323637768],[28.863949863613197,41.117550597252325],[28.863467691087816,41.117639817397048],[28.862983915069677,41.117723966496918],[28.862498629881809,41.117803029006126],[28.862011929847391,41.117876988700971],[28.861523908391202,41.117945832063675],[28.861034660734646,41.118009544898541],[28.858774421326373,41.118291443250399],[28.858427047297571,41.118337464870159],[28.858080949774816,41.118388654781917],[28.857736265301959,41.118444993347978],[28.857393126829741,41.11850645822242],[28.85705167000372,41.118573025704677],[28.856712028672902,41.118644669386264],[28.856374334889626,41.118721360827216],[28.856038720706199,41.118803070233106],[28.855705319073355,41.11888976577832],[28.855374259348434,41.118981414282722],[28.855045670888842,41.119077978504848],[28.854719683052036,41.11917942120229],[28.854396423398725,41.119285702424833],[28.854076017693085,41.119396780868016],[28.853758591699222,41.119512612519593],[28.853444270282992,41.119633152689879],[28.853133176513566,41.119758353981567],[28.852825430765229,41.119888166966525],[28.852521155208841,41.120022540862564],[28.85222046842199,41.120161423533396],[28.851923487185694,41.120304760135561],[28.851630329179223,41.120452495148136],[28.851341107590354,41.120604569666405],[28.851055937403402,41.120760924785259],[28.848411002559558,41.122240891547619],[28.848177810691588,41.122368174152172],[28.847940589879542,41.122491158752474],[28.847699479362358,41.12260977296522],[28.847454621073783,41.122723947113734],[28.84720615784596,41.122833613550938],[28.846954237900977,41.122938708012782],[28.846699007664117,41.123039168941652],[28.84644061895073,41.12313493680923],[28.846179221779465,41.123225956146861],[28.845914971558887,41.123312172161782],[28.845648023697454,41.123393535474101],[28.845378533603803,41.123469997379821],[28.845106662076315,41.123541513234223],[28.844832567218511,41.123608040421665],[28.844556411625458,41.123669540385897],[28.84427835609555,41.12372597727623],[28.843998566817177,41.123777317271205],[28.843717205487021,41.123823530608213],[28.843434440090096,41.123864589553875],[28.843150435018075,41.123900470433576],[28.842865358255921,41.123931152278409],[28.842579378686917,41.123956616148398],[28.842292662499361,41.123976848515746],[28.842005378576573,41.123991835851491],[28.841717697598401,41.124001570715635],[28.841429787549831,41.12400604702033],[28.841141818212456,41.124005261383218],[28.840853958469562,41.12399921515744],[28.840566379001025,41.12398791104831],[28.840279246893513,41.123971356496789],[28.839992732826897,41.123949560972463],[28.839707004786149,41.123922538003967],[28.839422230756249,41.123890301795342],[28.83913857872216,41.123852872639695],[28.838856214872134,41.123810272182254],[28.838575305394585,41.123762525450587],[28.83829601647783,41.123709660177845],[28.838018511615211,41.123651708156352],[28.83774295430009,41.123588703207254],[28.837469506229301,41.123520682534263],[28.837198329099532,41.123447685370081],[28.836929581014321,41.123369755006777],[28.836663421873705,41.123286938118873],[28.836400007984658,41.12319928273341],[28.836139492958971,41.123106839583514],[28.835882030408662,41.123009664815001],[28.835627773047293,41.122907813896411],[28.835376869995148,41.122801347709213],[28.835129467677699,41.122690329164328],[28.834885713418629,41.1225748225256],[28.834645749151708,41.122454896116722],[28.834409716810818,41.122330620290974],[28.83417775473648,41.122202068784866],[28.833950000370912,41.122069316688155],[28.833726586664813,41.121932442473785],[28.833507645670501,41.121791525968128],[28.833293305847086,41.121646650381052],[28.83308369295867,41.121497901629219],[28.832878931871143,41.12134536630613],[28.83267914116205,41.121189133712306],[28.83248443940905,41.121029297208814],[28.830247857133774,41.119151624109179],[28.830054952011373,41.118993333058896],[28.829857060340778,41.118838574903862],[28.82965429620813,41.118687438999295],[28.829446774597717,41.118540011993801],[28.82923461678212,41.118396378505842],[28.829017944932211,41.118256622477226],[28.828796883015517,41.118120823789369],[28.828571558592795,41.117989060293269],[28.828342101919795,41.117861408486348],[28.828108644150486,41.117737942158897],[28.827871320930502,41.117618731717123],[28.827630268803802,41.117503845536731],[28.827385626110893,41.117393351316188],[28.827137533887306,41.117287311339524],[28.826886134965168,41.117185787890385],[28.826631574871513,41.117088838514292],[28.826373999133466,41.116996519402882],[28.826113556871348,41.116908883363216],[28.825850398103842,41.116825981848081],[28.825584674646155,41.116747861572222],[28.825316538313629,41.116674567896027],[28.825046145413094,41.116606143471891],[28.824773649556491,41.116542627567561],[28.824499209745632,41.116484056742728],[28.824222983185649,41.11643046484906],[28.823945127980057,41.116381881676531],[28.823665805825609,41.116338337014099],[28.823385177520752,41.116299854558804],[28.823103403863886,41.116266457329587],[28.822820647450136,41.116238164283914],[28.8225370708745,41.116214991670773],[28.822252837630383,41.116196953031057],[28.821968112109531,41.116184057843746],[28.821683057805235,41.1161763149099],[28.821397839109277,41.116173728292033],[28.821112619514981,41.116176298667433],[28.82082756431242,41.116184025358756],[28.815393083830244,41.116382020414079]]},"properties":{"objectid_12":633,"objectid":9,"metin":"ERİŞME KONTROLLÜ KARAYOLU (OTOYOL)","durum_2016":"İNŞAAT","durum_2025":"MEVCUT","adi":"KUZEY MARMARA OTOYOLU (3. BOĞAZ KÖPRÜSÜ DAHİL)","shape_leng":37220.286040200001,"SHAPE__Length":7496.8184403365904}},{"type":"Feature","id":635,"geometry":{"type":"LineString","coordinates":[[29.041753842583567,41.236492980705144],[29.038817242733284,41.237796877445653],[29.038632161936967,41.2378760207733],[29.038443693593724,41.23795050498709],[29.038252043417767,41.238020248365729],[29.038057422513141,41.238085173240627],[29.037860045577219,41.238145208697333],[29.037660129104005,41.238200289224721],[29.037457893180715,41.23825035336386],[29.037253561487862,41.238295346410048],[29.037047356807665,41.238335219061412],[29.036839508210477,41.238369926743751],[29.036630242071809,41.238399432312313],[29.036419790156931,41.238423702674197],[29.036208384231202,41.238442710814901],[29.035996256060013,41.238456437149296],[29.035783638306999,41.238464865468409],[29.035570766330746,41.238467986317225],[29.035357874591586,41.238465796994483],[29.035145195753103,41.238458299526194],[29.034932964275651,41.238445502016582],[29.034721414619515,41.238427419323777],[29.034510778550008,41.23840407035761],[29.034301287832491,41.238375481457346],[29.034093173333996,41.238341683689534],[29.033886664124914,41.238302714199058],[29.033681987478982,41.238258616209492],[29.033479367975065,41.238209437671671],[29.033279028395345,41.238155233966076],[29.033081190623715,41.238096063174247],[29.032886070255799,41.238031990807471],[29.032748660356688,41.237984827155579],[29.032543247990525,41.237914323110218],[29.03232536072008,41.237836813223993],[29.032110328295566,41.237754918473215],[29.031898306125569,41.237668699637929],[29.031689448720339,41.23757821884859],[29.031483906098472,41.237483541612775],[29.031281829177001,41.237384736139802],[29.031083363482963,41.237281874691575],[29.030888652746828,41.237175031556411],[29.030697838902366,41.237064283724372],[29.030511060290198,41.236949712238498],[29.030328451657557,41.236831400168299],[29.030150145955115,41.236709433285377],[29.029976272540281,41.236583899387774],[29.029806957177229,41.236454889651512],[29.029642322036814,41.236322498630237],[29.029482488391551,41.236186820877855],[29.02932757122587,41.236047955677357],[29.029177681930811,41.235906003663153],[29.028816186385772,41.235554176050698],[29.024780287579535,41.231625885387515],[29.023856938045103,41.230727069858531],[29.023724402404707,41.23059356129621],[29.02359768515241,41.230456894748151],[29.023476920137178,41.230317213420157],[29.02336223222488,41.230174663896882],[29.023253742687984,41.230029395466168],[29.023151565612629,41.229881560794894],[29.023055807898299,41.229731315253218],[29.022966569257971,41.229578814888313],[29.02288394491308,41.229424221828815],[29.022808020203595,41.229267696177843],[29.022738875079547,41.229109403444866],[29.022676582304484,41.228949509816211],[29.022621207455408,41.228788181479935],[29.02257280802456,41.228625589354614],[29.022531434317504,41.228461903009531],[29.022497131250073,41.228297294717862],[29.02246993385652,41.228131936754522],[29.02244987088298,41.227966002747337],[29.022436962990653,41.227799667001577],[29.022431224552626,41.227633103148619],[29.022428114585107,41.227396876117204],[29.02240916192925,41.225957297258518]]},"properties":{"objectid_12":635,"objectid":null,"metin":"ERİŞME KONTROLLÜ KARAYOLU (OTOYOL)","durum_2016":"MEVCUT","durum_2025":"MEVCUT","adi":null,"shape_leng":null,"SHAPE__Length":3301.9540014247955}},{"type":"Feature","id":643,"geometry":{"type":"LineString","coordinates":[[28.512460745030534,41.094336964938293],[28.511536368721689,41.096411252970853],[28.509180382378883,41.100745214465292],[28.50844369198067,41.102142442345894],[28.506750460196574,41.104894047280645],[28.504722848514291,41.10821129631185]]},"properties":{"objectid_12":643,"objectid":35,"metin":"BİRİNCİ DERECE YOL","durum_2016":"MEVCUT","durum_2025":"MEVCUT","adi":" ","shape_leng":16444.599993399999,"SHAPE__Length":2224.8156406695057}},{"type":"Feature","id":644,"geometry":{"type":"LineString","coordinates":[[28.599203081266445,41.217819331044758],[28.597559327789877,41.224171767225656],[28.597527192357212,41.224309212428118],[28.597501979342141,41.224447470828224],[28.597483722880632,41.224586347157484],[28.59747244902379,41.224725642094995],[28.597468175737998,41.224865157673058],[28.597470906616476,41.225004695249758],[28.59748063986256,41.225144054833848],[28.597497360204937,41.225283039138098],[28.59752104518574,41.22542144885027],[28.59755165977062,41.225559087362164],[28.59758916084045,41.225695758067332],[28.597633494496371,41.225831266387821],[28.597684598754551,41.225965419098507],[28.597742399054891,41.226098025002678],[28.59780681365066,41.226228895607619],[28.597877751812018,41.226357843097603],[28.597955111131029,41.226484684387664],[28.598038782013212,41.226609238420991],[28.598128644084326,41.226731328195697],[28.598224570681946,41.226850779413418],[28.598326424363812,41.226967421830523],[28.598434060501162,41.227081088582459],[28.598547324583762,41.22719161888601],[28.598666054914865,41.227298853985467],[28.598790084407813,41.227402641206282],[28.598919234297917,41.227502833279367],[28.599053320430471,41.227599286989701],[28.599192153260987,41.2276918652029],[28.599335533363512,41.227780435514219],[28.599483256820402,41.227864871599408],[28.599635113425904,41.227945053214562],[28.599790885787755,41.228020866196204],[28.59995035292037,41.228092202461049],[28.600908278610117,41.228501304677536]]},"properties":{"objectid_12":644,"objectid":null,"metin":"ERİŞME KONTROLLÜ KARAYOLU (OTOYOL)","durum_2016":"İNŞAAT","durum_2025":"MEVCUT","adi":null,"shape_leng":null,"SHAPE__Length":1762.0138804162648}},{"type":"Feature","id":648,"geometry":{"type":"LineString","coordinates":[[28.676936414740521,41.246444375463469],[28.677176043935813,41.250967206738267],[28.677176180479744,41.25096978466059],[28.67718841373728,41.251137608063004],[28.677207343036955,41.251305078488159],[28.677232950412446,41.251472046681158],[28.677265212507574,41.251638360687096],[28.677304101474519,41.251803871254062],[28.677349582279028,41.251968429807008],[28.677401612700319,41.252131886421616],[28.677460146025886,41.252294095227278],[28.677525130153551,41.252454909003866],[28.677596506692762,41.252614183234243],[28.677674210964852,41.252771774753278],[28.6777581729012,41.25292754107231],[28.677848316145003,41.253081341730102],[28.677944560746226,41.253233038292635],[28.678046818669959,41.253382494352998],[28.679417614555877,41.255313535854242],[28.679564591512783,41.255514978298152],[28.679717751573769,41.25571380051538],[28.679877010297226,41.255909895152634],[28.68004228234318,41.25610315620829],[28.680213479676791,41.256293479032287],[28.680390508873188,41.256480762351927],[28.680573274711019,41.256664904220017],[28.680761679273864,41.256845806066586],[28.680955620153828,41.257023369997739],[28.681154993146297,41.257197500145871],[28.681359690453437,41.257368102670014],[28.681569602480817,41.257535085755485],[28.681784615142394,41.257698358938519],[28.682004612555495,41.257857835132185],[28.682229477040767,41.258013427925093],[28.682459086427407,41.258165052931915],[28.682693316747816,41.25831262914393]]},"properties":{"objectid_12":648,"objectid":-1,"metin":"ERİŞME KONTROLLÜ KARAYOLU (OTOYOL)","durum_2016":"İNŞAAT","durum_2025":"MEVCUT","adi":null,"shape_leng":null,"SHAPE__Length":1946.3193204004363}},{"type":"Feature","id":660,"geometry":{"type":"LineString","coordinates":[[29.195913349402275,41.190880156654366],[29.195923025156215,41.191922769497026],[29.195926880725395,41.192008641027535],[29.19593755630423,41.192094185267521],[29.19595501596012,41.192179095996281],[29.195979195014292,41.192263067670787],[29.196010009025162,41.192345800157334],[29.196047345703324,41.192426996703709],[29.196091071199774,41.19250636664281],[29.196141030105984,41.192583625392658],[29.196197042758904,41.192658496484249],[29.19625890883421,41.192730710885471],[29.196326405549687,41.192800011056576],[29.196399292156919,41.192866146894438],[29.196477307246077,41.192928883168037],[29.196560170542831,41.192987993434443],[29.196647586501452,41.193043267474401],[29.196739239813247,41.193094505884361],[29.196834804389798,41.193141526160204],[29.196933935278032,41.193184159316829],[29.197036279440049,41.19322225191641],[29.197141469464867,41.193255668771727],[29.197249128060076,41.193284288890432],[29.197358868950161,41.193308010882546],[29.197470299571247,41.193326748904596],[29.197583021071402,41.193340436039414],[29.197696628310457,41.193349023619923],[29.197810715249869,41.193352480553393],[29.197924873156143,41.193350793997105],[29.198038691499285,41.193343970710416],[29.198151764240734,41.193332035026721],[29.198263684443674,41.193315029529749],[29.198374052357767,41.193293015053236],[29.19848247182605,41.193266070681261],[29.198588554776258,41.193234292396319],[29.198691920322737,41.19319779510726],[29.198937880844177,41.193103682949165],[29.199342984206382,41.19294867514931],[29.199479748216817,41.19289634289089],[29.199660027517918,41.192830207083539],[29.199843169749833,41.192768685452279],[29.20002896560511,41.192711847636311],[29.200217203081326,41.192659758541936],[29.200407669277745,41.192612477666984],[29.200600145903802,41.192570058424522],[29.200794415567128,41.192532549494658],[29.200990255485586,41.192499993472921],[29.201187443775282,41.192472427545695],[29.201879081865361,41.192384817991474],[29.204448907669999,41.192059261042488],[29.205183985592289,41.191966126755339],[29.205346092873505,41.191943072830156],[29.205506858970015,41.191915205177175],[29.205666032353513,41.191882567053668],[29.20582336239406,41.191845210503665],[29.205978603851563,41.19180319365433],[29.206131510587671,41.191756582067775],[29.206281844548762,41.191705449417285],[29.206429368579663,41.19164987613528],[29.206573851813356,41.191589949413519],[29.20671506697601,41.191525762527142],[29.206852793082103,41.191457416862718],[29.206986812739338,41.191385019890362],[29.207116917538588,41.191308684487979],[29.207140572874955,41.191294235757219],[29.207780598260371,41.190903293425855]]},"properties":{"objectid_12":660,"objectid":null,"metin":"ERİŞME KONTROLLÜ KARAYOLU (OTOYOL)","durum_2016":"MEVCUT","durum_2025":"MEVCUT","adi":null,"shape_leng":null,"SHAPE__Length":1670.7725446899578}},{"type":"Feature","id":672,"geometry":{"type":"LineString","coordinates":[[29.402141631946563,41.10081026671299],[29.401838298722897,41.10083518582455],[29.401535820695365,41.100865437093425],[29.401234363154007,41.1009010042659],[29.400934089592187,41.100941867702517],[29.40063516529991,41.100988005054745],[29.400337752872279,41.101039390588227],[29.400042013107711,41.101095997890575],[29.399748109499576,41.101157794455823],[29.399456201947991,41.101224747099991],[29.399166448556482,41.101296819253442],[29.398879009225126,41.101373971637756],[29.398594038464161,41.101456162265833],[29.39831169437711,41.101543346441929],[29.398032128779217,41.101635476084745],[29.397755495282443,41.10173250040458],[29.397481945702012,41.101834367933904],[29.397211627361635,41.101941021789081],[29.396944689381709,41.102052404408859],[29.396681276390954,41.102168454846911],[29.396421532119817,41.102289109448492],[29.391253421882332,41.104752001021851],[29.387557320713807,41.106513141865904],[29.387141034224641,41.106711482863034],[29.386901101398749,41.10682903177409],[29.38666497203981,41.106950873835039],[29.386432779996749,41.107076939304932],[29.386204660016858,41.107207155735118],[29.385980741457558,41.107341449322902],[29.385761152777942,41.107479742204383],[29.385546019742122,41.10762195516174],[29.385335467215942,41.107768006946614],[29.385129613777011,41.1079178142801],[29.384928578002938,41.10807129049914],[29.384732475776435,41.108228347587236],[29.384541418488524,41.10838889617424],[29.384355516632063,41.10855284418313],[29.384174876208192,41.108720097506477],[29.383999600523229,41.108890560007026],[29.383829789290136,41.109064134871012],[29.383665542221902,41.109240721224346],[29.383506950946696,41.109420218870184],[29.383354107092682,41.109602524228521],[29.383207098694751,41.109787533719825],[29.383066010194518,41.109975141058243],[29.382930921542105,41.110165237928264],[29.382801909992587,41.110357716015351],[29.382679051004423,41.110552465652269],[29.382562413747952,41.110749373788749],[29.38245206559677,41.110948328729307],[29.382348068534625,41.111149216072299],[29.382250483646995,41.111351920740468],[29.382159366629406,41.111556326304303],[29.382074768685857,41.11176231565863],[29.381996739223645,41.111969771022849],[29.381925323158562,41.11217857394103],[29.381860560914777,41.112388603928075],[29.381802489323245,41.112599740500542],[29.381751141621589,41.112811863853146],[29.381706548352575,41.11302485147489],[29.381668733770692,41.113238581533153],[29.38153312858698,41.114077992880112],[29.381011793108467,41.117304919260832],[29.380906828560782,41.117954579089407],[29.380868879231603,41.11817109213635],[29.380823950890967,41.118386844481137],[29.380772069590069,41.118601708903057],[29.380713264973245,41.118815558859765],[29.38064757387146,41.1190282671338],[29.380575033115651,41.119239707862803],[29.380495686723226,41.119449755862632],[29.380409582304939,41.11965828730419],[29.380316769268092,41.119865178359788],[29.380217303308246,41.120070306556762],[29.3801112428159,41.120273551453913],[29.379998651571462,41.12047479125799],[29.379879596050245,41.1206739082374],[29.379754145422488,41.120870783985019],[29.379622375146717,41.121065301448368],[29.379484363376381,41.121257346959766],[29.379340190061484,41.121446806175854],[29.37918994233862,41.121633566107619],[29.379033709141055,41.121817517827438],[29.378871581198577,41.121998551055079],[29.378703656427557,41.122176560248008],[29.378530032744383,41.122351438511231],[29.378350813455327,41.12252308301052],[29.378166105459869,41.122691392942329],[29.377976016555834,41.122856267503892],[29.37778065993102,41.123017609952775],[29.377580151468017,41.123175324223979],[29.377374608846175,41.123329317636099],[29.377164155134672,41.123479498861464],[29.376948914301003,41.123625778602644],[29.376729013007662,41.123768070945729],[29.376504581510357,41.123906292007007],[29.376275753658025,41.124040358579364],[29.376042665096321,41.124170192869116],[29.375805451470814,41.124295717082362],[29.375564255613643,41.124416857485024],[29.37531921856035,41.124533542372916],[29.375070486736256,41.124645702748055],[29.374818206566832,41.124753271642035],[29.37456252717233,41.124856186146147],[29.374303600368112,41.124954385380967],[29.374041578867729,41.125047810496696],[29.373776618079717,41.125136407379387],[29.373508874310986,41.125220122591081],[29.373238506563268,41.125298906753073],[29.372965674736754,41.125372713869091],[29.372690540528176,41.125441499295469],[29.372413266532572,41.125505223800808],[29.372134016243361,41.125563848152758],[29.37185295584883,41.125617338531342],[29.371570251537339,41.125665663145512],[29.371286070395524,41.125708793586348],[29.371000580408339,41.125746704150629],[29.370713950459066,41.125779371840594],[29.370426350329264,41.125806778393851],[29.370137949800583,41.125828906900246],[29.369848920451165,41.125845744508403],[29.369559433859298,41.125857281072264],[29.369269658908188,41.125863510504637],[29.368979769871078,41.125864428070344],[29.36868993563116,41.125860033769619],[29.36840032956334,41.125850329631334],[29.368111123245829,41.125835322419903],[29.367822486460216,41.12581502025175],[29.366507133695311,41.12570865689851],[29.352987184140439,41.124614502220801],[29.352694681904172,41.12458815147339],[29.352403087864609,41.12455660377973],[29.352112564616888,41.124519876049476],[29.351823273857743,41.124477989927911],[29.351535377283906,41.124430967735712],[29.351249035693833,41.124378836529296],[29.350964408089325,41.124321624717361],[29.350681654370501,41.124259364090904],[29.350400931742513,41.124192090500088],[29.350122396512283,41.124119839793885],[29.349846204986584,41.124042653910692],[29.349572510777389,41.123960574787951],[29.349301466598291,41.123873649098883],[29.349033223366245,41.123781924192812],[29.348767931099932,41.123685452154909],[29.348505738919634,41.123584286423188],[29.348246790555827,41.123478483818282],[29.347991233332223,41.123368103190394],[29.347739207386009,41.12325320541926],[29.347490855549292,41.123133855444188],[29.346507535384799,41.122649052261991],[29.346262762436151,41.122531348288803],[29.346014415989348,41.12241797028868],[29.345762632588254,41.122308980541135],[29.345507546980162,41.12220443726504],[29.34524929750566,41.122104398678616],[29.344988026098555,41.122008917585916],[29.34472387289599,41.121918046113592],[29.344456982526772,41.121831834357565],[29.344187497823004,41.12175032902941],[29.343915567006711,41.121673573456313],[29.343641336503278,41.121601610288018],[29.343364956331389,41.121534477436313],[29.343086574713066,41.121472212135473],[29.342806343463554,41.121414848235133],[29.342524414398163,41.121362416877155],[29.342240941128793,41.121314946495566],[29.341956076369023,41.121272462139643],[29.341669976425774,41.121234988180916],[29.341382794910917,41.121202543576167],[29.341094688131289,41.121175146604223],[29.340805812393807,41.121152812835966],[29.3405163249036,41.121135553104104],[29.340226381967572,41.121123377563414],[29.339936140790837,41.121116292307221],[29.339645760375248,41.121114301397434],[29.339355396129314,41.121117406188048],[29.33906520705488,41.121125604648086],[29.338775350357103,41.1211388927154],[29.338485983241174,41.121157262942923],[29.325840305561833,41.122072467449826],[29.325493602574529,41.122094936923773],[29.325146383055966,41.122112296556324],[29.324798779058476,41.122124540937968],[29.324450923532698,41.122131664657751],[29.324102950327603,41.122133665010558],[29.323754991495562,41.122130541320203],[29.323407179987239,41.122122294939317],[29.323059648753251,41.122108929249492],[29.322712530744319,41.122090448307944],[29.322365958911064,41.122066860230767],[29.322020065305882,41.122038173809813],[29.321674981981047,41.122004399865638],[29.321330840988967,41.121965550571261],[29.320987773483651,41.121921642158746],[29.32064591061911,41.121872690182286],[29.320305383549425,41.121818714255291],[29.319966322530259,41.121759734666746],[29.319628856020753,41.1216957737347],[29.319293113378269,41.121626855806362],[29.318959223061867,41.121553007934693],[29.318627313530701,41.121474257171649],[29.318297509650566,41.121390634628682],[29.317969938982213,41.121302171416076],[29.317644726391475,41.121208902026993],[29.317321995845848,41.121110861630356],[29.317001870414575,41.121008087424435],[29.316684473166813,41.120900619313595],[29.316369924476817,41.120788497878159],[29.316058345617162,41.120671766404676],[29.315749854267128,41.120550469532425],[29.315444569902667,41.12042465257678],[29.315142607508104,41.120294364236187],[29.314844083864468,41.120159654562009],[29.307293316303355,41.116677670866324],[29.307011919040615,41.116550800881974],[29.30672713602754,41.11642829445362],[29.306439085841795,41.116310202363451],[29.306147888857616,41.116196574039535],[29.305853668144202,41.1160874568791],[29.305556545872403,41.115982897601967],[29.305256646908038,41.11588293818982],[29.30495409611698,41.115787622654146],[29.304649020161676,41.115696988914493],[29.304341547501153,41.115611076243404],[29.304031805696262,41.115529919851781],[29.303719925900975,41.115453554272932],[29.303406037472712,41.115382011332287],[29.303090272463812,41.115315320823797],[29.302772762028322,41.115253511187113],[29.302453640015202,41.115196607476882],[29.302133039375168,41.115144634069999],[29.301811094855431,41.115097612635211],[29.301487941203309,41.115055562809786],[29.301163713166154,41.115018502199653],[29.3008385463895,41.114986445702556],[29.300512577417269,41.114959408215007],[29.300185942793462,41.114937399894913],[29.2998587781636,41.114920430222384],[29.2995312218683,41.114908506645918],[29.299203410451458,41.114901633905717],[29.298875480456996,41.114899814710533],[29.290200404842473,41.114918960248126]]},"properties":{"objectid_12":672,"objectid":null,"metin":"ERİŞME KONTROLLÜ KARAYOLU (OTOYOL)","durum_2016":"İNŞAAT","durum_2025":"MEVCUT","adi":"KUZEY MARMARA OTOYOLU (3. BOĞAZ KÖPRÜSÜ DAHİL)","shape_leng":null,"SHAPE__Length":14862.2883218434}},{"type":"Feature","id":674,"geometry":{"type":"LineString","coordinates":[[29.310732405875846,40.947118690541778],[29.317111727187314,40.956128064901804],[29.317415683841801,40.956557266829677],[29.317656286810852,40.956902493754818],[29.317890885440576,40.957250068196942],[29.318119439306731,40.957599929741001],[29.318341908883472,40.957952019329916],[29.318558257339863,40.958306275193905],[29.318768446048356,40.958662638277971],[29.318972439974669,40.959021046136186],[29.319170204084465,40.959381438359038],[29.319361704241775,40.959743752502838],[29.31954690720897,40.960107926803587],[29.319725782443271,40.960473898141707],[29.319898298503688,40.960841604755679],[29.320064424847523,40.961210982850055],[29.320224135423544,40.961581969987314],[29.320377400587432,40.961954501017992],[29.320524196084651,40.962328513507245],[29.32066449496573,40.962703942986558],[29.32079827387448,40.963080724988743],[29.320925509454668,40.963458795048041],[29.321046181045102,40.963838088021731],[29.321160267086178,40.964218538768506],[29.321267748713289,40.964600082826827],[29.32136860616351,40.964982653701632],[29.321462824165447,40.965366187612666],[29.321550384752829,40.965750616711162],[29.321631273552608,40.966135876541465],[29.321705476191681,40.966521900614381],[29.321772980992034,40.96690862312078],[29.321833776275497,40.967295976896153],[29.321924792681781,40.967909885453025],[29.321977786995351,40.96826733079088],[29.322008380020673,40.96845106598682],[29.322045860429263,40.968634071509761],[29.32209019767841,40.968816200855585],[29.322141355835548,40.968997306843463],[29.322199295374737,40.969177244329096],[29.322263967786977,40.969355868847828],[29.322335321868319,40.969533036614926],[29.322413300126566,40.969708605203607],[29.322497839679613,40.969882432866711],[29.322588873153872,40.97005438057171],[29.322686326887485,40.970224309287154],[29.322790122726978,40.970392083374371],[29.322900177129085,40.970557567874089],[29.323016402058848,40.970720628506363],[29.323138703193216,40.970881135740335],[29.323266982615763,40.971038959367668],[29.323401137020301,40.971193972572458],[29.323541058608967,40.971346051930844],[29.323686635092329,40.971495074019657],[29.323837749689424,40.971640918807914],[29.323994279331064,40.971783470334593],[29.324156100049702,40.971922612639375],[29.324323080691336,40.972058235188314],[29.324495087407001,40.97219022744779],[29.324671981856138,40.972318484988925],[29.324853621206575,40.972442902704543],[29.325039859931284,40.972563382270316],[29.325230548909886,40.972679826040086],[29.325425533632203,40.972792141115306],[29.325624657791348,40.972900235953958],[29.325827760588865,40.973004025117945],[29.326034680328057,40.973103423847078],[29.32725597139784,40.973670943887001]]},"properties":{"objectid_12":674,"objectid":null,"metin":"ERİŞME KONTROLLÜ KARAYOLU (OTOYOL)","durum_2016":"MEVCUT","durum_2025":"MEVCUT","adi":"KUZEY MARMARA OTOYOLU (3. BOĞAZ KÖPRÜSÜ DAHİL)","shape_leng":null,"SHAPE__Length":4422.6550166519155}},{"type":"Feature","id":676,"geometry":{"type":"LineString","coordinates":[[29.41606791016569,40.932649517736664],[29.410345984962309,40.93891539936287],[29.410213021723823,40.939056417378467],[29.410074308369218,40.939194238245101],[29.409929981442424,40.939328728979021],[29.409780180182281,40.93945975931139],[29.409625049217553,40.939587201009594],[29.4094647394652,40.939710931948753],[29.409299406333769,40.939830830682915],[29.409129210621764,40.93994678187358],[29.408954316720763,40.940058672896683],[29.408774895310756,40.940166395199739],[29.408591119766552,40.940269843623035],[29.408403168852903,40.940368919113943],[29.408211224029532,40.9404635246553],[29.408015472145959,40.940553568658316],[29.407816102746743,40.940638963605096],[29.407613309867987,40.940719627405976],[29.40740728934243,40.940795481363402],[29.407198242392646,40.940866451529359],[29.406986370241327,40.940932469383533],[29.406771878602605,40.94099347115484],[29.406554976783998,40.941049397821352],[29.406335874991274,40.941100194431534],[29.406114784328473,40.941145811461503],[29.405891920391337,40.941186206171913],[29.405667499673797,40.941221338536664],[29.405441738669854,40.941251173956999],[29.405252126771241,40.941273868763183],[29.403304080670306,40.941507007654749]]},"properties":{"objectid_12":676,"objectid":null,"metin":"ERİŞME KONTROLLÜ KARAYOLU (OTOYOL)","durum_2016":"PROJE","durum_2025":"MEVCUT","adi":null,"shape_leng":null,"SHAPE__Length":2025.9870423199472}},{"type":"Feature","id":683,"geometry":{"type":"LineString","coordinates":[[29.346270108858544,40.929934676877203],[29.347578926379757,40.931713689264605],[29.347621667322663,40.931767314957817],[29.347669240303482,40.93181856662688],[29.347721414455169,40.931867194527761],[29.347777938249465,40.931912963847381],[29.347838536801902,40.931955654025145],[29.348026486817243,40.932079080286272],[29.348087086267977,40.932121770356645],[29.348143610062273,40.932167540178639],[29.348195785112296,40.932216167822617],[29.348243358991443,40.932267418464882],[29.348286100832677,40.93232104438728],[29.349467928912034,40.933927307116079]]},"properties":{"objectid_12":683,"objectid":null,"metin":"BİRİNCİ DERECE YOL","durum_2016":"MEVCUT","durum_2025":"MEVCUT","adi":null,"shape_leng":null,"SHAPE__Length":690.64617012773215}},{"type":"Feature","id":685,"geometry":{"type":"LineString","coordinates":[[29.416196599220051,40.92797863639813],[29.41379288628449,40.926623467735531],[29.413377489127413,40.926361402042986],[29.412528630591261,40.925873895163349],[29.412372599514608,40.925787279098998],[29.412212912294773,40.925704554763605],[29.412049738713307,40.925625809049343],[29.40925158721458,40.924323478607846],[29.409160280652472,40.924278764231381],[29.40907177952899,40.924230938453455],[29.408986269795417,40.924180100364296],[29.408903931114796,40.92412635719888],[29.408824935065336,40.924069821622339],[29.408497279955355,40.923824350747431],[29.40841809256472,40.923768519455741],[29.408334559124796,40.923716428036073],[29.408246990452572,40.923668269262905],[29.408155709043271,40.923624220977757],[29.408061053561813,40.923584446768324],[29.405887788141023,40.922735695854961],[29.405771528176935,40.92269327801268],[29.405652381925876,40.922655709219818],[29.405530703324001,40.922623102838003],[29.405406854392403,40.92259555458002],[29.40528120254206,40.922573146582565],[29.405173229536466,40.922556227735114],[29.403461080130828,40.922287933848558],[29.403398532234228,40.922276785118079],[29.403336877263005,40.922263088297711],[29.403276297575175,40.922246882754266],[29.403259675149155,40.922242049938056],[29.402043913209933,40.921888490461257],[29.40199188009376,40.92187053699282],[29.401943071929395,40.921847997746866],[29.401898193894439,40.921821197849901],[29.401857892775851,40.921790524196126],[29.401822752478566,40.921756420017907],[29.401793278754091,40.921719377419365],[29.401769896505574,40.921679931267995],[29.401752945296153,40.921638651049697],[29.401744570302775,40.921612961540156],[29.401518098731426,40.920918324195604],[29.401498863106251,40.92084867115495],[29.4014862705226,40.920778156667367],[29.401480383862559,40.920707142520911],[29.40148123546544,40.920635991862774],[29.401488819043067,40.920565069878137],[29.401503095967872,40.920494738359722],[29.401523994374646,40.92042535910182],[29.401545053579834,40.920365446794882],[29.401712811264225,40.919888199725499],[29.401730925791931,40.919826548547483],[29.40174227690385,40.919763980943117],[29.401746789141505,40.91970092047616],[29.401744430165596,40.919637792748496],[29.401735217942331,40.919575024721297],[29.401719213557236,40.919513040641924],[29.401696524808116,40.919452259329205],[29.401554535297667,40.919124214540496],[29.401057781318595,40.917976514016878],[29.400995977227055,40.91784102812283],[29.40092850925765,40.917707094396292],[29.400855443885696,40.917574847251913],[29.400776856569689,40.917444420426435],[29.400692825463068,40.917315945621134],[29.400603435905765,40.91718955318057],[29.400508777729346,40.917065369377042],[29.40048243193867,40.917032044082376],[29.399952874180393,40.916362190081941],[29.399866171484103,40.916248802840357],[29.399783863346183,40.91613356016444],[29.399706017140314,40.916016560474866],[29.399632700240076,40.915897901514057],[29.399563973730935,40.91577768374033],[29.399499895105112,40.91565600829145],[29.39879177652282,40.914252459328317],[29.398722009764608,40.914120456447108],[29.398646774062932,40.913990179620704],[29.398566143977959,40.913861758520049],[29.39848019945979,40.913735321459356],[29.398454607355678,40.913699088311752],[29.396971774485856,40.911599653259046],[29.396908952603077,40.911515123684218],[29.396841372344273,40.911432717529685],[29.396769157676871,40.911352586872091],[29.396692444246572,40.91127488107314],[29.396611373088788,40.911199744063836],[29.396526094222267,40.911127315702316],[29.396436767547023,40.911057730416005],[29.396287072288068,40.910946055043325],[29.395193334802109,40.910130087060303],[29.395093973945155,40.910052925653368],[29.394998760609901,40.909972833378241],[29.394907846611549,40.909889937177269],[29.394821375680614,40.909804368066489],[29.394739486157643,40.909716263172278],[29.394662306501687,40.909625761658219],[29.394589960680275,40.909533007440537],[29.394522563677775,40.909438147830613],[29.394460221495372,40.909341334213778],[29.394407168791325,40.909254617052554],[29.393702586876337,40.908102944633086],[29.393630124273933,40.907990382362264],[29.393551802859267,40.907880083398496],[29.393467746599796,40.907772222234364],[29.393378087547923,40.907666969968574],[29.393282968535765,40.90756449159047],[29.393182538683629,40.907464948695399],[29.393076956993344,40.907368499484761],[29.3929663887549,40.907275295371342],[29.392851010936429,40.907185484373564],[29.392731003200986,40.907099207042116],[29.392719063692564,40.90709096085687],[29.39201681110908,40.906605939290124],[29.391343209393288,40.906003676103879],[29.39127017456407,40.905941356127251],[29.391193398251673,40.905881659494234],[29.391113045746138,40.90582471520959],[29.391029290422328,40.905770644809849],[29.390942310146599,40.905719564400187],[29.390135887126167,40.90526828767532],[29.390065354105001,40.90523170973826],[29.389991512588654,40.905199073035561],[29.389914747954361,40.905170549345385],[29.38983545995244,40.905146286682402],[29.389754061807913,40.905126412013352],[29.389670978423901,40.905111027862645],[29.387620497431115,40.90479038981622],[29.387487706669173,40.904772002610372],[29.387353943930108,40.904758216615775],[29.387219487691649,40.904749060351044],[29.387084619126455,40.904744553507584],[29.386949618508922,40.904744704233572],[29.386814767910071,40.904749513208031],[29.38668034850253,40.904758969566743],[29.386546639662384,40.90477305497626],[29.38641392166398,40.904791738202071],[29.386282470290144,40.904814981898305],[29.38615256042533,40.904842737176089],[29.386024462462426,40.904874945640522],[29.385406575158882,40.905042198697849],[29.385293444026956,40.905070416240278],[29.385178577349865,40.905094293970741],[29.385062265283516,40.905113770110333],[29.38494480427191,40.905128796457952],[29.384826489860796,40.905139333638076],[29.384707624782394,40.905145355853037],[29.382267158175285,40.905222336956847],[29.382142974172108,40.905228731223922],[29.382019406413203,40.905240053922775],[29.381896798953328,40.905256274498541],[29.381775489559054,40.905277347458643],[29.380359455413771,40.905553144075689],[29.376790299669604,40.903815446020076],[29.376524861876192,40.90368620534592],[29.376430581890492,40.903637838476826],[29.376339479245946,40.903586110051826],[29.376251763250036,40.90353113888078],[29.376167635125366,40.903473051920948],[29.376087289806367,40.903411982919202],[29.375888063239284,40.903253125849048],[29.375634237069224,40.903050730562214],[29.375493820508861,40.902942431057546],[29.375348636589258,40.90283778353156],[29.375198851498798,40.902736908178653],[29.375044636815652,40.902639921119643],[29.374886169507942,40.902546932364423],[29.374723630137087,40.902458049207148],[29.374557205552591,40.902373372830844],[29.374387085299034,40.902293001023651],[29.374213465209113,40.902217024783383],[29.374036543810568,40.902145532391707],[29.37385652322423,40.902078603982027],[29.373673610062706,40.902016318329146],[29.373488013633459,40.901958744701652],[29.373299946837154,40.901905950330303],[29.373109623472839,40.901857995655469],[29.372917263627773,40.901814934326715],[29.372723085592614,40.901776817276875],[29.36775564641318,40.900870079384902],[29.36718408163556,40.900710297539376]]},"properties":{"objectid_12":685,"objectid":-1,"metin":"BİRİNCİ DERECE YOL","durum_2016":"MEVCUT","durum_2025":"MEVCUT","adi":null,"shape_leng":null,"SHAPE__Length":7483.8629480176496}},{"type":"Feature","id":686,"geometry":{"type":"LineString","coordinates":[[29.416196599220051,40.92797863639813],[29.416317048028265,40.927845629968949],[29.416378349063262,40.927781969089231],[29.416444468661425,40.927721123437607],[29.416515182243977,40.927663301386069],[29.416590248164063,40.927608700447536],[29.416669408605223,40.927557507275687],[29.416752394072851,40.927509896986244],[29.416838920699309,40.927466032477973],[29.416928692040621,40.927426063753877],[29.417021401771194,40.927390126563814],[29.417116732785768,40.927358345118954],[29.41719723800492,40.927333625678948],[29.417912296971057,40.927114060638232],[29.418116398695183,40.927049704726244],[29.41831887446866,40.926982481848242],[29.418519655121187,40.926912414393172],[29.418718668787555,40.926839528143333],[29.419373985295731,40.926593792673962],[29.41953061554867,40.926537200838133],[29.41968937480884,40.92648410166138],[29.419850125633971,40.926434541305277],[29.420012729683545,40.926388562537383],[29.420177046820388,40.926346204052521],[29.420342937805579,40.926307502508685],[29.421070722306062,40.926146513589593],[29.421176937308609,40.926125027149212],[29.42128435785029,40.92610729270293],[29.421392753962387,40.926093347583667],[29.421501889387923,40.926083223015283],[29.421611530564995,40.926076940040069],[29.421721439440002,40.926074512912436],[29.422673285331889,40.926070219285343],[29.422756546582331,40.926067623833134],[29.422839359573423,40.926060607152436],[29.422921313775085,40.926049203178167],[29.423002002250538,40.926033469599965],[29.423081024351141,40.926013483110879],[29.423151871782665,40.925993444353736],[29.424037441769531,40.925742968200112],[29.42414336122636,40.925715149750339],[29.42425090483724,40.925691153222829],[29.424359832751954,40.9256710315627],[29.42446989883215,40.925654830927364],[29.424580857837736,40.925642587292309],[29.424774611868092,40.925624740725823],[29.426773777498621,40.925440580222016],[29.426862354978887,40.925429750349394],[29.426949600257583,40.925413905311359],[29.427035015668068,40.92539313537592],[29.427118114323434,40.925367557959412],[29.427198424608143,40.925337318984212],[29.42727548927974,40.925302591521337],[29.427348868163715,40.925263571718169],[29.427418144441805,40.925220482871254],[29.427482923753566,40.925173570675064],[29.427542836891448,40.925123100507562],[29.427597542495619,40.92506936150275],[29.427646729748989,40.925012658405919],[29.427690118377232,40.924953314288906],[29.427727462241901,40.924891667156814],[29.427758546645663,40.92482806859033],[29.42778319641705,40.92476287967375],[29.427801270520586,40.924696471673784],[29.427828117571178,40.924575745234115],[29.428193304293721,40.92293354429038],[29.428208330413469,40.922877051134058],[29.428228095146373,40.922821396877296],[29.428252519440626,40.922766808907149],[29.428281501786646,40.922713509181264],[29.428314925403416,40.922661714906624],[29.428359252771092,40.922598260806922],[29.428591335219707,40.922266031427604],[29.428631273418929,40.922203057514864],[29.428664652119913,40.922137940673394],[29.42869127369336,40.922071069831013],[29.428710978239128,40.922002844098465],[29.428723648077892,40.921933672769541],[29.428729206852864,40.921863967854847],[29.428733766701264,40.921704493990212],[29.428753425432948,40.921016851067392],[29.428751371884211,40.92096839709432],[29.428742457003317,40.920920388365374],[29.4287267814016,40.920873378766331],[29.428704528335402,40.920827909287702],[29.428675952027906,40.920784504630554],[29.428619178501943,40.920708788567516],[29.428313730644078,40.920301424382806],[29.428279679104932,40.920251226760833],[29.428251272579018,40.920199061975055],[29.428228707797391,40.920145292493622],[29.428212141965222,40.920090290967366],[29.428201688270264,40.920034438872761],[29.428197420374353,40.919978123117609],[29.428199367023566,40.919921734005207],[29.428212194067523,40.919778653026206],[29.428295805660895,40.918845919520741],[29.428296774943096,40.918798848032928],[29.428291256592292,40.918751955036605],[29.428279308100699,40.91870575167048],[29.428261061520658,40.918660738214001],[29.428236713583189,40.918617404765712],[29.428148413682329,40.918480596515565],[29.427442650482757,40.917387088992015],[29.427419950953833,40.917347126391014],[29.42740244099231,40.917305699557467],[29.427390284091558,40.917263192699423],[29.427383590744384,40.917219999529046],[29.427382424731157,40.917176520547976],[29.427386795933327,40.917133157616277],[29.427396663926711,40.917090313274073],[29.427439996859398,40.916944186406859],[29.428309637021339,40.914011422904409],[29.428326791250008,40.913965211472913],[29.428350349568323,40.913920640115144],[29.428380045176677,40.913878213900382],[29.428415541206817,40.913838414139342],[29.428456436111816,40.913801692274028],[29.428540019857415,40.913734307251943],[29.429333593376032,40.913094521186736],[29.429369414596287,40.913062809578591],[29.429401204177577,40.913028732124843],[29.429428689930333,40.912992579374439],[29.429451636495955,40.91295466224269],[29.42946984714338,40.91291530454378],[29.429506269336564,40.9128231577712],[29.430060352000467,40.911421308994846],[29.430092535942141,40.911348275316683],[29.430131027853744,40.911277005285399],[29.430175658851997,40.911207810512408],[29.430226234002522,40.911140992427157],[29.430282535014605,40.911076841597882],[29.430344313953324,40.911015638410497],[29.430411302222378,40.910957649673861],[29.430483208767612,40.910903128619772],[29.430559719178696,40.910852311508087],[29.430640500180619,40.910805421021351],[29.430725198735484,40.91076266151201],[29.430813447432378,40.910724219681406],[29.430904860894007,40.910690261863785],[29.430999039370079,40.9106609374209],[29.431095573228831,40.910636373310503],[29.431194042058703,40.910616676801823],[29.431294015566642,40.910601934117672],[29.431395058968128,40.910592209755656],[29.431496731190318,40.910587545808816],[29.43159858936373,40.910587961965916],[29.431700188822354,40.910593457548046],[29.43180108669678,40.910604007435161],[29.431998687313179,40.910629908283298],[29.436136302359024,40.911172175430664],[29.436456504147088,40.911211346796478],[29.436777765947195,40.911245204551207],[29.437099932350808,40.911273730373274],[29.437422848847664,40.911296912728631],[29.437746360029266,40.911314738724315],[29.438070311385353,40.911327200896864],[29.438394545710715,40.911334293139454],[29.438718907596868,40.911336011380563],[29.439043241635275,40.911332355620608],[29.439367391519021,40.911323327216394],[29.43969120183959,40.911308930239109],[29.440014517188455,40.911289172152777],[29.440337181258734,40.911264061778127],[29.440659038641879,40.911233612007671],[29.440979936624288,40.911197837090604],[29.441299718899142,40.911156753990227],[29.441618232752791,40.911110382384216],[29.441935324573372,40.911058745343425],[29.44225084254553,40.911001866616282],[29.442564633955772,40.910939774702406],[29.442876549683643,40.910872498100218],[29.443186437913962,40.910800070059118],[29.443494151322941,40.910722525185363],[29.443799540790302,40.91063990079958],[29.444102460788965,40.910552236258241],[29.444402763995189,40.910459573632238],[29.444700307576827,40.910361958386062],[29.444994946905187,40.910259435983441],[29.445286542741375,40.910152056639397],[29.445574953151525,40.910039871926031],[29.445860038896857,40.909922936130329],[29.446141665229991,40.909801304217474],[29.446419694708752,40.909675035225547],[29.446693994382429,40.909544189549685],[29.446964433097044,40.909408830979181],[29.44723088059683,40.909269023981807],[29.447493207524424,40.909124835740478],[29.447751289013969,40.908976334795781],[29.448005001097965,40.908823593761369],[29.448254220707241,40.908666685250807],[29.44849882926416,40.908505685271976],[29.448560661203469,40.908464121189951],[29.450198464239602,40.907363157749266]]},"properties":{"objectid_12":686,"objectid":-1,"metin":"BİRİNCİ DERECE YOL","durum_2016":"MEVCUT","durum_2025":"MEVCUT","adi":null,"shape_leng":null,"SHAPE__Length":5983.493426836616}},{"type":"Feature","id":687,"geometry":{"type":"MultiLineString","coordinates":[[[29.416196599220051,40.92797863639813],[29.415502022740661,40.929572871737783],[29.415460273537825,40.929668694701164],[29.415410459260379,40.929775479032152],[29.415354773594238,40.929880594975707],[29.415293313557456,40.9299838572583],[29.415226186947852,40.930085086715614],[29.415153512343032,40.930184104184207],[29.4150754164055,40.930280736609618],[29.414992035679145,40.930374815688957],[29.414903516589362,40.93046617515612],[29.414427009738471,40.930936880084616],[29.407525882231276,40.937752982897301],[29.406720658461733,40.938548166432618],[29.40656298436646,40.938700454019838],[29.406401014527471,40.938850146305853],[29.406234823504946,40.938997174091618],[29.406064487655719,40.939141469535777],[29.405331367162475,40.939749223239978],[29.404203755105435,40.940683975662985],[29.403958459337307,40.940887312279997],[29.403877546283049,40.940958039417737],[29.403801588335877,40.941031835667026],[29.403730790311734,40.941108502874449],[29.403665341755069,40.941187836779825],[29.403605418735719,40.941269622945178],[29.403551181153802,40.941353642861849],[29.40350277363811,40.941439671236388],[29.403460328240921,40.941527477347726],[29.403423957251707,40.941616825047298],[29.403393758586784,40.941707475473493],[29.403369813094585,40.941799185016002],[29.403352185453741,40.941891708029985],[29.403340922376739,40.941984796157804],[29.4033360544062,40.942078199686016],[29.403337595016922,40.942171668224034],[29.403385592002536,40.943123487229741],[29.403400436662608,40.943417857973856],[29.403403470273332,40.943541205821646],[29.403400134828679,40.943664548010702],[29.403390434820256,40.943787698619694],[29.403374384621046,40.94391046969308],[29.403352010282276,40.944032674633767],[29.40332530336887,40.944160162470368],[29.403197270983021,40.94477133595128],[29.403122588643562,40.945127831808449],[29.403104644795739,40.945226171270512],[29.40309191476987,40.945324974021617],[29.403084417430495,40.945424081284017],[29.403082165354075,40.94552333563815],[29.403085195371553,40.946331800591473],[29.403088006200065,40.947081608558989],[29.403090553822203,40.947761161153082],[29.40308769358634,40.947952568946263],[29.40307767916757,40.948143838449106],[29.403060518650683,40.948334818357594],[29.403036225510441,40.948525354655594],[29.403004818611485,40.948715297399701],[29.402966324004932,40.948904493255739],[29.402928522897771,40.949074268811493],[29.402799820368688,40.949652305083255],[29.402780533539538,40.949724666122663],[29.402754726738056,40.94979585941303],[29.402722521236818,40.949865549109298],[29.402684068851094,40.949933408866357],[29.40263955014224,40.949999117768286],[29.402589174417741,40.950062369148291],[29.402533178832801,40.950122863803848],[29.402471825695539,40.950180318138059],[29.402405404263419,40.950234462124378],[29.402334226251906,40.950285041341601],[29.402258626732543,40.950331817652163],[29.402178961438185,40.950374571237532],[29.402095604068016,40.950413100597864],[29.402008947185816,40.950447225944274],[29.401919396830092,40.950476785806153],[29.401827376107352,40.950501641102136],[29.401733316208873,40.950521675818109],[29.40163766000418,40.950536794971889],[29.401540856650833,40.950546928005394],[29.401443360696415,40.950552027427605],[29.401345632078353,40.950552068814609],[29.401248129835725,40.950547051487916],[29.40115131121102,40.950536999871517],[29.401055632548438,40.950521961456417],[29.400623254537564,40.950441695681228],[29.399821191939505,40.950292797704712],[29.399517693425835,40.950236452781148],[29.399363511082051,40.950205023601754],[29.399211350845963,40.950168399290355],[29.399061520839712,40.950126654471099],[29.398914321998959,40.950079873265835],[29.398770050767681,40.950028149294155],[29.398628999098403,40.949971587030689],[29.398491449960403,40.949910301126444],[29.39835768093312,40.949844413695118],[29.398227962409489,40.949774059062719],[29.398102554900863,40.949699377661226],[29.397988045753284,40.949628005146835],[29.397459468056972,40.949298542177218],[29.397376134042997,40.94924659979857],[29.397191442217228,40.949127952331459],[29.397011465648347,40.949005240487729],[29.396836362439924,40.948878570089526],[29.396666284407164,40.948748052387096],[29.396501378873822,40.948613799987861],[29.396341790468668,40.948475930927572],[29.396187657532224,40.948334564599229],[29.396039114811778,40.948189824467299],[29.395896291664755,40.948041836710857],[29.395759312956976,40.947890729545165],[29.395628296367743,40.947736634578675],[29.395522935663006,40.94760862509046],[29.394993152427556,40.946964949992619],[29.394810299453169,40.94674278498811],[29.3947386839621,40.9466607538712],[29.394661229421665,40.94658180786616],[29.394578168495542,40.946506182429481],[29.394489750017062,40.946434106233077],[29.394396238989277,40.946365794379041],[29.394297917483094,40.946301451791669],[29.394195079247673,40.94624127186087],[29.394088032405154,40.946185435084409],[29.393977099450726,40.946134109067984],[29.393862611862712,40.946087447846402],[29.393744913695873,40.94604559120507],[29.393624357988134,40.946008664679809],[29.393501306760491,40.945976778877998],[29.393376128322291,40.945950030157199],[29.393249199067579,40.94592849791082],[29.393193903270273,40.945920334599698],[29.393021500397563,40.94589488454978],[29.392896738777644,40.945874344286928],[29.392773266240162,40.945849760015662],[29.392651311855506,40.945821177871224],[29.392531101999154,40.945788650094748],[29.392412860351534,40.945752238426138],[29.392296807898315,40.945712009354459],[29.392125868381203,40.945649356338166],[29.391545501012128,40.94543663541188],[29.391528247070443,40.945430311529798],[29.391356815276591,40.945364861350512],[29.391188277854553,40.945295253755965],[29.391022813569119,40.945221560657323],[29.390860593998465,40.945143859393333],[29.390701789822547,40.945062232052301],[29.390626722105829,40.945025383008385],[29.390548183298865,40.944992924728759],[29.390466619864302,40.944965043137984],[29.390382500722801,40.944941897018573],[29.390296306472973,40.944923619368069],[29.390208529391622,40.944910314684677],[29.390119672535295,40.944902058967173],[29.390030243452113,40.944898899036225],[29.389940754181829,40.944900853891504],[29.38985171586582,40.944907911997554],[29.389763638747141,40.944920032640646],[29.389677026780728,40.9449371466077],[29.389592374039914,40.944959156186002],[29.389510166513336,40.94498593516365],[29.389432544886269,40.945011367243481],[29.389352716996836,40.945032545595097],[29.389271088883618,40.945049361657375],[29.389188079161467,40.945061729260168],[29.389104111835241,40.945069585980988],[29.389019616299617,40.945072891109568],[29.388935022847612,40.945071628361845],[29.388850766263857,40.945065803165797],[29.388267556625202,40.94500951756396],[29.388139131675555,40.944997122810129],[29.387868821420053,40.94496863257708],[29.387599452598941,40.944935442810745],[29.387331168044401,40.944897570467411],[29.387064111486847,40.944855036573465],[29.386798423961782,40.944807862833045],[29.386534246504699,40.944756075020607],[29.386271720151143,40.944699700266632],[29.386010984139908,40.944638768415054],[29.385752177709943,40.9445733127015],[29.385495438303426,40.944503366360856],[29.385240901565989,40.944428968055661],[29.384783170402834,40.944293340296106],[29.384322999415392,40.944162510222888],[29.383860473943592,40.944036502970505],[29.383395684717271,40.943915342315663],[29.38292872066965,40.943799052034095],[29.38245966983563,40.943687653865013],[29.381988622945034,40.943581169546675],[29.381515670727751,40.943479620137822],[29.381040903015244,40.943383023303468],[29.380564410537406,40.943291399421959],[29.380086285820706,40.943204764799134],[29.379606618696627,40.943123137096968],[29.379125502590028,40.94304653126224],[29.378643029129016,40.942974961562037],[29.378159289941792,40.942908442940919],[29.377674379351422,40.942846987628073],[29.377188388087774,40.942790607173087],[29.376701411372242,40.942739311767397],[29.376213540833035,40.942693112958175],[29.375724870793182,40.94265201822035],[29.375451296958257,40.942628029879678],[29.375178536996973,40.942599237345185],[29.374906738233015,40.942565656896051],[29.37463604799014,40.942527306845996],[29.374503998338309,40.942507394559129],[29.373786570514756,40.942399206511091],[29.37354989408178,40.942360867899893],[29.373314729513456,40.942317545920979],[29.373081260066048,40.942269273814077],[29.372849668995912,40.942216089567758],[29.37262013776272,40.942158035240915],[29.372392844232927,40.942095155605898],[29.372167967171194,40.942027499505365],[29.371945682647418,40.941955120531347],[29.371726164036367,40.941878074310495],[29.371509583814625,40.941796422575962],[29.371296109967151,40.941710227738781],[29.371085909580565,40.941619558316454],[29.370879148843191,40.941524484861688],[29.370675986756833,40.941425080640911],[29.370476584119952,40.941321425027311],[29.370281096341095,40.941213597393741],[29.370089676133826,40.941101683219912],[29.369902473516831,40.940985770021079],[29.369719634915469,40.940865947348108],[29.369541302263578,40.94074231018039],[29.368075118769266,40.939697426032055],[29.36521771080114,40.937660931825739],[29.36475357375171,40.93733011911106],[29.364528194531765,40.93717289620556],[29.364298226717352,40.937019511848554],[29.364063785292789,40.936870042071817],[29.363824987937463,40.936724560871127],[29.363581951432277,40.93658314088524],[29.363334798846481,40.936445853395234],[29.363083652350927,40.936312765610502],[29.362828636811447,40.936183944740165],[29.362569879788783,40.936059454599842],[29.36230750974206,40.935939357647563],[29.362041656926991,40.93582371294783],[29.36177245519254,40.935712578207408],[29.361500037489385,40.935606009096688],[29.361224539463109,40.935504059249482],[29.360946098555949,40.935406778905886],[29.360664854006778,40.935314216269447],[29.36038094415618,40.935226417507074],[29.360094512734577,40.935143426748844],[29.359805700777489,40.935065285409692],[29.359514652913628,40.934992031510383],[29.359221512873493,40.93492370307073],[29.358926427980769,40.934860332680699],[29.358629545559129,40.934801952929064],[29.358331011135721,40.934748592331857],[29.358030975627436,40.934700277368201],[29.35772958815468,40.934657033158693],[29.357426997837749,40.934618879393952],[29.357123355593611,40.934585837120522],[29.356818813237552,40.934557921276209],[29.35651352258488,40.934535146797529],[29.356207634552536,40.934517523869488],[29.355901301854161,40.934505062675782],[29.355594678101593,40.934497768648441],[29.355287915110143,40.934495645182388],[29.35489959407408,40.934496314321905],[29.35465994601417,40.9344942797577],[29.354420457854346,40.934487355588274],[29.354181304766175,40.934475545883949],[29.353942661022728,40.934458860821699],[29.353704700897232,40.934437311934708],[29.353467598662832,40.93441091414838],[29.353231525897741,40.934379687816097],[29.352996656875124,40.934343655326224],[29.352366864199119,40.934240329278609],[29.351770646056824,40.934142507552089],[29.351683180690866,40.934128156942016],[29.351404137014153,40.934085020262515],[29.35112379976345,40.934046970678764],[29.350842330635473,40.934014031273378],[29.350559894021952,40.93398621969888],[29.350276652517902,40.933963552927885],[29.349992771413419,40.933946043859919],[29.3497084142018,40.933933702678772],[29.349423746173098,40.933926536173843],[29.349138932617322,40.933924549097377],[29.348854137926157,40.933927742807072],[29.348569527389625,40.933936114587567],[29.348467645860016,40.933940040555903],[29.347843552994455,40.933964086343586],[29.347553566939265,40.933975258890932],[29.347362707280752,40.933980019591282],[29.347171745214268,40.933979604938713],[29.346980925081631,40.933974015611732],[29.346790493021171,40.933963259074162],[29.346600694272993,40.933947348217771],[29.346411773178879,40.933926304076813],[29.346223973182184,40.933900154470962],[29.345373588408396,40.933769791079698],[29.345093039155248,40.933724098376345],[29.344814037699358,40.933673279806214],[29.34453675022904,40.933617365217962],[29.344261339339351,40.933556387852541],[29.343987965828717,40.933490383664456],[29.343346869651466,40.933329098707894],[29.34322832886491,40.933296593961067],[29.343112241377366,40.933259375952019],[29.342998935972268,40.93321755190005],[29.342888731551522,40.933171237846274],[29.342781940728869,40.933120566118895],[29.342678863541593,40.933065679904125],[29.342579792840464,40.933006732567641],[29.342485007103257,40.932943892405447],[29.342435459625452,40.932912812648233],[29.342381736778201,40.932885983305539],[29.342324474568724,40.932863721994089],[29.342264349428461,40.932846291358878],[29.34220207461971,40.932833897715682],[29.342138385862693,40.93282668833605],[29.342074036843947,40.932824748732493],[29.342009790233135,40.932828101301233],[29.341946406004997,40.932836706679282],[29.341884634252793,40.932850462387343]],[[29.385290513722492,40.944443999037439],[29.385316207336238,40.944451800870198]]]},"properties":{"objectid_12":687,"objectid":-1,"metin":"BİRİNCİ DERECE YOL","durum_2016":"MEVCUT","durum_2025":"MEVCUT","adi":null,"shape_leng":null,"SHAPE__Length":11302.027070805763}},{"type":"Feature","id":698,"geometry":{"type":"LineString","coordinates":[[29.274958189953537,41.00849010525269],[29.274402493017089,41.00823977054069],[29.274077791567759,41.008090819274969],[29.273756287222504,41.007937968475304],[29.273438061728058,41.007781258787723],[29.273123198627712,41.007620728824442],[29.272811776074885,41.007456419908856],[29.27250387401968,41.007288374719813],[29.272199572412145,41.007116635258285],[29.271898948507356,41.006941246236387],[29.271602078662173,41.006762251688421],[29.271588833003307,41.006754133864312],[29.270414136648963,41.006034190400733],[29.268047378607566,41.004682162641231],[29.267860036751689,41.004578364349499],[29.267668631815802,41.004478878150422],[29.267473336276389,41.004383794905095],[29.267274328898235,41.004293200728746],[29.267071790242721,41.004207178346576],[29.26686590536276,41.004125806415828],[29.266656861107936,41.004049158169671],[29.2664448488194,41.003977303450995],[29.266230059838342,41.003910308712243],[29.266012690895778,41.003848233625952],[29.265792939621086,41.003791135829893],[29.26557100544024,41.003739066859538],[29.265347091372529,41.003692074181899],[29.265121400437195,41.003650200517406],[29.264894138348403,41.00361348383985],[29.264665512617018,41.003581958054369],[29.264435729855531,41.003555650963648],[29.264205000269747,41.003534587657285],[29.263973534065435,41.003518786444438],[29.263741541448393,41.003508262243443],[29.263509233522633,41.003503024547875],[29.263276822290646,41.003503078104423],[29.263044518856475,41.003508422235207],[29.262812534324272,41.003519052871319],[29.262581080696361,41.003534960519211],[29.262350368178584,41.003556129582599],[29.262120606976666,41.003582541752394],[29.261892006398131,41.0036141726167],[29.26166477395374,41.003650993695032],[29.26095501594607,41.003774561162381]]},"properties":{"objectid_12":698,"objectid":-1,"metin":"ERİŞME KONTROLLÜ KARAYOLU (OTOYOL)","durum_2016":"MEVCUT","durum_2025":"MEVCUT","adi":null,"shape_leng":null,"SHAPE__Length":1784.9184049068394}},{"type":"Feature","id":701,"geometry":{"type":"LineString","coordinates":[[28.969205599302448,41.002427553983274],[28.969472146515244,41.002372493530231],[28.969736920453659,41.002312757933893],[28.969999777387283,41.002248379044957],[28.970260573585623,41.002179392780938],[28.97051916711488,41.002105836414287],[28.970775418736203,41.002027749928573],[28.971043861394243,41.001943190311124],[28.971309557004119,41.001862300995789],[28.971577767896832,41.001786285355074],[28.971848336867129,41.001715188150513],[28.972121104913256,41.001649050753088],[28.972395913033424,41.001587911142856],[28.972672599530821,41.001531806621173],[28.972951003607037,41.001480768386564],[28.973230962667031,41.001434827636686],[28.973512311420727,41.001394010822338],[28.973794886374833,41.00135834168136],[28.974078522239278,41.001327841238762],[28.974363051927401,41.001302527128423],[28.97464831014927,41.001282414949316],[28.974934129818159,41.001267514875536],[28.975220342949136,41.001257837079848],[28.975506782455593,41.001253386988225],[28.975793280352519,41.001254167313597],[28.976079670451597,41.001260176699795],[28.976365782971307,41.001271412433617],[28.97665145262155,41.001287867054849],[28.976936511417392,41.001309532424223],[28.977220791373888,41.0013363949774],[28.977504128099334,41.001368438437318],[28.977786354507103,41.001405645169513],[28.978067306205446,41.001447992792862],[28.978346818802752,41.001495456213284],[28.978624727907228,41.00154800830159],[28.978900871822212,41.001605617859923],[28.979175087952594,41.001668251655516],[28.996321963907512,41.005754168910528],[28.996596830418156,41.005816898415858],[28.996873631001584,41.005874578812367],[28.99715220396109,41.005927176895973],[28.997432385803261,41.005974661495173],[28.997714011238099,41.006017004826845],[28.99799691407728,41.006054181818492],[28.998280928132434,41.006086170785899],[28.998565887215303,41.006112952755302],[28.998851622442562,41.006134512141266],[28.999137966727552,41.006150836068699],[28.999424752085392,41.006161915050818],[28.999711807836118,41.006167742989248],[28.999998967791406,41.006168315817881],[29.000286060373078,41.006163633536843],[29.000572919392745,41.006153698178778],[29.000859374170549,41.006138517198224],[29.0011452567215,41.006118098048525],[29.001430399060673,41.006092452927049],[29.01331316092541,41.004912561819388],[29.013601460842818,41.00488663014783],[29.013890517141679,41.004866039097173],[29.014180155548829,41.004850801552848],[29.014470201791163,41.00484092700939],[29.014760480697106,41.004836421570495],[29.01505081979019,41.004837286593094],[29.015341043000618,41.004843522754882],[29.015630976953513,41.004855126664758],[29.015920446477406,41.00487209018489],[29.016209278197461,41.004894403142373],[29.016497297840477,41.004922053329267],[29.016784332929937,41.004955023113077],[29.017070210989331,41.004993292826192],[29.017354759542094,41.00503683941028],[29.017637808806668,41.005085637772098],[29.017919187204775,41.005139656715798],[29.021705217818091,41.005903736929817],[29.021901692845464,41.005940685531051],[29.022099726449834,41.005972542361931],[29.022299088662535,41.005999270145068],[29.022499545023244,41.006020837703076],[29.022700861071673,41.006037219958479],[29.022902802347545,41.006048397255967],[29.023105131695601,41.006054357395847],[29.023307612858961,41.006055092922644],[29.023510008682369,41.006050602480677],[29.023712082908908,41.006040891492148],[29.023913598383327,41.006025972156976],[29.024114320645339,41.006005861419318],[29.02431401433638,41.00598058232319],[29.02451244499613,41.005950165368411],[29.024709381757539,41.00591464512113],[29.025652175326311,41.005731701681093]]},"properties":{"objectid_12":701,"objectid":-1,"metin":"BİRİNCİ DERECE YOL - TÜNEL","durum_2016":"İNŞAAT","durum_2025":"MEVCUT","adi":"AVRASYA TÜNELİ","shape_leng":null,"SHAPE__Length":6452.9875805597712}},{"type":"Feature","id":707,"geometry":{"type":"LineString","coordinates":[[29.327906519648518,40.903518293664192],[29.327869076969133,40.904033721723458],[29.327822196589413,40.904548704449546],[29.327765887492447,40.905063143405989],[29.327700160458051,40.905576939480461],[29.327625028062648,40.906089992205963],[29.327540504679252,40.906602203155288],[29.327446606477547,40.907113474583078],[29.327343350525545,40.907623705352577],[29.327049136998607,40.909013066809159],[29.326972987710288,40.909351800796145],[29.32688825412114,40.90968935991684],[29.326794969468747,40.91002561859429],[29.326693164295925,40.910360451932796],[29.326582880823427,40.910693736396972],[29.326464156780538,40.911025348453784],[29.326337037083011,40.911355163214715],[29.326201569341517,40.911683060545833],[29.326057802963479,40.912008917599948],[29.325905790949406,40.912332614926363],[29.325745588994906,40.912654031718823],[29.325577258185366,40.912973047173288],[29.325400858707997,40.913289545239685],[29.325216458834678,40.913603407833328],[29.325024124142431,40.913914518229262],[29.324823926496521,40.91422276038319],[29.324615941355439,40.914528022325619],[29.324400244177614,40.914830188694658],[29.324176914913149,40.915129148203071],[29.323946037105337,40.915424788886305],[29.323707696094178,40.915717002854414],[29.322719724453108,40.916902590294328],[29.32258793890599,40.917067236809487],[29.322464074703042,40.917235383577854],[29.322348290846083,40.917406813351647],[29.322240738252063,40.917581300738952],[29.32214155705816,40.917758618313378],[29.322050877520123,40.91793853593542],[29.321968818215531,40.918120820073668],[29.321895484247314,40.918305231089718],[29.321830971735196,40.918491529347655],[29.321775366917425,40.918679473856486],[29.321728739862618,40.918868817518558],[29.321691153452797,40.919059313239018],[29.321662654400413,40.919250715962214],[29.32164328133301,40.919442773168441],[29.321633060301696,40.919635235734866],[29.321632002086282,40.919827851826504],[29.321640111178347,40.920020372326363],[29.321657376798132,40.920212545405221],[29.321683773792735,40.920404120594348],[29.321719270721179,40.920594848106681],[29.321763819074437,40.920784479515675],[29.321817363156967,40.920972767754925],[29.321879832001823,40.921159466439768],[29.321951143862339,40.921344333939615],[29.322031206212017,40.921527128626266],[29.322119914846322,40.92170761226815],[29.322217155679198,40.921885549350847],[29.322322799353252,40.922060708435062],[29.322436711121153,40.922232861477312],[29.322558740066,40.922401782472477],[29.322688728982559,40.922567253562399],[29.322826507190957,40.922729057569313],[29.322971895926422,40.922886984104629],[29.323124705644446,40.923040827532461],[29.323508731835148,40.923413264471534],[29.323975703069284,40.923866135947812],[29.324184676357206,40.924074244341384],[29.324386542174587,40.924286351926128],[29.324581168469102,40.924502317484979],[29.324768425883352,40.92472199844449],[29.324948192246406,40.924945250875027],[29.325120347184093,40.925171928812091],[29.325284779305296,40.925401882220221],[29.325441379913805,40.925634959708105],[29.328708694535976,40.930546324722911],[29.330337611437283,40.933021645348141],[29.330957753512205,40.934111208477972],[29.330976714252913,40.934140338605452],[29.331101882809676,40.934339954691019],[29.33121928902403,40.93454226505299],[29.33132883048809,40.934747097292586],[29.331430413777067,40.934954274262338],[29.331523950856038,40.935163620174187],[29.331609363571562,40.935374953134122],[29.331889858027456,40.936107069586853],[29.331967370958363,40.936309386073766]]},"properties":{"objectid_12":707,"objectid":72,"metin":"BİRİNCİ DERECE YOL","durum_2016":"MEVCUT","durum_2025":"MEVCUT","adi":"MEVCUT OTOYOL","shape_leng":10931.781625400001,"SHAPE__Length":5246.2360446693074}},{"type":"Feature","id":708,"geometry":{"type":"LineString","coordinates":[[29.32558184588154,40.890286658023861],[29.325786913294582,40.890778853646324],[29.325982951740727,40.891273163671407],[29.326169922592406,40.891769492980529],[29.326347787222005,40.89226774509968],[29.326516515086897,40.892767826273797],[29.32667607115269,40.893269636638848],[29.326826423080121,40.893773081087296],[29.326967544818011,40.894278062477021],[29.327099406721914,40.89478448231079],[29.327221984537385,40.895292244131348],[29.327335253111574,40.895801248768102],[29.327439190884871,40.896311399090635],[29.327533777196091,40.896822595934452],[29.327618994078875,40.897334741495875],[29.327694825363594,40.897847734579294],[29.327761254880553,40.898361478745301],[29.327818270053296,40.898875873483334],[29.327865860102129,40.899390818964953],[29.327904015145478,40.899906217401835],[29.327932728895235,40.900421968292697],[29.32795199416482,40.900937971139442],[29.327961805564353,40.901454127483902],[29.327962163992161,40.901970338192179],[29.327953067651585,40.902486502096501],[29.327934519237587,40.903002520069066],[29.327906519648518,40.903518293664192]]},"properties":{"objectid_12":708,"objectid":72,"metin":"BİRİNCİ DERECE YOL - TÜNEL","durum_2016":"MEVCUT","durum_2025":"MEVCUT","adi":"MEVCUT OTOYOL","shape_leng":10931.781625400001,"SHAPE__Length":1976.363990274999}},{"type":"Feature","id":709,"geometry":{"type":"MultiLineString","coordinates":[[[29.32725597139784,40.973670943887001],[29.327657409633687,40.976524176812468],[29.328213888104447,40.980478979974109],[29.328606601902248,40.983269659177843],[29.328637557846932,40.983512490210295],[29.328661538373442,40.983755769951578],[29.3286785336003,40.983999383792515],[29.328688535442684,40.984243217125581],[29.328691537612347,40.984487156022922],[29.328687541007664,40.984731085880526],[29.328676545628589,40.984974892095771],[29.32865855776334,40.985218460746097],[29.328633584598432,40.985461676554273],[29.328601639608614,40.985704426957192],[29.328562736268623,40.985946596681067],[29.328516893443041,40.986188073166119],[29.328464132691451,40.9864287418199],[29.328404479166696,40.986668490764018],[29.328337959818228,40.986907207443707],[29.328264606985371,40.987144779983637],[29.328184453905852,40.987381095832205],[29.328097539207153,40.987616045829562],[29.328003903313494,40.987849518105207],[29.327903590242354,40.988081404180377],[29.327796645807801,40.988311594899827],[29.327683123010406,40.988539981787603],[29.327563072155833,40.988766459081617],[29.32743655073627,40.988990918986751],[29.327303618938821,40.989213257777585],[29.327164338747281,40.989433369695845],[29.327018773942012,40.989651151696521],[29.326866994591629,40.989866502770134],[29.326709071662997,40.990079320552049],[29.326545078817972,40.99028950606894],[29.326375093311711,40.990496961026629],[29.326199194195926,40.990701587131724],[29.326017465013948,40.99090328812602],[29.325829990207396,40.991101971142214],[29.325636858709519,40.991297541279756],[29.325438159453505,40.991489907706899],[29.325233987660805,40.991678979592749],[29.325024437654484,40.991864669496948],[29.32480960914755,40.992046888623804],[29.324589600954685,40.99222555224604],[29.324364518178786,40.992400576993113],[29.324134465024407,40.992571880850633],[29.32389955108604,40.992739382482647],[29.323659885059794,40.992903003943482],[29.323415580133435,40.99306266796571],[29.323166750392993,40.993218300671899],[29.322913512619461,40.993369828862974],[29.322655986288758,40.993517180695477],[29.322394292673447,40.99366028703821],[29.322128553046113,40.993799082149764],[29.321858892272544,40.993933499610549],[29.321585437913534,40.994063476390622],[29.321308318428173,40.994188952171875],[29.321027662275533,40.994309867991852],[29.32074360240626,40.994426166921478],[29.320456271771054,40.994537794743351],[29.320165805117213,40.994644698595536],[29.319872338988635,40.994746829005386],[29.31736345848611,40.995592066489557],[29.316911303165938,40.995741588414212],[29.316456439425213,40.995886353763574],[29.315998953502131,40.996026333414548],[29.315538935228297,40.996161501633374],[29.315076471740262,40.996291832007465],[29.314611654666169,40.996417299479383],[29.314144571142592,40.996537878990722],[29.313675313696077,40.996653548194324],[29.313203972158068,40.996764284742014],[29.312730636360129,40.996870066962643],[29.312255398828732,40.996970873862168],[29.311778352090389,40.997066687835378],[29.311299585976563,40.997157488564213],[29.310819195708685,40.997243259119529],[29.310337272016625,40.997323983249068],[29.309853908325191,40.997399644699478],[29.309369198957437,40.99747022992841],[29.308883236439897,40.997535724714233],[29.308396114197301,40.997596116190323],[29.30790792834938,40.997651392844901],[29.307418771422665,40.997701544520901],[29.306928737740247,40.997746561060147],[29.306437923421818,40.99778643433735],[29.305946421892241,40.997821155547967],[29.305454329271175,40.997850718598208],[29.304961738983415,40.997875118749086],[29.304468747148753,40.997894349226492],[29.303975448988588,40.99790840867896],[29.303481939724335,40.99791729236383],[29.302988314577384,40.997920999605213],[29.301017846526928,40.997925371275144],[29.300568759851775,40.997929022243092],[29.300119801635706,40.997937913383034],[29.299671078778243,40.997952042658966],[29.299222699975562,40.997971407355557],[29.298774770330468,40.99799600272226],[29.298327399437539,40.998025821973322],[29.297880692399559,40.998060859677828],[29.29743475611609,40.998101105657582],[29.296989698385019,40.998146551089278],[29.296545624309132,40.99819718443635],[29.29610264168635,40.998252994839099],[29.295660854721177,40.99831396872473],[29.295220370313192,40.998380089807306],[29.294781292666929,40.998451344511551],[29.294343727783613,40.998527714515447],[29.293907779867805,40.998609181495617],[29.293473553124102,40.998695726449753],[29.293041150858706,40.998787328340462],[29.292610677276244,40.99888396545132],[29.292182235682944,40.998985614709014],[29.291755927588458,40.99909225168318],[29.29133185540071,40.999203850586476],[29.290910119731016,40.999320384952803],[29.290490822987302,40.999441826281043],[29.290074063984296,40.999568146747279],[29.289659943333259,40.999699315814787],[29.289248558950586,40.99983530091211],[29.288840010549247,40.999976070822918],[29.28843439514733,41.000121591618289],[29.288031808864563,41.000271827334643],[29.287632349617255,41.000426743363604],[29.2872361117286,41.000586302384377],[29.286843190419937,41.000750465719456],[29.286453680014453,41.000919194690908],[29.286067673038549,41.001092447908292],[29.283644510678762,41.002198798268097],[29.283285848420103,41.002365579191775],[29.282930788405736,41.002536693092758],[29.282579421365504,41.002712094515381],[29.282231838927583,41.002891739359505],[29.28188813092347,41.003075580134919],[29.281548386286385,41.003263569351141],[29.281212693949538,41.003455658839542],[29.280881139252891,41.003651798397435],[29.280553808434732,41.003851937822091],[29.280230786834945,41.004056024198775],[29.279912157996936,41.0042640052908],[29.279598003667367,41.00447582750553],[29.279288405592908,41.004691435216472],[29.278983443723607,41.004910773475352],[29.27868319800956,41.005133784622039],[29.278387744807571,41.005360411674758],[29.278097160474406,41.005590595618017],[29.277811521366871,41.005824276080737],[29.277530901146854,41.006061394048054],[29.277255372577844,41.006301887115846],[29.276985005728495,41.006545692880309],[29.276719871565632,41.006792748938132],[29.276401936227018,41.007093851238899],[29.275621776352224,41.00783269141818],[29.275369501572648,41.008075680091608],[29.275122509785305,41.008321739350365],[29.274880868363773,41.00857080476144],[29.274644640190115,41.00882280850324],[29.274413889044762,41.009077684788146],[29.27418867601315,41.009335365117899],[29.273969060384083,41.009595780994879],[29.273755101446341,41.009858863922197],[29.273546854895471,41.010124542692282],[29.273344377325397,41.010392747454055],[29.273147721736645,41.010663407001665],[29.272956940231541,41.010936448774437],[29.2727720849124,41.011211800890344],[29.272593204288182,41.011489389434985],[29.272420345071303,41.011769140494756],[29.272253553974188,41.012050980157255],[29.272092875014263,41.012334833155371],[29.271938351310677,41.012620623545274],[29.271790023287604,41.012908276739942],[29.269846005232356,41.016770105824207],[29.269711880472258,41.017043977661693],[29.269584292752437,41.017319620778707],[29.269463281598842,41.017596946362978],[29.269348887435598,41.017875864248097],[29.26924114709368,41.018156285624556],[29.269140093810758,41.018438119651044],[29.269045761722758,41.01872127548755],[29.268958180474137,41.019005661617896],[29.268877378810949,41.019291187205063],[29.268803382784373,41.019577759380304],[29.268736214852265,41.019865286632076],[29.268675898370823,41.020153675416886],[29.268622452204681,41.020442833548472],[29.268575892523522,41.02073266748674],[29.268536235496988,41.021023083693052],[29.268503494599809,41.021313989308233],[29.268477678815188,41.021605289441553],[29.268458796227904,41.02189689123712],[29.26844685492285,41.022188701162875],[29.268441856696601,41.022480623655319],[29.268443805142436,41.022772565863484],[29.26845269756544,41.023064432905024],[29.268468533067271,41.023356131932275],[29.268491304461431,41.023647568066075],[29.268521006357965,41.023938647106718],[29.26855762797717,41.024229276211614],[29.268601157640887,41.024519361184296],[29.268651581874387,41.024808809185409],[29.268708883609747,41.02509752602181],[29.268773045778932,41.025385418857326],[29.268844045924023,41.025672396212904],[29.268921862485524,41.025958363900209],[29.269006470310547,41.02624323112083],[29.26909784155135,41.026526905722726],[29.269195946563524,41.026809295555275],[29.26930075480438,41.027090311180011],[29.269412231239556,41.027369860449411],[29.269530341733098,41.027647854605632],[29.269655045860866,41.027924203536941],[29.269786305893515,41.028198817810662],[29.26992407781373,41.028471610028554],[29.270068317603943,41.028742491438244],[29.270533835363942,41.029594250457471],[29.271609594866153,41.031562484079977],[29.271867440098767,41.032034223142823],[29.272051152760898,41.032365641276265],[29.272239231235304,41.032695661822068],[29.27243165575906,41.033024251597524],[29.272628407467536,41.033351378097976],[29.27282946749612,41.033677009497126],[29.27329260741557,41.034417429198754],[29.273407189326679,41.034600609423791],[29.273615823949722,41.034940019217267],[29.273818424589038,41.03528150072944],[29.274014955311923,41.035624993621582],[29.274205379287547,41.035970435523247],[29.2743896641765,41.036317764742705],[29.274567776741169,41.036666920266967],[29.274739684642121,41.03701783837387],[29.274905357336717,41.037370456697566],[29.27506476518052,41.037724712195867],[29.275217880325755,41.038080541827718],[29.275364674026317,41.038437881875943],[29.275614581745106,41.039060897227372],[29.27663009663107,41.04159242595356],[29.276720643218475,41.041826936741501],[29.276804705766128,41.042062815313123],[29.276882249239776,41.042299960023954],[29.276953239503399,41.042538268553379],[29.277017645116,41.042777637904628],[29.277075439128126,41.043017964404832],[29.277126597285264,41.043259144382688],[29.27717109623115,41.043501073490745],[29.277208916202948,41.043743647383174],[29.277240042827543,41.043986760360546],[29.27726446173191,41.044230308080024],[29.277282161237952,41.044474185522802],[29.277293135057466,41.044718286316559],[29.277297378698854,41.044962506123227],[29.2772948885689,41.045206738573569],[29.277285667362495,41.045450877977508],[29.277269718672958,41.04569481932414],[29.277247049686736,41.0459384569265],[29.275487211417616,41.062398627676785],[29.275450251133542,41.062776781829818],[29.275420311183446,41.063155286690645],[29.275397399652142,41.063534068426101],[29.275381519234518,41.063913051849973],[29.275372674422229,41.064292164487071],[29.275370866113573,41.064671330477388],[29.275376095206848,41.065050476671743],[29.27538835900712,41.065429527890913],[29.275407657514361,41.065808410989135],[29.275433985338694,41.066187050790631],[29.275467337988562,41.066565374152965],[29.275507709175752,41.066943305903791],[29.275555089917095,41.067320772904218],[29.27560947212778,41.067697700662379],[29.275670845027982,41.068074015365568],[29.275739195142997,41.068449644557113],[29.275814510794746,41.068824513072983],[29.275896776711839,41.069198548459909],[29.275985975826291,41.069571676911686],[29.276082092866726,41.069943825978335],[29.276185106273619,41.070314922534038],[29.27629499808064,41.070684894132086],[29.276411745829918,41.071053667649871],[29.276535327063549,41.071421171998125],[29.276665716628717,41.071787334734765],[29.276802890270922,41.072152083419127],[29.276946820142374,41.072515347643787],[29.277097479293612,41.072877056325424],[29.277254836283642,41.073237138382403],[29.277418862366293,41.073595522734294],[29.277589523405673,41.073952140333894],[29.277766787960672,41.074306920780941],[29.277950620098729,41.074659794353565],[29.278140983887248,41.075010692685794],[29.278337842495208,41.075359546735754],[29.278541157295177,41.075706288139926],[29.278750888761184,41.076050849213253],[29.278966994672452,41.076393162272026],[29.279189433706463,41.076733160987843],[29.279418161845786,41.077070777679275],[29.279653135072966,41.077405947374601],[29.279894306675615,41.077738603748905],[29.280141629043026,41.078068682509759],[29.281060261523898,41.079274348202453],[29.281294977832935,41.079587768864741],[29.281523527207504,41.079903766599116],[29.281745860240328,41.080222273654307],[29.281961928422355,41.080543218894334],[29.282171684142877,41.080866533215648],[29.282375082486144,41.081192146161619],[29.282572077638068,41.081519986599702],[29.282762628276146,41.081849982044069],[29.282946692179515,41.08218206204176],[29.283124228924077,41.082516152755289],[29.283295199882218,41.082852181702663],[29.283459568222995,41.083190076403383],[29.283617297115523,41.083529761669702],[29.283768353322149,41.083871164346604],[29.283912703605139,41.084214209249161],[29.284050315625201,41.084558822548111],[29.28418115973793,41.084904927707235],[29.284305208095486,41.085252450223081],[29.284747806239338,41.086529665568243],[29.287743378691442,41.095172737434346],[29.287856431669958,41.095488291948769],[29.287976363946907,41.095802399593424],[29.288103143182937,41.09611497508989],[29.288236733445459,41.096425933161228],[29.28837710059852,41.096735189885983],[29.288524206014475,41.097042662021067],[29.288678008370926,41.097348265647916],[29.288838468141893,41.097651917526292],[29.289005539513408,41.097953536448152],[29.289179179366226,41.098253039852978],[29.289359339191407,41.098550346535319],[29.289545971378217,41.098845375968104],[29.289739023824342,41.099138048979185],[29.289938444427531,41.0994282850438],[29.290144181085473,41.099716006346107],[29.290356175407698,41.100001135071324],[29.291032809835894,41.100893759102703],[29.291182986591817,41.101098586456366],[29.291325378547509,41.101306572375847],[29.291459868921951,41.101517545569827],[29.291586349019017,41.101731334748955],[29.291704715532425,41.101947765917828],[29.291814872342471,41.102166663052422],[29.291916727820961,41.102387848776914],[29.292309666197571,41.103281973557195],[29.292383880514777,41.103459224609431],[29.29245140328144,41.103638000915964],[29.292512178801967,41.103818157607996],[29.292566157669086,41.103999547787808],[29.292613297661941,41.10418202591277],[29.292772943559278,41.104850356913367],[29.292840282171298,41.105152322510328],[29.292898299863904,41.105455392065871],[29.292946963399501,41.105759403113915],[29.292986249421798,41.106064189130187],[29.293016133676375,41.106369584947032],[29.293036600891806,41.106675424046344],[29.293047640288336,41.106981540589715],[29.29304924467942,41.107287769418939],[29.293041414963419,41.107593943348093],[29.293024152936891,41.107899895871434],[29.292997468481381,41.108205460486111],[29.292961376868231,41.108510472723054],[29.292915896962015,41.108814764731967],[29.292861053017283,41.109118173403552],[29.292796875576744,41.109420532247306],[29.292723399674724,41.109721678159922],[29.292640663040423,41.110021448040996],[29.29254871148796,41.110319677439421],[29.29244759532294,41.110616204614246],[29.292337370240954,41.110910869180998],[29.292218093734153,41.111203510757903],[29.292089832277881,41.111493970319458],[29.291952653245787,41.111782090873334],[29.291806633892982,41.112067715429703],[29.291651852372905,41.112350687677868],[29.289446966254111,41.11625205025183],[29.289224500270656,41.116650512934278],[29.289008280273315,41.117050937837284],[29.288798337703227,41.117453268754069],[29.28859470220473,41.117857449478905],[29.288397400727295,41.118263423807484],[29.288206462915333,41.118671134183096],[29.28772746683282,41.119713466211365],[29.287601349655116,41.119997707533209],[29.28748333617963,41.120283931791818],[29.287373479406888,41.120572006999801],[29.287271829642595,41.120861800495078],[29.287178433599131,41.121153177587772],[29.287093335293964,41.121446004943607],[29.286661304032798,41.123012695755577],[29.2865970637102,41.123260045480173],[29.286540468948996,41.123508459390706],[29.286491551190185,41.123757804843251],[29.286450336484958,41.124007945135858],[29.286305661910113,41.124978078659026],[29.286266699281303,41.125267686236093],[29.286236104459363,41.125557867707968],[29.286213890919004,41.125848485026111],[29.286200070338356,41.126139398791139],[29.286194649903937,41.126430471635999],[29.286186761797424,41.128312105975489],[29.286189317504434,41.128585198228521],[29.286199269939445,41.128858193938619],[29.286216615509264,41.129130977402127],[29.28624134972231,41.129403436300265],[29.286273458205503,41.129675453579857],[29.286312930179093,41.129946916925952]],[[29.286786018042001,41.132919696549685],[29.286316945648423,41.129972143671438]],[[29.252322551917061,41.167918792909838],[29.252606694431304,41.167738201536352],[29.252884866742203,41.16755237894273],[29.253156899966438,41.167361437340752],[29.253422629712304,41.167165492999821],[29.253681895181391,41.166964664894522],[29.253934538270244,41.166759074704693],[29.254180406265181,41.166548847492116],[29.2544193500459,41.166334108995144],[29.254651225881982,41.166114991715652],[29.254875892737928,41.165891625451138],[29.255093213171445,41.165664148791642],[29.255303057825181,41.165432697623054],[29.255505298240056,41.16519741324273],[29.257001664229612,41.163408669656391],[29.257225033918285,41.163147232110823],[29.25745499903778,41.162889082315417],[29.257691473349777,41.162634312960968],[29.257934371514413,41.162383019444398],[29.258183603700083,41.16213529378205],[29.258439077380388,41.161891227314783],[29.258700699130465,41.16165090867905],[29.258968371033987,41.161414427864493],[29.259241996971205,41.161181871479961],[29.259521475432521,41.160953324782099],[29.259806701314993,41.160728871675509],[29.263762241327477,41.157675112004696],[29.264072389170888,41.157430683991656],[29.26437583019241,41.157181493578648],[29.264672435932912,41.156927646898353],[29.264962082424901,41.156669250760444],[29.265244646599207,41.156406414004508],[29.265520009878216,41.156139248176189],[29.265788054582572,41.155867864822298],[29.266048670219529,41.155592379548743],[29.269406179289479,41.15196489458328],[29.269722864173239,41.151628778920291],[29.270046987107531,41.151296739601342],[29.270378456464218,41.15096887070959],[29.270717177021876,41.150645264976582],[29.271063054457379,41.150326014458322],[29.271415989956115,41.150011208506214],[29.271775882906695,41.149700937825202],[29.272142632697854,41.149395289738955],[29.272516134226702,41.14909435021891],[29.272896282390306,41.148798204560634],[29.27328296669592,41.14850693806023],[29.273676082040694,41.148220631279131],[29.274075514338488,41.147939366131936]]]},"properties":{"objectid_12":709,"objectid":6,"metin":"ERİŞME KONTROLLÜ KARAYOLU (OTOYOL)","durum_2016":"MEVCUT","durum_2025":"MEVCUT","adi":"KUZEY MARMARA OTOYOLU (3. BOĞAZ KÖPRÜSÜ DAHİL)","shape_leng":27070.946842500001,"SHAPE__Length":32114.653001472172}},{"type":"Feature","id":710,"geometry":{"type":"LineString","coordinates":[[29.274075514338488,41.147939366131936],[29.27448115040167,41.147663222504171],[29.274892876144175,41.147392278252212],[29.275310573886649,41.147126610555972],[29.275734126848171,41.146866293213137],[29.276163413756141,41.14661140205056],[29.280667023109988,41.143983177760575]]},"properties":{"objectid_12":710,"objectid":6,"metin":"ERİŞME KONTROLLÜ KARAYOLU (OTOYOL) - TÜNEL","durum_2016":"MEVCUT","durum_2025":"MEVCUT","adi":"KUZEY MARMARA OTOYOLU (3. BOĞAZ KÖPRÜSÜ DAHİL)","shape_leng":27070.946842500001,"SHAPE__Length":938.5857137110695}},{"type":"Feature","id":714,"geometry":{"type":"LineString","coordinates":[[28.385352674384777,41.167817347134921],[28.384707406431371,41.167764594458362],[28.384062943368431,41.167706534614283],[28.383419362451104,41.167643174350921],[28.382776739137885,41.167574521091488],[28.382135151582187,41.16750058428682],[28.381494677039122,41.167421370681431],[28.380855390068859,41.167336891752299],[28.380217367926537,41.167247156270228],[28.379580687867215,41.167152175709788],[28.378945424451114,41.16705196019182],[28.378311654933356,41.16694652321732],[28.377679454772355,41.166835876257259],[28.377048898528347,41.166720033486513],[28.376420062558115,41.166599007726255],[28.375793021421778,41.166472813825358],[28.375167850577903,41.166341466631437],[28.374544623688312,41.166204982343736],[28.373923417109761,41.166063376483976],[28.373304303605845,41.165916666601625],[28.372687357736694,41.165764870245255],[28.372072653164199,41.165608004962202],[28.371460263550155,41.165446089651475],[28.37085026075987,41.16527914388729],[28.370242720251728,41.165107187919119],[28.369637712094402,41.164930241319418],[28.369035309949727,41.164748325012049],[28.368435585682896,41.164561461948821],[28.367838610260815,41.164369673728253],[28.367244455548757,41.164172983300475],[28.366653193411885,41.163971414291012],[28.366064893020543,41.163764990324736],[28.3654796262399,41.163553736378148],[28.364897461341901,41.163337677427023],[28.364318468395215,41.163116839122871],[28.363742717468359,41.162891248468796],[28.36317027683334,41.162660931791173],[28.362601214762101,41.162425917444487],[28.362035598628296,41.162186231753779],[28.361473497602201,41.161941905101237],[28.360914978159137,41.161692965163297],[28.333689691029246,41.149404428282722],[28.333131811186647,41.149155500929474],[28.332570356049263,41.148911173053193],[28.332005392092352,41.148671474468479],[28.331436987587892,41.148436432960033],[28.330865209011233,41.14820607698848],[28.33029012463432,41.14798043433737],[28.329711803627468,41.147759531436698],[28.329130314262585,41.147543395392347],[28.328545726608279,41.147332051279975],[28.32795811073316,41.14712552485117],[28.327367534909204,41.146923839827323],[28.326774070103244,41.146727021282018],[28.326177788180594,41.146535092934975],[28.325578759209783,41.146348076475988],[28.324977055056085,41.146165994946685],[28.324372746686365,41.14598887071152],[28.323765907762457,41.145816723428119],[28.323156608353031,41.145649574782638],[28.322544922119885,41.145487445107364],[28.321930922724846,41.145330352027727],[28.321314682033215,41.145178315874134],[28.320696274605115,41.14503135427006],[28.320075773204053,41.14488948483789],[28.319453252390279,41.144752724522633],[28.318828785825559,41.14462108959173],[28.318202448070121,41.144494595635024],[28.317574314582451,41.144373258241309],[28.316944459024342,41.144257090968814],[28.316312957752654,41.144146108727689],[28.315679884429212,41.144040324397395],[28.315045316309131,41.143939750179861],[28.31440932705431,41.143844398275725],[28.313771993919765,41.143754280884551],[28.313133392364083,41.143669407498749],[28.312493598743988,41.143589788962494],[28.311852688518034,41.143515435442261],[28.31121073894127,41.143446354397327],[28.310567826370519,41.143382554638727],[28.309924027162602,41.143324043623274],[28.309279418572594,41.143270829483029],[28.308634076957325,41.143222916966366],[28.307988078673578,41.143180312849729],[28.30734150097647,41.143143021878991],[28.306694422019412,41.143111048122194],[28.306046918159264,41.1430843963225],[28.305399066651105,41.143063069192365],[28.304750943851687,41.143047068766556],[28.304102627914524,41.143036397754884],[28.303454196094677,41.143031056836449],[28.302805725647247,41.143031046689018],[28.302157293827399,41.143036367989154],[28.301508976991908,41.143047019382536],[28.300860854192525,41.143063000190075],[28.300213000887702,41.143084307701898],[28.299565495230926,41.143110940559808],[28.298918414477242,41.143142894021885],[28.2731015698302,41.144523573947374],[28.272602181092378,41.14454754089688],[28.272102394400907,41.144566219132983],[28.271602307672136,41.14457960460134],[28.271102021517375,41.144587695275817],[28.270601632954648,41.144590488452366],[28.270101242595292,41.144587984808261],[28.269600947457398,41.144580184342836],[28.269100848152199,41.144567088407179],[28.268601041697792,41.144548700380412],[28.26810162870548,41.144525022287674],[28.267602707091612,41.144496060211416],[28.267104374772575,41.14446181955654],[28.26660673146138,41.144422307079502],[28.26610987507437,41.144377530212161],[28.265613903527903,41.144327498414334],[28.265118914738363,41.144272221144874],[28.264625006622097,41.144211709214076],[28.264132276197191,41.144145974784195],[28.263640822278298,41.144075030692711],[28.263150741883461,41.143998891128881],[28.262662130234148,41.143917570957264],[28.262175085246639,41.143831085717714],[28.261689703040759,41.143739453654987],[28.261206078837862,41.143642692336137],[28.260724308757744,41.143540820680201],[28.260244488021762,41.143433858958048],[28.259766710953073,41.143321828115894],[28.259291072773074,41.143204749775606],[28.258817666906562,41.143082648263878],[28.258346586778302,41.14295554722996],[28.257877926711423,41.1428234709986],[28.257411777435767,41.142686446599747],[28.256948232376093,41.142544500385718],[28.256487382262314,41.142397661414108],[28.256029318722529,41.14224595738866],[28.255574133384911,41.142089418718285],[28.255121913386049,41.141928076487574],[28.254672751252404,41.14176196245689],[28.254226733222264,41.141591109738954],[28.228334569330222,41.131498802808395],[28.227764433772219,41.131279376922748],[28.227191192738253,41.131064589867798],[28.226614911805409,41.130854466724045],[28.226035657448936,41.130649033247906],[28.225453498839183,41.130448311811996],[28.224868502451432,41.130252326141523],[28.224280736557663,41.130061099284234],[28.223690268531527,41.129874653610521],[28.223097167543294,41.129693010136755],[28.222501502763215,41.129516191231659],[28.221903343361628,41.129344215880081],[28.221302758508742,41.129177105772449],[28.220699817374872,41.129014878538555],[28.220094590926919,41.128857554513843],[28.219487148335197,41.128705151326209],[28.218877561464833,41.128557687279383],[28.218265900384502,41.128415178646094],[28.217652236061117,41.128277642374776],[28.217036639461536,41.128145094736261],[28.216419182450966,41.128017551323701],[28.215799937793044,41.127895025699225],[28.215178975556238,41.127777534130679],[28.214556368504176,41.127665088148092],[28.21393218940036,41.127557702663843],[28.21330651011003,41.127455389205828],[28.194928571211634,41.124527151763353],[28.194582286839278,41.12446916121597],[28.194237602366456,41.124405993970413],[28.193894654337054,41.124337675725741],[28.193553577498406,41.124264232180039],[28.19321450659778,41.124185693090368],[28.1928775772808,41.124102089566094],[28.192542921599806,41.124013454745686],[28.192210672505471,41.123919823120026],[28.191880962050099,41.123821231885749],[28.191553918692808,41.123717720945415],[28.191229673587642,41.123609329524022],[28.19090835429536,41.123496102259203],[28.190590088376705,41.123378083111213],[28.190275000697554,41.123255318069752],[28.189963217021994,41.123127857183768],[28.189654860419253,41.122995749148458],[28.189350053060188,41.122859047395153],[28.189048915319059,41.122717806031403],[28.188751565773526,41.122572079841035],[28.188458122102801,41.122421927667602],[28.18816870198625,41.122267408354325],[28.187883417713266,41.122108582774175],[28.187602384268214,41.121945513830099],[28.187325711245538,41.121778266454918],[28.187053508239718,41.121606906258016],[28.186785883946907,41.121431500878778],[28.18652294346996,41.121252119986842],[28.18626479101351,41.121068834605246],[28.186011528087164,41.120881717110528],[28.185763256200488,41.120690841909614],[28.183710087448382,41.119081531394173]]},"properties":{"objectid_12":714,"objectid":8,"metin":"ERİŞME KONTROLLÜ KARAYOLU (OTOYOL)","durum_2016":"İNŞAAT","durum_2025":"MEVCUT","adi":"KUZEY MARMARA OTOYOLU (3. BOĞAZ KÖPRÜSÜ DAHİL)","shape_leng":58917.809104200001,"SHAPE__Length":24152.681127258904}},{"type":"Feature","id":715,"geometry":{"type":"LineString","coordinates":[[28.406039605160256,41.169419161063765],[28.385352674384777,41.167817347134921]]},"properties":{"objectid_12":715,"objectid":8,"metin":"ERİŞME KONTROLLÜ KARAYOLU (OTOYOL) - TÜNEL","durum_2016":"İNŞAAT","durum_2025":"MEVCUT","adi":"KUZEY MARMARA OTOYOLU (3. BOĞAZ KÖPRÜSÜ DAHİL)","shape_leng":58917.809104200001,"SHAPE__Length":2315.0090967917281}},{"type":"Feature","id":716,"geometry":{"type":"LineString","coordinates":[[28.411220976327957,41.169819767676387],[28.406039605160256,41.169419161063765]]},"properties":{"objectid_12":716,"objectid":8,"metin":"ERİŞME KONTROLLÜ KARAYOLU (OTOYOL)","durum_2016":"İNŞAAT","durum_2025":"MEVCUT","adi":"KUZEY MARMARA OTOYOLU (3. BOĞAZ KÖPRÜSÜ DAHİL)","shape_leng":58917.809104200001,"SHAPE__Length":579.82200883166684}},{"type":"Feature","id":717,"geometry":{"type":"LineString","coordinates":[[28.417759475514508,41.170515035840417],[28.414939300019977,41.17017682639564],[28.414394535580531,41.170113438091434],[28.413849012963006,41.170053858168778],[28.413302778879778,41.169998092047827],[28.412755880941525,41.169946144471808],[28.412208366758996,41.169898020183304],[28.411660282146279,41.16985372257183],[28.411220976327957,41.169819767676387]]},"properties":{"objectid_12":717,"objectid":8,"metin":"ERİŞME KONTROLLÜ KARAYOLU (OTOYOL) - TÜNEL","durum_2016":"İNŞAAT","durum_2025":"MEVCUT","adi":"KUZEY MARMARA OTOYOLU (3. BOĞAZ KÖPRÜSÜ DAHİL)","shape_leng":58917.809104200001,"SHAPE__Length":735.23889423355672}},{"type":"Feature","id":729,"geometry":{"type":"LineString","coordinates":[[29.061411915796153,41.091413233609892],[29.05682485564737,41.091193027147135],[29.056100828799742,41.091156542083233],[29.050159573631507,41.090792635467054],[29.04994665763779,41.090781455630015],[29.049733458674794,41.090773992700193],[29.049520087235251,41.090770248032776],[29.046163217765802,41.090740570977715],[29.046052062029155,41.090740554051848],[29.045940933241987,41.090742470055034],[29.041905702782358,41.090847104732276],[29.041577925501471,41.090858223625219],[29.04125053180125,41.090874583417808],[29.040923668107016,41.09089617462768],[29.040597480844188,41.090922990479307],[29.03767090888741,41.091187247356515],[29.037329196041544,41.091220609950334],[29.036988388697463,41.091258910089671],[29.036648612619349,41.091302132194244],[29.036309988181443,41.091350262713824],[29.033150982534778,41.091822918371697],[29.032732063083479,41.091888628719239],[29.032314813600323,41.091960159345412],[29.031899372425819,41.092037485181486],[29.031485883290415,41.09212058251142],[29.031074483636388,41.092209420170406],[29.02807798681787,41.0928790746987],[29.027728178354671,41.092959769609429],[29.027380292286161,41.093045084331933],[29.027034432816933,41.09313499515293],[29.026690705948212,41.09322947158816],[29.026349218579458,41.093328487214734],[29.024309477844206,41.093935435425706],[29.024207135478814,41.093966859727864],[29.024105713886616,41.093999952818415],[29.014405257189367,41.097220091707385]]},"properties":{"objectid_12":729,"objectid":5,"metin":"ERİŞME KONTROLLÜ KARAYOLU (OTOYOL)","durum_2016":"MEVCUT","durum_2025":"MEVCUT","adi":"MEVCUT OTOYOL","shape_leng":104646.444072,"SHAPE__Length":5399.811233251573}},{"type":"Feature","id":730,"geometry":{"type":"LineString","coordinates":[[29.014405257189367,41.097220091707385],[29.011227184800806,41.09827482901661]]},"properties":{"objectid_12":730,"objectid":5,"metin":"ERİŞME KONTROLLÜ KARAYOLU (OTOYOL) - TÜNEL","durum_2016":"MEVCUT","durum_2025":"MEVCUT","adi":"MEVCUT OTOYOL","shape_leng":104646.444072,"SHAPE__Length":386.57006439885458}},{"type":"Feature","id":731,"geometry":{"type":"LineString","coordinates":[[28.931682273690463,41.093742169239228],[28.921793484295566,41.096775039781299],[28.921462384146452,41.096874393287464],[28.921129341839713,41.096969988789958],[28.920794432833802,41.097061805996134],[28.920457732587217,41.097149823935943],[28.920119316558438,41.097234022992623],[28.916205111625462,41.098183299858491]]},"properties":{"objectid_12":731,"objectid":9,"metin":"ERİŞME KONTROLLÜ KARAYOLU (OTOYOL)","durum_2016":"İNŞAAT","durum_2025":"MEVCUT","adi":"KUZEY MARMARA OTOYOLU (3. BOĞAZ KÖPRÜSÜ DAHİL)","shape_leng":37220.286040200001,"SHAPE__Length":1844.5810032185559}},{"type":"Feature","id":732,"geometry":{"type":"LineString","coordinates":[[28.916205111625462,41.098183299858491],[28.892914272065141,41.103828482334819],[28.892534494007446,41.10392320602616],[28.892156883584505,41.104022726066432],[28.891781545899232,41.104127015358053],[28.891408586952828,41.104236042741213],[28.891038113644797,41.104349779085922],[28.890670230179769,41.10446819187684],[28.890305039863932,41.104591246567331],[28.889942646003604,41.1047189099638],[28.889583151904997,41.104851144133562],[28.889226658179428,41.104987913174092],[28.888873265438242,41.10512917779775],[28.888523074292713,41.105274898039376],[28.888176183557551,41.105425033256431],[28.887832690250782,41.105579540098354],[28.887492693187113,41.105738375213967],[28.887156286689606,41.105901493898116],[28.886823566878057,41.106068850091297],[28.886494628075525,41.106240396380031],[28.886169561910179,41.106416083996685],[28.885848461806823,41.106595863496601],[28.885531416698658,41.106779684081033],[28.885218517315501,41.106967493597431],[28.884909852590631,41.10715923921618],[28.88460550876226,41.107354866076982],[28.884305572068691,41.10755431999636],[28.884010126951534,41.107757543406535],[28.88371925785243,41.107964479416687],[28.883433046518039,41.108175069782298],[28.883151572898505,41.108389254228442],[28.880750801047178,41.110246210762249],[28.880413613015396,41.110503543775856],[28.880071868728471,41.110757441562605],[28.879725629271906,41.111007857461587],[28.879374959324327,41.11125474684227],[28.879019919971228,41.111498064397679],[28.878660575891271,41.111737768204804],[28.878296991763182,41.111973812956698],[28.877929233163947,41.112206157407321],[28.877557367467247,41.112434759633764],[28.877181460250075,41.112659577713067],[28.876801579784438,41.112880571752648],[28.876417794342224,41.113097701859708],[28.876030173992064,41.113310928818244]]},"properties":{"objectid_12":732,"objectid":9,"metin":"ERİŞME KONTROLLÜ KARAYOLU (OTOYOL) - TÜNEL","durum_2016":"İNŞAAT","durum_2025":"MEVCUT","adi":"KUZEY MARMARA OTOYOLU (3. BOĞAZ KÖPRÜSÜ DAHİL)","shape_leng":37220.286040200001,"SHAPE__Length":5092.5461321075818}},{"type":"Feature","id":735,"geometry":{"type":"LineString","coordinates":[[29.767299057751583,41.148055793399287],[29.76707032961226,41.148126753477285],[29.766843975720231,41.148201906733121],[29.766620130822798,41.148281206478003],[29.766398928768925,41.148364606022646],[29.766180503407575,41.148452055971426],[29.765964984096208,41.148543502869593],[29.765752500192168,41.148638892585531],[29.763843298142387,41.149519926243755],[29.763643928743171,41.149609921395381],[29.763442263250106,41.149696966533881],[29.763238377121649,41.149781028526242],[29.763032349409546,41.149862074915596],[29.761990557004879,41.150262174043846],[29.761739268575521,41.150355888477101],[29.761485114520386,41.15044511204183],[29.761228234976691,41.150529796054549],[29.760968773674865,41.150609892507262],[29.76070687434536,41.150685356773351],[29.760442683413547,41.150756146931229],[29.760176348203171,41.150822223763953],[29.759908016936212,41.15088355075958],[29.758936329954633,41.151096211894789],[29.758725979549396,41.151139635412406],[29.758513961870978,41.151178188074667],[29.758300475447076,41.151211833364158],[29.758085720602001,41.151240539497159],[29.757869899456672,41.151264279423806],[29.757653213233745,41.151283031504384],[29.757435866749049,41.151296778156627],[29.757218063021895,41.151305505855433],[29.757000005969818,41.151309206485969],[29.756781900408747,41.151307877343449],[29.756563952052822,41.151301519103889],[29.756346363921342,41.151290137177199],[29.75612934083016,41.151273743059697],[29.755913086696868,41.151252352304986],[29.755812045092007,41.151241169234027],[29.755143259244459,41.151167148389959],[29.755096353711913,41.151161956267536],[29.754847704532821,41.151131938540701],[29.754600169264702,41.151097092581395],[29.754353911400919,41.151057442732764],[29.75410909712981,41.151013014689717],[29.753865889046434,41.15096383820466],[29.753624449745818,41.15090994641114],[29.753384940026464,41.150851375147369],[29.753147520686756,41.15078816363291],[29.752912348931886,41.150720353115481],[29.752679583763676,41.150647990253589],[29.752449378794019,41.150571122381223],[29.752221888533168,41.150489801566671],[29.751997264796383,41.150404081230299],[29.751775657602284,41.150314018850537],[29.751557215172959,41.150219675287197],[29.751342082137146,41.150121112752458],[29.751130404021932,41.150018397516739],[29.739569651355623,41.144248693131104],[29.739335355458152,41.144134761412417],[29.739097391739403,41.144025225962594],[29.738855903929775,41.143920154452147],[29.738611040251325,41.143819611168638],[29.738362951620989,41.143723657016658],[29.738111788057427,41.14363235019438],[29.73785770407089,41.14354574822265],[29.7376008541716,41.143463902533355],[29.737341396463037,41.143386863204583],[29.737079488150389,41.143314678960571],[29.73681529093037,41.143247391759886],[29.736548964703125,41.143185044236525],[29.736280673860371,41.143127674288266],[29.736010580997164,41.143075317105769],[29.735738852301818,41.143028003819765],[29.735465653064349,41.142985764206948],[29.735191150371396,41.142948623307426],[29.734915513106273,41.14291660480712],[29.734638908355546,41.142889728332008],[29.734361505900861,41.142868009447703],[29.734083475523811,41.142851461689311],[29.733804986107632,41.142840095208115],[29.733526209230558,41.142833917448336],[29.73324731557252,41.142832931117368],[29.732968473118426,41.142837138244971],[29.732689855243169,41.142846535447653],[29.732411630830008,41.142861116634734],[29.73213396966052,41.14288087368481],[29.731857042414603,41.142905793739729],[29.731581017975564,41.142935861910836],[29.731306064328365,41.142971060602086],[29.73103235035623,41.143011366804544],[29.730760044044146,41.143056756831363],[29.730489310682149,41.143107202935916],[29.730220316458531,41.143162673311295],[29.729953224866659,41.143223135473193],[29.729688200298284,41.143288551524286],[29.729425403551804,41.143358881536827],[29.729164996324005,41.143434082876084],[29.728907138514938,41.143514108847704],[29.728651985533229,41.14359891140321],[29.725815078018197,41.14457323691515],[29.725589683526902,41.144648528186252],[29.725362262436288,41.144720281399586],[29.725132913561104,41.144788465448705],[29.724901735715996,41.144853050579997],[29.72466882681735,41.144914009745001],[29.724434289273066,41.144971315894942],[29.723456368881759,41.145201827319077],[29.723230520741232,41.145256934687289],[29.723006179973726,41.14531542774283],[29.722783434614211,41.145377284829692],[29.722562375392439,41.145442479555982],[29.722343089445076,41.145510986206027],[29.721561354823574,41.14576211982078]]},"properties":{"objectid_12":735,"objectid":-1,"metin":"BİRİNCİ DERECE YOL","durum_2016":"PROJE","durum_2025":"MEVCUT","adi":null,"shape_leng":null,"SHAPE__Length":5615.9255463968075}},{"type":"Feature","id":745,"geometry":{"type":"LineString","coordinates":[[29.711988089689093,41.148836964235635],[29.708610844632378,41.149921444565578],[29.708351415669881,41.150002037578723],[29.708089530713426,41.150077992273374],[29.707825336188368,41.150149267404032],[29.707558978520094,41.150215821724295],[29.707290606828963,41.150277619398388],[29.70702037113362,41.150334625266005],[29.706748422351048,41.15038680754791],[29.706474911398157,41.150434137169803],[29.706199992785244,41.150476587761823]]},"properties":{"objectid_12":745,"objectid":-1,"metin":"BİRİNCİ DERECE YOL","durum_2016":"PROJE","durum_2025":"MEVCUT","adi":null,"shape_leng":null,"SHAPE__Length":689.87733086253502}},{"type":"Feature","id":746,"geometry":{"type":"LineString","coordinates":[[29.721561354823574,41.14576211982078],[29.711988089689093,41.148836964235635]]},"properties":{"objectid_12":746,"objectid":-1,"metin":"BİRİNCİ DERECE YOL - TÜNEL","durum_2016":"PROJE","durum_2025":"MEVCUT","adi":null,"shape_leng":null,"SHAPE__Length":1158.5847601434059}},{"type":"Feature","id":747,"geometry":{"type":"LineString","coordinates":[[29.796630799899635,41.146020767977774],[29.796350176086356,41.146170790381888],[29.796075135302544,41.146314793302466],[29.79579629913669,41.146454595099733],[29.795513778979807,41.146590138301569],[29.795227690714658,41.14672136814157],[29.794938150223857,41.146848231882167],[29.794645274288403,41.146970678138224],[29.794349183282534,41.147088656200637],[29.794049995783908,41.147202119418367],[29.793747833963355,41.147311021139842],[29.793442820890114,41.147415316742197],[29.793135079633362,41.147514964984111],[29.792824735058883,41.147609925299932],[29.792511912930873,41.147700158476241],[29.792196740810063,41.147785628004499],[29.791879346257229,41.147866300081198],[29.791559858629824,41.147942140901797],[29.791238406386871,41.148013120719604],[29.790915120682403,41.14807920978707],[29.790590132670506,41.148140381737676],[29.790263574403482,41.14819661223332],[29.789935577933676,41.148247877611389],[29.789606277110074,41.148294157590321],[29.789275804883367,41.148335433240327],[29.788944296000803,41.14837168765996],[29.788611884311393,41.148402906652336],[29.788278704562398,41.148429077372263],[29.787944892399445,41.148450189002823],[29.787610583468133,41.148466233431634],[29.787275912515785,41.148477203221582],[29.786941016984603,41.148483094316624],[29.786606031621908,41.148483905365289],[29.786271092073264,41.148479634338415],[29.7858622301599,41.148471268157572]]},"properties":{"objectid_12":747,"objectid":-1,"metin":"BİRİNCİ DERECE YOL","durum_2016":"PROJE","durum_2025":"MEVCUT","adi":null,"shape_leng":null,"SHAPE__Length":1277.1415722949428}},{"type":"Feature","id":748,"geometry":{"type":"LineString","coordinates":[[29.773289684327828,41.147709727475664],[29.77313465756767,41.147684819392943],[29.772881340742394,41.147646667162007],[29.772626810293175,41.147613410352641],[29.772371233306639,41.147585071295055],[29.772114775971115,41.147561668259726],[29.771857607169881,41.147543216133812],[29.771599894887913,41.147529727773914],[29.771341808906779,41.147521211977015],[29.771083518109776,41.147517674156518],[29.770825191380155,41.1475191163426],[29.770566998499504,41.147525537858591],[29.770309109249439,41.147536934644208],[29.770051690716546,41.147553299255968],[29.769794913580789,41.147574620190618],[29.769538945827108,41.147600884590823],[29.76928395454215,41.147632074186511],[29.769030106812522,41.147668169353814],[29.768777569724897,41.147709146408921],[29.76852650767097,41.147754977608592],[29.76827708683907,41.147805633855413],[29.768029469824278,41.147861081316051],[29.767783818323302,41.147921284126802],[29.767540294931255,41.147986202364521],[29.767299057751583,41.148055793399287]]},"properties":{"objectid_12":748,"objectid":-1,"metin":"BİRİNCİ DERECE YOL - TÜNEL","durum_2016":"PROJE","durum_2025":"MEVCUT","adi":null,"shape_leng":null,"SHAPE__Length":679.06997636624476}},{"type":"Feature","id":749,"geometry":{"type":"LineString","coordinates":[[29.779042124403116,41.148331501099776],[29.777972233594674,41.148309538470308],[29.777701085211014,41.148301632923008],[29.777430247644421,41.148289061294797],[29.777159862828761,41.148271830347298],[29.776890071799485,41.148249948194199],[29.776621015592099,41.148223427683142],[29.776352835242115,41.14819228098451],[29.776085669988419,41.148156525679084],[29.775819660866489,41.148116180023294],[29.774514649507143,41.14790653089532],[29.773289684327828,41.147709727475664]]},"properties":{"objectid_12":749,"objectid":-1,"metin":"BİRİNCİ DERECE YOL","durum_2016":"PROJE","durum_2025":"MEVCUT","adi":null,"shape_leng":null,"SHAPE__Length":648.7717808647443}},{"type":"Feature","id":750,"geometry":{"type":"LineString","coordinates":[[29.7858622301599,41.148471268157572],[29.779042124403116,41.148331501099776]]},"properties":{"objectid_12":750,"objectid":-1,"metin":"BİRİNCİ DERECE YOL - TÜNEL","durum_2016":"PROJE","durum_2025":"MEVCUT","adi":null,"shape_leng":null,"SHAPE__Length":759.49181266546248}},{"type":"Feature","id":751,"geometry":{"type":"LineString","coordinates":[[28.954379705038676,41.003266887157999],[28.954532609978124,41.003323068164995],[28.954688438933822,41.003374471056418],[28.954846929597721,41.003421009746106],[28.955007814271859,41.003462605604334],[28.955170824359957,41.003499188813478],[28.955335684079209,41.003530697690245],[28.955502117646848,41.00355707936334],[28.955669843890171,41.003578289095479],[28.955838580738195,41.003594292317231],[28.956008046119909,41.003605061237188],[28.956211420208646,41.003614809870847],[28.956483531586297,41.003625479131848],[28.956755895390561,41.00363142050881],[28.957028368789274,41.003632630613509],[28.957300807153697,41.003629108768173],[28.957573064956737,41.00362085632797],[28.957845000264623,41.003607878036568],[28.958116467550219,41.003590181348464],[28.958387323083123,41.003567775072909],[28.958657423132834,41.003540670729983],[28.958926625765617,41.003508883228299],[28.959194788149286,41.003472428831522],[28.959461767451717,41.003431327869748],[28.95972742353576,41.003385601350288],[28.959991614467562,41.003335272991109],[28.960254201008254,41.003280370576917],[28.960526309690977,41.00322093206065],[28.960804458645644,41.003162930712215],[28.96108439704437,41.003110059926144],[28.961365958698817,41.003062350899938],[28.961648976522358,41.00301983279607],[28.961933283428301,41.002982530708131],[28.962218710533424,41.002950465661101],[28.962505087157776,41.002923658000704],[28.962792244418143,41.002902123325924],[28.963080011634574,41.002885873844818],[28.963368218127179,41.002874919730338],[28.9654937210226,41.002813715497339],[28.965722427602362,41.002805455497693],[28.965950879958907,41.0027938586842],[28.966178991853955,41.002778930478677],[28.966406678845878,41.002760674946444],[28.967577647191757,41.002658134596366],[28.967851697133806,41.002631684769419],[28.968124855048778,41.002600417487557],[28.968396971816304,41.002564350370342],[28.96866789921441,41.002523501714343],[28.968937490817702,41.002477894560641],[28.969205599302448,41.002427553983274]]},"properties":{"objectid_12":751,"objectid":27,"metin":"BİRİNCİ DERECE YOL","durum_2016":"MEVCUT","durum_2025":"MEVCUT","adi":" ","shape_leng":32574.876888999999,"SHAPE__Length":1674.2489443920654}},{"type":"Feature","id":752,"geometry":{"type":"LineString","coordinates":[[28.952555800720091,41.002462101907732],[28.952681856812326,41.002514427470842],[28.952806355225892,41.002568836304306],[28.954152794191181,41.00317228892095],[28.954265271349588,41.003220923925454],[28.954379705038676,41.003266887157999]]},"properties":{"objectid_12":752,"objectid":27,"metin":"BİRİNCİ DERECE YOL - TÜNEL","durum_2016":"MEVCUT","durum_2025":"MEVCUT","adi":" ","shape_leng":32574.876888999999,"SHAPE__Length":235.21514047366975}},{"type":"Feature","id":841,"geometry":{"type":"LineString","coordinates":[[28.610308515644466,41.026802526774055],[28.610243857605251,41.026830792597956],[28.610176091395175,41.026854556509555],[28.610105765884839,41.026873625371898],[28.610033452402792,41.026887845353293],[28.609959736650573,41.026897100571887],[28.609885216007857,41.026901315806114],[28.609810495040826,41.026900457850125],[28.609736179214011,41.026894532802871],[28.609662870398612,41.026883588779086],[28.609591164177704,41.026867714553731],[28.609521641761237,41.026847038884519],[28.609454865494595,41.026821729834317],[28.609391377960197,41.026791991382943],[28.60933169389271,41.026758066138051],[28.609276295687472,41.026720227880894],[28.609225634298699,41.026678784277124],[28.609065967740097,41.026536067470282],[28.608341383936967,41.025888387942047],[28.608230569560153,41.025793225805735],[28.608114754262164,41.025701515749638],[28.607994124892532,41.025613408238357],[28.607868879979009,41.025529045604351],[28.607739222540779,41.025448565436115],[28.607605364580287,41.025372099900622],[28.607467523489834,41.025299773709889],[28.607325925644851,41.025231704120991],[28.607180800115767,41.025168001613565],[28.607032384057778,41.025108771922866],[28.606880920016039,41.025054109940228],[28.606726655027256,41.025004105134791],[28.606569838823042,41.024958838842345],[28.606410729219942,41.024918386298637],[28.606249584034387,41.024882811895033],[28.606086667371088,41.024852173922632]]},"properties":{"objectid_12":841,"objectid":null,"metin":"BİRİNCİ DERECE YOL","durum_2016":"MEVCUT","durum_2025":"MEVCUT","adi":null,"shape_leng":null,"SHAPE__Length":584.77150907490102}},{"type":"Feature","id":842,"geometry":{"type":"LineString","coordinates":[[28.588552906786198,41.024656357716488],[28.590556429245851,41.024724001618779],[28.590753257311111,41.024728637173943],[28.59095017341129,41.024727367140287],[28.591146869424211,41.024720190839702],[28.591343035431109,41.02470712182447],[28.591538364208184,41.024688179744864],[28.591732548531553,41.024663394415086],[28.591925285669035,41.024632803780563],[28.59211627019338,41.024596457984067],[28.592305205660576,41.024554411910934],[28.5932118447341,41.02433777536411],[28.593353229678371,41.02430187398717],[28.593492829670144,41.024262168562323],[28.593630464148099,41.024218708556077],[28.593746054867282,41.024180357162408],[28.594027660539183,41.024090823049981],[28.594312781318763,41.024007915563715],[28.59460114681319,41.0239317146997],[28.594892481239594,41.023862292997485],[28.595186506120303,41.023799716217582],[28.595482942079222,41.023744044696763],[28.595781506147066,41.023695331992705],[28.59608191445615,41.023653623528425],[28.596383878647341,41.023618959302873],[28.596687112158026,41.023591371180189],[28.596991324832352,41.023570888311546],[28.597296229209476,41.023557528324325],[28.597601532438542,41.023551303421939],[28.597906943465496,41.023552221061351],[28.598212171236074,41.023560279209107],[28.599430046911163,41.023645599278254],[28.599711455852038,41.023668475165891],[28.599991856883133,41.023697605076826],[28.600271005662705,41.02373296189387],[28.600548662340636,41.023774516464968],[28.600824587964993,41.023822232858983],[28.601098541787287,41.023876069721638],[28.604355555428082,41.024554912741962],[28.606086667371088,41.024852173922632]]},"properties":{"objectid_12":842,"objectid":46,"metin":"BİRİNCİ DERECE YOL","durum_2016":"MEVCUT","durum_2025":"MEVCUT","adi":"MEVCUT OTOYOL","shape_leng":3535.47917727,"SHAPE__Length":1999.3957882549498}},{"type":"Feature","id":880,"geometry":{"type":"LineString","coordinates":[[29.273163223065193,41.03093242271963],[29.273140894540504,41.031059499380753],[29.273125412076563,41.031187153828853],[29.273116800826251,41.031315177345931],[29.273115076959218,41.031443357827428],[29.273120241373803,41.031571485880882],[29.273132285985117,41.031699350082675],[29.273151191928598,41.031826741043623],[29.273176926864846,41.031953448698651],[29.273209448573063,41.032079265694641],[29.273248704950994,41.032203984002599],[29.273294630421567,41.032327399660794],[29.273347149526337,41.032449309386536],[29.273406176027052,41.032569512609051],[29.273471612905585,41.032687812824854],[29.273543352364189,41.032804014209169],[29.273621277621835,41.032917926359566],[29.274025929131437,41.033480871913554],[29.274057251588761,41.033524447778795],[29.274108200438445,41.033600956024152],[29.27415263380734,41.033679741663455],[29.274190375625658,41.033760487562461],[29.27422127407819,41.033842872522705],[29.27424520519736,41.033926566537907],[29.274262074660093,41.034011233504962],[29.27427181329606,41.034096535967286],[29.274274382477792,41.034182131726531],[29.274269772323752,41.034267678586268],[29.274258000800256,41.034352835029374],[29.274239116416371,41.034437258862845],[29.274213192833898,41.034520613316388],[29.274180334257437,41.034602564331877],[29.274140673637653,41.034682784628657],[29.274094368179664,41.034760953026286],[29.274041602936528,41.034836756476764],[29.273982590808863,41.03490989141995],[29.273917565358737,41.034980065816029],[29.273846789792422,41.035046999145329],[29.273770544384377,41.035110422408223],[29.273689136358382,41.035170083545758],[29.273602890006281,41.035225742018433],[29.273512151179435,41.035277176259839],[29.273417282797197,41.035324180288399],[29.273386730196084,41.035338246661567],[29.273281536578011,41.035389339980796],[29.273179694574235,41.035444162106664],[29.273081435950157,41.035502586318337],[29.272986986182865,41.035564481829269],[29.272896559969741,41.035629705655843],[29.272810362126656,41.035698110071472],[29.27272859028297,41.035769539218443],[29.272651430389946,41.035843829785669],[29.272579057619087,41.035920813719322],[29.272511638158694,41.036000314157185],[29.272189374737025,41.036400885756095]]},"properties":{"objectid_12":880,"objectid":73,"metin":"BİRİNCİ DERECE YOL","durum_2016":"PROJE","durum_2025":"MEVCUT","adi":"MEVCUT OTOYOL","shape_leng":16631.011347700001,"SHAPE__Length":920.14048803756577}}]}